Timestamp_ms,RelativeTime_s,RPM,Boost_Specified_mbar,Boost_Actual_mbar,N75_Duty_pct,Driver_Wish_IQ_mg,Torque_Limit_IQ_mg,Smoke_Limit_IQ_mg,MAF_Actual_mg
1789375779237,2.541,1281,1091,1224,80.1,0.0,0.0,0.0,0.00
1789375782003,5.307,1281,1091,1224,80.1,0.0,0.0,0.0,0.00
1789375784925,8.229,1281,1091,1224,80.1,0.0,0.0,0.0,0.00
1789375787690,10.994,1281,1091,1224,80.1,0.0,0.0,0.0,0.00
1789375790454,13.758,1281,1091,1224,80.1,0.0,0.0,0.0,0.00
1789375793220,16.524,1281,1091,1224,80.1,0.0,0.0,0.0,0.00
1789375795924,19.228,1281,1091,1224,80.1,0.0,0.0,0.0,0.00
1789375798685,21.989,1281,1091,1224,80.1,0.0,0.0,0.0,0.00
1789375801509,24.813,1281,1091,1224,80.1,0.0,0.0,0.0,0.00
1789375804277,27.581,1281,1091,1224,80.1,0.0,0.0,0.0,0.00
1789375807030,30.334,1281,1091,1224,80.1,0.0,0.0,0.0,0.00
1789375809814,33.118,1281,1091,1224,80.1,0.0,0.0,0.0,0.00
1789375812693,35.997,1281,1091,1224,80.1,0.0,0.0,0.0,0.00
1789375815416,38.720,1281,1091,1224,80.1,0.0,0.0,0.0,0.00
1789375818266,41.570,1281,1091,1224,80.1,0.0,0.0,0.0,0.00
1789375821021,44.325,1281,1091,1224,80.1,0.0,0.0,0.0,0.00
1789375823888,47.192,1281,1091,1224,80.1,0.0,0.0,0.0,0.00
1789375826680,49.984,1281,1091,1224,80.1,0.0,0.0,0.0,0.00
1789375829511,52.815,1281,1091,1224,80.1,0.0,0.0,0.0,0.00
1789375832730,56.034,1281,1091,1224,80.1,0.0,0.0,0.0,0.00
1789375835422,58.726,1281,1091,1224,80.1,0.0,0.0,0.0,0.00
1789375838327,61.631,1281,1091,1224,80.1,0.0,0.0,0.0,0.00
1789375841173,64.477,1281,1091,1224,80.1,0.0,0.0,0.0,0.00
1789375841435,64.739,1281,1091,1224,80.1,0.0,0.0,0.0,0.00
1789375841712,65.016,1281,1091,1224,80.1,0.0,0.0,0.0,0.00
1789375842022,65.326,1281,1091,1224,80.1,0.0,0.0,0.0,0.00
1789375842279,65.583,1281,1091,1224,80.1,0.0,0.0,0.0,0.00
1789375842539,65.843,1281,1091,1224,80.1,0.0,0.0,0.0,0.00
1789375842742,66.046,1281,1091,1224,80.1,0.0,0.0,0.0,0.00
1789375842952,66.256,1281,1091,1224,80.1,0.0,0.0,0.0,0.00
1789375843172,66.476,1281,1091,1224,80.1,0.0,0.0,0.0,0.00
1789375843389,66.693,1281,1091,1224,80.1,0.0,0.0,0.0,0.00
1789375843671,66.975,1281,1091,1224,80.1,0.0,0.0,0.0,0.00
1789375843973,67.277,1281,1091,1224,80.1,0.0,0.0,0.0,0.00
1789375844203,67.507,1281,1091,1224,80.1,0.0,0.0,0.0,0.00
1789375844459,67.763,1281,1091,1224,80.1,0.0,0.0,0.0,0.00
1789375844735,68.039,1281,1091,1224,80.1,0.0,0.0,0.0,0.00
1789375844956,68.260,1281,1091,1224,80.1,0.0,0.0,0.0,0.00
1789375845183,68.487,1281,1091,1224,80.1,0.0,0.0,0.0,0.00
1789375845391,68.695,1281,1091,1224,80.1,0.0,0.0,0.0,0.00
1789375845736,69.040,1281,1091,1224,80.1,0.0,0.0,0.0,0.00
1789375845964,69.268,1281,1091,1224,80.1,0.0,0.0,0.0,0.00
1789375846235,69.539,1281,1091,1224,80.1,0.0,0.0,0.0,0.00
1789375846445,69.749,1281,1091,1224,80.1,0.0,0.0,0.0,0.00
1789375846656,69.960,1281,1091,1224,80.1,0.0,0.0,0.0,0.00
1789375846859,70.163,1281,1091,1224,80.1,0.0,0.0,0.0,0.00
1789375847060,70.364,1281,1091,1224,80.1,0.0,0.0,0.0,0.00
1789375847318,70.622,1281,1091,1224,80.1,0.0,0.0,0.0,0.00
1789375847696,71.000,1281,1091,1224,80.1,0.0,0.0,0.0,0.00
1789375847920,71.224,1281,1091,1224,80.1,0.0,0.0,0.0,0.00
1789375848158,71.462,1281,1091,1224,80.1,0.0,0.0,0.0,0.00
1789375848398,71.702,1281,1091,1224,80.1,0.0,0.0,0.0,0.00
1789375848639,71.943,1281,1091,1224,80.1,0.0,0.0,0.0,0.00
1789375848859,72.163,1281,1091,1224,80.1,0.0,0.0,0.0,0.00
1789375849164,72.468,1281,1091,1224,80.1,0.0,0.0,0.0,0.00
1789375849509,72.813,1281,1091,1224,80.1,0.0,0.0,0.0,0.00
1789375849746,73.050,1281,1091,1224,80.1,0.0,0.0,0.0,0.00
1789375849990,73.294,1281,1091,1224,80.1,0.0,0.0,0.0,0.00
1789375850216,73.520,1281,1091,1224,80.1,0.0,0.0,0.0,0.00
1789375850458,73.762,1281,1091,1224,80.1,0.0,0.0,0.0,0.00
1789375850689,73.993,1281,1091,1224,80.1,0.0,0.0,0.0,0.00
1789375853570,76.874,1281,1091,1224,80.1,0.0,0.0,0.0,0.00
1789375856465,79.769,1281,1091,1224,80.1,0.0,0.0,0.0,0.00
1789375859337,82.641,1281,1091,1224,80.1,0.0,0.0,0.0,0.00
1789375860571,83.875,1281,1091,1224,80.1,0.0,0.0,0.0,0.00
1789375860819,84.123,1281,1091,1224,80.1,0.0,0.0,0.0,0.00
1789375861124,84.428,1281,1091,1224,80.1,0.0,0.0,0.0,0.00
1789375861378,84.682,1281,1091,1224,80.1,0.0,0.0,0.0,0.00
1789375861606,84.910,1281,1091,1224,80.1,0.0,0.0,0.0,0.00
1789375861879,85.183,1281,1091,1224,80.1,0.0,0.0,0.0,0.00
1789375862166,85.470,1281,1091,1224,80.1,0.0,0.0,0.0,0.00
1789375862467,85.771,1281,1091,1224,80.1,0.0,0.0,0.0,0.00
1789375862819,86.123,1281,1091,1224,80.1,0.0,0.0,0.0,0.00
1789375863091,86.395,1281,1091,1224,80.1,0.0,0.0,0.0,0.00
1789375863287,86.591,1281,1091,1224,80.1,0.0,0.0,0.0,0.00
1789375863520,86.824,1281,1091,1224,80.1,0.0,0.0,0.0,0.00
1789375863747,87.051,1281,1091,1224,80.1,0.0,0.0,0.0,0.00
1789375863975,87.279,1281,1091,1224,80.1,0.0,0.0,0.0,0.00
1789375864394,87.698,1281,1091,1224,80.1,0.0,0.0,0.0,0.00
1789375864619,87.923,1281,1091,1224,80.1,0.0,0.0,0.0,0.00
1789375865174,88.478,1281,1091,1224,80.1,0.0,0.0,0.0,0.00
1789375866546,89.850,1281,1091,1224,80.1,0.0,0.0,0.0,0.00
1789375866901,90.205,1281,1091,1224,80.1,0.0,0.0,0.0,0.00
1789375867145,90.449,1281,1091,1224,80.1,0.0,0.0,0.0,0.00
1789375867349,90.653,1281,1091,1224,80.1,0.0,0.0,0.0,0.00
1789375867717,91.021,1281,1091,1224,80.1,0.0,0.0,0.0,0.00
1789375868344,91.648,1281,1091,1224,80.1,0.0,0.0,0.0,0.00
1789375869046,92.350,1281,1091,1224,80.1,0.0,0.0,0.0,0.00
1789375869309,92.613,1281,1091,1224,80.1,0.0,0.0,0.0,0.00
1789375869540,92.844,1281,1091,1224,80.1,0.0,0.0,0.0,0.00
1789375870232,93.536,1281,1091,1224,80.1,0.0,0.0,0.0,0.00
1789375870526,93.830,1281,1091,1224,80.1,0.0,0.0,0.0,0.00
1789375870797,94.101,1281,1091,1224,80.1,0.0,0.0,0.0,0.00
1789375871061,94.365,1281,1091,1224,80.1,0.0,0.0,0.0,0.00
1789375871851,95.155,1281,1091,1224,80.1,0.0,0.0,0.0,0.00
1789375872089,95.393,1281,1091,1224,80.1,0.0,0.0,0.0,0.00
1789375872314,95.618,1281,1091,1224,80.1,0.0,0.0,0.0,0.00
1789375873543,96.847,1281,1091,1224,80.1,0.0,0.0,0.0,0.00
1789375883750,107.054,1281,1091,1224,80.1,0.0,0.0,0.0,0.00
1789375889811,113.115,1281,1091,1224,80.1,0.0,0.0,0.0,0.00
1789375889872,113.176,1281,1091,1224,80.1,0.0,0.0,0.0,0.00
1789375889920,113.224,1281,1091,1224,80.1,0.0,0.0,0.0,0.00
1789375889981,113.285,1281,1091,1224,80.1,0.0,0.0,0.0,0.00
1789375890042,113.346,1281,1091,1224,80.1,0.0,0.0,0.0,0.00
1789375890088,113.392,1281,1091,1224,80.1,0.0,0.0,0.0,0.00
1789375890145,113.449,1281,1091,1224,80.1,0.0,0.0,0.0,0.00
1789375890201,113.505,1281,1091,1224,80.1,0.0,0.0,0.0,0.00
1789375890268,113.572,1281,1091,1224,80.1,0.0,0.0,0.0,0.00
1789375890336,113.640,1281,1091,1224,80.1,0.0,0.0,0.0,0.00
1789375890405,113.709,1281,1091,1224,80.1,0.0,0.0,0.0,0.00
1789375890475,113.779,1281,1091,1224,80.1,0.0,0.0,0.0,0.00
1789375890545,113.849,1281,1091,1224,80.1,0.0,0.0,0.0,0.00
1789375890605,113.909,1281,1091,1224,80.1,0.0,0.0,0.0,0.00
1789375890653,113.957,1281,1091,1224,80.1,0.0,0.0,0.0,0.00
1789375891909,115.213,1281,1091,1224,80.1,0.0,0.0,0.0,0.00
1789375891953,115.257,1281,1091,1224,80.1,0.0,0.0,0.0,0.00
1789375891995,115.299,1281,1091,1224,80.1,0.0,0.0,0.0,0.00
1789375892775,116.079,1281,1091,1224,80.1,0.0,0.0,0.0,0.00
1789375892820,116.124,1281,1091,1224,80.1,0.0,0.0,0.0,0.00
1789375892863,116.167,1281,1091,1224,80.1,0.0,0.0,0.0,0.00
1789375892907,116.211,1281,1091,1224,80.1,0.0,0.0,0.0,0.00
1789375892950,116.254,1281,1091,1224,80.1,0.0,0.0,0.0,0.00
1789375892994,116.298,1281,1091,1224,80.1,0.0,0.0,0.0,0.00
1789375893037,116.341,1281,1091,1224,80.1,0.0,0.0,0.0,0.00
1789375893080,116.384,1281,1091,1224,80.1,0.0,0.0,0.0,0.00
1789375893125,116.429,1281,1091,1224,80.1,0.0,0.0,0.0,0.00
1789375893180,116.484,1281,1091,1224,80.1,0.0,0.0,0.0,0.00
1789375893241,116.545,1281,1091,1224,80.1,0.0,0.0,0.0,0.00
1789375893308,116.612,1281,1091,1224,80.1,0.0,0.0,0.0,0.00
1789375893374,116.678,1281,1091,1224,80.1,0.0,0.0,0.0,0.00
1789375893433,116.737,1281,1091,1224,80.1,0.0,0.0,0.0,0.00
1789375894227,117.531,1281,1091,1224,80.1,0.0,0.0,0.0,0.00
1789375894283,117.587,1281,1091,1224,80.1,0.0,0.0,0.0,0.00
1789375894351,117.655,1281,1091,1224,80.1,0.0,0.0,0.0,0.00
1789375894421,117.725,1281,1091,1224,80.1,0.0,0.0,0.0,0.00
1789375894490,117.794,1281,1091,1224,80.1,0.0,0.0,0.0,0.00
1789375894557,117.861,1281,1091,1224,80.1,0.0,0.0,0.0,0.00
1789375894625,117.929,1281,1091,1224,80.1,0.0,0.0,0.0,0.00
1789375894689,117.993,1281,1091,1224,80.1,0.0,0.0,0.0,0.00
1789375894749,118.053,1281,1091,1224,80.1,0.0,0.0,0.0,0.00
1789375894812,118.116,1281,1091,1224,80.1,0.0,0.0,0.0,0.00
1789375894858,118.162,1281,1091,1224,80.1,0.0,0.0,0.0,0.00
1789375894921,118.225,1281,1091,1224,80.1,0.0,0.0,0.0,0.00
1789375894987,118.291,1281,1091,1224,80.1,0.0,0.0,0.0,0.00
1789375895048,118.352,1281,1091,1224,80.1,0.0,0.0,0.0,0.00
1789375895274,118.578,1281,1091,1224,80.1,0.0,0.0,0.0,0.00
1789375895336,118.640,1281,1091,1224,80.1,0.0,0.0,0.0,0.00
1789375895401,118.705,1281,1091,1224,80.1,0.0,0.0,0.0,0.00
1789375895450,118.754,1281,1091,1224,80.1,0.0,0.0,0.0,0.00
1789375895505,118.809,1281,1091,1224,80.1,0.0,0.0,0.0,0.00
1789375895567,118.871,1281,1091,1224,80.1,0.0,0.0,0.0,0.00
1789375895635,118.939,1281,1091,1224,80.1,0.0,0.0,0.0,0.00
1789375895705,119.009,1281,1091,1224,80.1,0.0,0.0,0.0,0.00
1789375895770,119.074,1281,1091,1224,80.1,0.0,0.0,0.0,0.00
1789375895838,119.142,1281,1091,1224,80.1,0.0,0.0,0.0,0.00
1789375895907,119.211,1281,1091,1224,80.1,0.0,0.0,0.0,0.00
1789375895970,119.274,1281,1091,1224,80.1,0.0,0.0,0.0,0.00
1789375896039,119.343,1281,1091,1224,80.1,0.0,0.0,0.0,0.00
1789375896108,119.412,1281,1091,1224,80.1,0.0,0.0,0.0,0.00
1789375896174,119.478,1281,1091,1224,80.1,0.0,0.0,0.0,0.00
1789375896240,119.544,1281,1091,1224,80.1,0.0,0.0,0.0,0.00
1789375896306,119.610,1281,1091,1224,80.1,0.0,0.0,0.0,0.00
1789375896373,119.677,1281,1091,1224,80.1,0.0,0.0,0.0,0.00
1789375896439,119.743,1281,1091,1224,80.1,0.0,0.0,0.0,0.00
1789375896503,119.807,1281,1091,1224,80.1,0.0,0.0,0.0,0.00
1789375896569,119.873,1281,1091,1224,80.1,0.0,0.0,0.0,0.00
1789375896631,119.935,1281,1091,1224,80.1,0.0,0.0,0.0,0.00
1789375896697,120.001,1281,1091,1224,80.1,0.0,0.0,0.0,0.00
1789375896761,120.065,1281,1091,1224,80.1,0.0,0.0,0.0,0.00
1789375896828,120.132,1281,1091,1224,80.1,0.0,0.0,0.0,0.00
1789375896887,120.191,1281,1091,1224,80.1,0.0,0.0,0.0,0.00
1789375897698,121.002,1281,1091,1224,80.1,0.0,0.0,0.0,0.00
1789375897739,121.043,1281,1091,1224,80.1,0.0,0.0,0.0,0.00
1789375897790,121.094,1281,1091,1224,80.1,0.0,0.0,0.0,0.00
1789375897846,121.150,1281,1091,1224,80.1,0.0,0.0,0.0,0.00
1789375897905,121.209,1281,1091,1224,80.1,0.0,0.0,0.0,0.00
1789375897969,121.273,1281,1091,1224,80.1,0.0,0.0,0.0,0.00
1789375898035,121.339,1281,1091,1224,80.1,0.0,0.0,0.0,0.00
1789375898086,121.390,1281,1091,1224,80.1,0.0,0.0,0.0,0.00
1789375898149,121.453,1281,1091,1224,80.1,0.0,0.0,0.0,0.00
1789375898210,121.514,1281,1091,1224,80.1,0.0,0.0,0.0,0.00
1789375898276,121.580,1281,1091,1224,80.1,0.0,0.0,0.0,0.00
1789375898333,121.637,1281,1091,1224,80.1,0.0,0.0,0.0,0.00
1789375898395,121.699,1281,1091,1224,80.1,0.0,0.0,0.0,0.00
1789375898460,121.764,1281,1091,1224,80.1,0.0,0.0,0.0,0.00
1789375898526,121.830,1281,1091,1224,80.1,0.0,0.0,0.0,0.00
1789375898591,121.895,1281,1091,1224,80.1,0.0,0.0,0.0,0.00
1789375898658,121.962,1281,1091,1224,80.1,0.0,0.0,0.0,0.00
1789375898722,122.026,1281,1091,1224,80.1,0.0,0.0,0.0,0.00
1789375898784,122.088,1281,1091,1224,80.1,0.0,0.0,0.0,0.00
1789375898847,122.151,1281,1091,1224,80.1,0.0,0.0,0.0,0.00
1789375898918,122.222,1281,1091,1224,80.1,0.0,0.0,0.0,0.00
1789375898984,122.288,1281,1091,1224,80.1,0.0,0.0,0.0,0.00
1789375899050,122.354,1281,1091,1224,80.1,0.0,0.0,0.0,0.00
1789375899115,122.419,1281,1091,1224,80.1,0.0,0.0,0.0,0.00
1789375899180,122.484,1281,1091,1224,80.1,0.0,0.0,0.0,0.00
1789375899244,122.548,1281,1091,1224,80.1,0.0,0.0,0.0,0.00
1789375899309,122.613,1281,1091,1224,80.1,0.0,0.0,0.0,0.00
1789375899372,122.676,1281,1091,1224,80.1,0.0,0.0,0.0,0.00
1789375899437,122.741,1281,1091,1224,80.1,0.0,0.0,0.0,0.00
1789375899497,122.801,1281,1091,1224,80.1,0.0,0.0,0.0,0.00
1789375899561,122.865,1281,1091,1224,80.1,0.0,0.0,0.0,0.00
1789375899628,122.932,1281,1091,1224,80.1,0.0,0.0,0.0,0.00
1789375899674,122.978,1281,1091,1224,80.1,0.0,0.0,0.0,0.00
1789375899732,123.036,1281,1091,1224,80.1,0.0,0.0,0.0,0.00
1789375899801,123.105,1281,1091,1224,80.1,0.0,0.0,0.0,0.00
1789375899865,123.169,1281,1091,1224,80.1,0.0,0.0,0.0,0.00
1789375899933,123.237,1281,1091,1224,80.1,0.0,0.0,0.0,0.00
1789375899999,123.303,1281,1091,1224,80.1,0.0,0.0,0.0,0.00
1789375900060,123.364,1281,1091,1224,80.1,0.0,0.0,0.0,0.00
1789375900124,123.428,1281,1091,1224,80.1,0.0,0.0,0.0,0.00
1789375900192,123.496,1281,1091,1224,80.1,0.0,0.0,0.0,0.00
1789375900258,123.562,1281,1091,1224,80.1,0.0,0.0,0.0,0.00
1789375900321,123.625,1281,1091,1224,80.1,0.0,0.0,0.0,0.00
1789375900385,123.689,1281,1091,1224,80.1,0.0,0.0,0.0,0.00
1789375900447,123.751,1281,1091,1224,80.1,0.0,0.0,0.0,0.00
1789375900512,123.816,1281,1091,1224,80.1,0.0,0.0,0.0,0.00
1789375900575,123.879,1281,1091,1224,80.1,0.0,0.0,0.0,0.00
1789375900641,123.945,1281,1091,1224,80.1,0.0,0.0,0.0,0.00
1789375900699,124.003,1281,1091,1224,80.1,0.0,0.0,0.0,0.00
1789375900764,124.068,1281,1091,1224,80.1,0.0,0.0,0.0,0.00
1789375900828,124.132,1281,1091,1224,80.1,0.0,0.0,0.0,0.00
1789375900894,124.198,1281,1091,1224,80.1,0.0,0.0,0.0,0.00
1789375900940,124.244,1281,1091,1224,80.1,0.0,0.0,0.0,0.00
1789375901725,125.029,1281,1091,1224,80.1,0.0,0.0,0.0,0.00
1789375901766,125.070,1281,1091,1224,80.1,0.0,0.0,0.0,0.00
1789375901807,125.111,1281,1091,1224,80.1,0.0,0.0,0.0,0.00
1789375901854,125.158,1281,1091,1224,80.1,0.0,0.0,0.0,0.00
1789375901905,125.209,1281,1091,1224,80.1,0.0,0.0,0.0,0.00
1789375901952,125.256,1281,1091,1224,80.1,0.0,0.0,0.0,0.00
1789375902015,125.319,1281,1091,1224,80.1,0.0,0.0,0.0,0.00
1789375902072,125.376,1281,1091,1224,80.1,0.0,0.0,0.0,0.00
1789375902134,125.438,1281,1091,1224,80.1,0.0,0.0,0.0,0.00
1789375902197,125.501,1281,1091,1224,80.1,0.0,0.0,0.0,0.00
1789375902262,125.566,1281,1091,1224,80.1,0.0,0.0,0.0,0.00
1789375902326,125.630,1281,1091,1224,80.1,0.0,0.0,0.0,0.00
1789375902386,125.690,1281,1091,1224,80.1,0.0,0.0,0.0,0.00
1789375902449,125.753,1281,1091,1224,80.1,0.0,0.0,0.0,0.00
1789375902505,125.809,1281,1091,1224,80.1,0.0,0.0,0.0,0.00
1789375902557,125.861,1281,1091,1224,80.1,0.0,0.0,0.0,0.00
1789375902610,125.914,1281,1091,1224,80.1,0.0,0.0,0.0,0.00
1789375902654,125.958,1281,1091,1224,80.1,0.0,0.0,0.0,0.00
1789375902706,126.010,1281,1091,1224,80.1,0.0,0.0,0.0,0.00
1789375902761,126.065,1281,1091,1224,80.1,0.0,0.0,0.0,0.00
1789375902824,126.128,1281,1091,1224,80.1,0.0,0.0,0.0,0.00
1789375902888,126.192,1281,1091,1224,80.1,0.0,0.0,0.0,0.00
1789375902952,126.256,1281,1091,1224,80.1,0.0,0.0,0.0,0.00
1789375903019,126.323,1281,1091,1224,80.1,0.0,0.0,0.0,0.00
1789375903085,126.389,1281,1091,1224,80.1,0.0,0.0,0.0,0.00
1789375903149,126.453,1281,1091,1224,80.1,0.0,0.0,0.0,0.00
1789375903216,126.520,1281,1091,1224,80.1,0.0,0.0,0.0,0.00
1789375903281,126.585,1281,1091,1224,80.1,0.0,0.0,0.0,0.00
1789375903348,126.652,1281,1091,1224,80.1,0.0,0.0,0.0,0.00
1789375903413,126.717,1281,1091,1224,80.1,0.0,0.0,0.0,0.00
1789375903477,126.781,1281,1091,1224,80.1,0.0,0.0,0.0,0.00
1789375903540,126.844,1281,1091,1224,80.1,0.0,0.0,0.0,0.00
1789375903600,126.904,1281,1091,1224,80.1,0.0,0.0,0.0,0.00
1789375903663,126.967,1281,1091,1224,80.1,0.0,0.0,0.0,0.00
1789375903727,127.031,1281,1091,1224,80.1,0.0,0.0,0.0,0.00
1789375903782,127.086,1281,1091,1224,80.1,0.0,0.0,0.0,0.00
1789375903847,127.151,1281,1091,1224,80.1,0.0,0.0,0.0,0.00
1789375903911,127.215,1281,1091,1224,80.1,0.0,0.0,0.0,0.00
1789375903976,127.280,1281,1091,1224,80.1,0.0,0.0,0.0,0.00
1789375904039,127.343,1281,1091,1224,80.1,0.0,0.0,0.0,0.00
1789375904102,127.406,1281,1091,1224,80.1,0.0,0.0,0.0,0.00
1789375904169,127.473,1281,1091,1224,80.1,0.0,0.0,0.0,0.00
1789375904231,127.535,1281,1091,1224,80.1,0.0,0.0,0.0,0.00
1789375904293,127.597,1281,1091,1224,80.1,0.0,0.0,0.0,0.00
1789375904357,127.661,1281,1091,1224,80.1,0.0,0.0,0.0,0.00
1789375904417,127.721,1281,1091,1224,80.1,0.0,0.0,0.0,0.00
1789375904480,127.784,1281,1091,1224,80.1,0.0,0.0,0.0,0.00
1789375904544,127.848,1281,1091,1224,80.1,0.0,0.0,0.0,0.00
1789375904607,127.911,1281,1091,1224,80.1,0.0,0.0,0.0,0.00
1789375904671,127.975,1281,1091,1224,80.1,0.0,0.0,0.0,0.00
1789375904727,128.031,1281,1091,1224,80.1,0.0,0.0,0.0,0.00
1789375904788,128.092,1281,1091,1224,80.1,0.0,0.0,0.0,0.00
1789375904834,128.138,1281,1091,1224,80.1,0.0,0.0,0.0,0.00
1789375904879,128.183,1281,1091,1224,80.1,0.0,0.0,0.0,0.00
1789375904936,128.240,1281,1091,1224,80.1,0.0,0.0,0.0,0.00
1789375905000,128.304,1281,1091,1224,80.1,0.0,0.0,0.0,0.00
1789375905065,128.369,1281,1091,1224,80.1,0.0,0.0,0.0,0.00
1789375905128,128.432,1281,1091,1224,80.1,0.0,0.0,0.0,0.00
1789375905189,128.493,1281,1091,1224,80.1,0.0,0.0,0.0,0.00
1789375905250,128.554,1281,1091,1224,80.1,0.0,0.0,0.0,0.00
1789375905308,128.612,1281,1091,1224,80.1,0.0,0.0,0.0,0.00
1789375905368,128.672,1281,1091,1224,80.1,0.0,0.0,0.0,0.00
1789375905425,128.729,1281,1091,1224,80.1,0.0,0.0,0.0,0.00
1789375905484,128.788,1281,1091,1224,80.1,0.0,0.0,0.0,0.00
1789375905548,128.852,1281,1091,1224,80.1,0.0,0.0,0.0,0.00
1789375905610,128.914,1281,1091,1224,80.1,0.0,0.0,0.0,0.00
1789375905672,128.976,1281,1091,1224,80.1,0.0,0.0,0.0,0.00
1789375905736,129.040,1281,1091,1224,80.1,0.0,0.0,0.0,0.00
1789375905799,129.103,1281,1091,1224,80.1,0.0,0.0,0.0,0.00
1789375905861,129.165,1281,1091,1224,80.1,0.0,0.0,0.0,0.00
1789375905924,129.228,1281,1091,1224,80.1,0.0,0.0,0.0,0.00
1789375905987,129.291,1281,1091,1224,80.1,0.0,0.0,0.0,0.00
1789375906049,129.353,1281,1091,1224,80.1,0.0,0.0,0.0,0.00
1789375906114,129.418,1281,1091,1224,80.1,0.0,0.0,0.0,0.00
1789375906175,129.479,1281,1091,1224,80.1,0.0,0.0,0.0,0.00
1789375906237,129.541,1281,1091,1224,80.1,0.0,0.0,0.0,0.00
1789375906299,129.603,1281,1091,1224,80.1,0.0,0.0,0.0,0.00
1789375906362,129.666,1281,1091,1224,80.1,0.0,0.0,0.0,0.00
1789375906423,129.727,1281,1091,1224,80.1,0.0,0.0,0.0,0.00
1789375906487,129.791,1281,1091,1224,80.1,0.0,0.0,0.0,0.00
1789375906550,129.854,1281,1091,1224,80.1,0.0,0.0,0.0,0.00
1789375906615,129.919,1281,1091,1224,80.1,0.0,0.0,0.0,0.00
1789375906680,129.984,1281,1091,1224,80.1,0.0,0.0,0.0,0.00
1789375906736,130.040,1281,1091,1224,80.1,0.0,0.0,0.0,0.00
1789375906796,130.100,1281,1091,1224,80.1,0.0,0.0,0.0,0.00
1789375906858,130.162,1281,1091,1224,80.1,0.0,0.0,0.0,0.00
1789375906922,130.226,1281,1091,1224,80.1,0.0,0.0,0.0,0.00
1789375906986,130.290,1281,1091,1224,80.1,0.0,0.0,0.0,0.00
1789375907048,130.352,1281,1091,1224,80.1,0.0,0.0,0.0,0.00
1789375907113,130.417,1281,1091,1224,80.1,0.0,0.0,0.0,0.00
1789375907177,130.481,1281,1091,1224,80.1,0.0,0.0,0.0,0.00
1789375907241,130.545,1281,1091,1224,80.1,0.0,0.0,0.0,0.00
1789375907305,130.609,1281,1091,1224,80.1,0.0,0.0,0.0,0.00
1789375907371,130.675,1281,1091,1224,80.1,0.0,0.0,0.0,0.00
1789375907435,130.739,1281,1091,1224,80.1,0.0,0.0,0.0,0.00
1789375907496,130.800,1281,1091,1224,80.1,0.0,0.0,0.0,0.00
1789375907559,130.863,1281,1091,1224,80.1,0.0,0.0,0.0,0.00
1789375907621,130.925,1281,1091,1224,80.1,0.0,0.0,0.0,0.00
1789375907683,130.987,1281,1091,1224,80.1,0.0,0.0,0.0,0.00
1789375907742,131.046,1281,1091,1224,80.1,0.0,0.0,0.0,0.00
1789375907799,131.103,1281,1091,1224,80.1,0.0,0.0,0.0,0.00
1789375907857,131.161,1281,1091,1224,80.1,0.0,0.0,0.0,0.00
1789375907919,131.223,1281,1091,1224,80.1,0.0,0.0,0.0,0.00
1789375907984,131.288,1281,1091,1224,80.1,0.0,0.0,0.0,0.00
1789375908044,131.348,1281,1091,1224,80.1,0.0,0.0,0.0,0.00
1789375908103,131.407,1281,1091,1224,80.1,0.0,0.0,0.0,0.00
1789375908150,131.454,1281,1091,1224,80.1,0.0,0.0,0.0,0.00
1789375908928,132.232,1281,1091,1224,80.1,0.0,0.0,0.0,0.00
1789375908972,132.276,1281,1091,1224,80.1,0.0,0.0,0.0,0.00
1789375909025,132.329,1281,1091,1224,80.1,0.0,0.0,0.0,0.00
1789375909079,132.383,1281,1091,1224,80.1,0.0,0.0,0.0,0.00
1789375909140,132.444,1281,1091,1224,80.1,0.0,0.0,0.0,0.00
1789375909202,132.506,1281,1091,1224,80.1,0.0,0.0,0.0,0.00
1789375909268,132.572,1281,1091,1224,80.1,0.0,0.0,0.0,0.00
1789375909330,132.634,1281,1091,1224,80.1,0.0,0.0,0.0,0.00
1789375909393,132.697,1281,1091,1224,80.1,0.0,0.0,0.0,0.00
1789375909457,132.761,1281,1091,1224,80.1,0.0,0.0,0.0,0.00
1789375909517,132.821,1281,1091,1224,80.1,0.0,0.0,0.0,0.00
1789375909578,132.882,1281,1091,1224,80.1,0.0,0.0,0.0,0.00
1789375909642,132.946,1281,1091,1224,80.1,0.0,0.0,0.0,0.00
1789375909707,133.011,1281,1091,1224,80.1,0.0,0.0,0.0,0.00
1789375909773,133.077,1281,1091,1224,80.1,0.0,0.0,0.0,0.00
1789375909838,133.142,1281,1091,1224,80.1,0.0,0.0,0.0,0.00
1789375909902,133.206,1281,1091,1224,80.1,0.0,0.0,0.0,0.00
1789375909966,133.270,1281,1091,1224,80.1,0.0,0.0,0.0,0.00
1789375910029,133.333,1281,1091,1224,80.1,0.0,0.0,0.0,0.00
1789375910091,133.395,1281,1091,1224,80.1,0.0,0.0,0.0,0.00
1789375910154,133.458,1281,1091,1224,80.1,0.0,0.0,0.0,0.00
1789375910215,133.519,1281,1091,1224,80.1,0.0,0.0,0.0,0.00
1789375910275,133.579,1281,1091,1224,80.1,0.0,0.0,0.0,0.00
1789375910337,133.641,1281,1091,1224,80.1,0.0,0.0,0.0,0.00
1789375910394,133.698,1281,1091,1224,80.1,0.0,0.0,0.0,0.00
1789375910451,133.755,1281,1091,1224,80.1,0.0,0.0,0.0,0.00
1789375910508,133.812,1281,1091,1224,80.1,0.0,0.0,0.0,0.00
1789375910566,133.870,1281,1091,1224,80.1,0.0,0.0,0.0,0.00
1789375910632,133.936,1281,1091,1224,80.1,0.0,0.0,0.0,0.00
1789375910696,134.000,1281,1091,1224,80.1,0.0,0.0,0.0,0.00
1789375910758,134.062,1281,1091,1224,80.1,0.0,0.0,0.0,0.00
1789375910811,134.115,1281,1091,1224,80.1,0.0,0.0,0.0,0.00
1789375910871,134.175,1281,1091,1224,80.1,0.0,0.0,0.0,0.00
1789375910931,134.235,1281,1091,1224,80.1,0.0,0.0,0.0,0.00
1789375910990,134.294,1281,1091,1224,80.1,0.0,0.0,0.0,0.00
1789375911049,134.353,1281,1091,1224,80.1,0.0,0.0,0.0,0.00
1789375911110,134.414,1281,1091,1224,80.1,0.0,0.0,0.0,0.00
1789375911171,134.475,1281,1091,1224,80.1,0.0,0.0,0.0,0.00
1789375911229,134.533,1281,1091,1224,80.1,0.0,0.0,0.0,0.00
1789375911281,134.585,1281,1091,1224,80.1,0.0,0.0,0.0,0.00
1789375911329,134.633,1281,1091,1224,80.1,0.0,0.0,0.0,0.00
1789375911372,134.676,1281,1091,1224,80.1,0.0,0.0,0.0,0.00
1789375911418,134.722,1281,1091,1224,80.1,0.0,0.0,0.0,0.00
1789375911460,134.764,1281,1091,1224,80.1,0.0,0.0,0.0,0.00
1789375911503,134.807,1281,1091,1224,80.1,0.0,0.0,0.0,0.00
1789375911547,134.851,1281,1091,1224,80.1,0.0,0.0,0.0,0.00
1789375911594,134.898,1281,1091,1224,80.1,0.0,0.0,0.0,0.00
1789375911641,134.945,1281,1091,1224,80.1,0.0,0.0,0.0,0.00
1789375911690,134.994,1281,1091,1224,80.1,0.0,0.0,0.0,0.00
1789375911742,135.046,1281,1091,1224,80.1,0.0,0.0,0.0,0.00
1789375911789,135.093,1281,1091,1224,80.1,0.0,0.0,0.0,0.00
1789375911835,135.139,1281,1091,1224,80.1,0.0,0.0,0.0,0.00
1789375911882,135.186,1281,1091,1224,80.1,0.0,0.0,0.0,0.00
1789375911933,135.237,1281,1091,1224,80.1,0.0,0.0,0.0,0.00
1789375911981,135.285,1281,1091,1224,80.1,0.0,0.0,0.0,0.00
1789375912030,135.334,1281,1091,1224,80.1,0.0,0.0,0.0,0.00
1789375912082,135.386,1281,1091,1224,80.1,0.0,0.0,0.0,0.00
1789375912130,135.434,1281,1091,1224,80.1,0.0,0.0,0.0,0.00
1789375912176,135.480,1281,1091,1224,80.1,0.0,0.0,0.0,0.00
1789375912219,135.523,1281,1091,1224,80.1,0.0,0.0,0.0,0.00
1789375912264,135.568,1281,1091,1224,80.1,0.0,0.0,0.0,0.00
1789375912313,135.617,1281,1091,1224,80.1,0.0,0.0,0.0,0.00
1789375912360,135.664,1281,1091,1224,80.1,0.0,0.0,0.0,0.00
1789375912408,135.712,1281,1091,1224,80.1,0.0,0.0,0.0,0.00
1789375912458,135.762,1281,1091,1224,80.1,0.0,0.0,0.0,0.00
1789375912512,135.816,1281,1091,1224,80.1,0.0,0.0,0.0,0.00
1789375912566,135.870,1281,1091,1224,80.1,0.0,0.0,0.0,0.00
1789375912622,135.926,1281,1091,1224,80.1,0.0,0.0,0.0,0.00
1789375912673,135.977,1281,1091,1224,80.1,0.0,0.0,0.0,0.00
1789375912722,136.026,1281,1091,1224,80.1,0.0,0.0,0.0,0.00
1789375912763,136.067,1281,1091,1224,80.1,0.0,0.0,0.0,0.00
1789375912806,136.110,1281,1091,1224,80.1,0.0,0.0,0.0,0.00
1789375912853,136.157,1281,1091,1224,80.1,0.0,0.0,0.0,0.00
1789375912909,136.213,1281,1091,1224,80.1,0.0,0.0,0.0,0.00
1789375912959,136.263,1281,1091,1224,80.1,0.0,0.0,0.0,0.00
1789375913005,136.309,1281,1091,1224,80.1,0.0,0.0,0.0,0.00
1789375913064,136.368,1281,1091,1224,80.1,0.0,0.0,0.0,0.00
1789375913118,136.422,1281,1091,1224,80.1,0.0,0.0,0.0,0.00
1789375913166,136.470,1281,1091,1224,80.1,0.0,0.0,0.0,0.00
1789375913215,136.519,1281,1091,1224,80.1,0.0,0.0,0.0,0.00
1789375913263,136.567,1281,1091,1224,80.1,0.0,0.0,0.0,0.00
1789375913312,136.616,1281,1091,1224,80.1,0.0,0.0,0.0,0.00
1789375913361,136.665,1281,1091,1224,80.1,0.0,0.0,0.0,0.00
1789375913411,136.715,1281,1091,1224,80.1,0.0,0.0,0.0,0.00
1789375913460,136.764,1281,1091,1224,80.1,0.0,0.0,0.0,0.00
1789375913508,136.812,1281,1091,1224,80.1,0.0,0.0,0.0,0.00
1789375913555,136.859,1281,1091,1224,80.1,0.0,0.0,0.0,0.00
1789375913601,136.905,1281,1091,1224,80.1,0.0,0.0,0.0,0.00
1789375913649,136.953,1281,1091,1224,80.1,0.0,0.0,0.0,0.00
1789375913695,136.999,1281,1091,1224,80.1,0.0,0.0,0.0,0.00
1789375913741,137.045,1281,1091,1224,80.1,0.0,0.0,0.0,0.00
1789375913785,137.089,1281,1091,1224,80.1,0.0,0.0,0.0,0.00
1789375913830,137.134,1281,1091,1224,80.1,0.0,0.0,0.0,0.00
1789375913876,137.180,1281,1091,1224,80.1,0.0,0.0,0.0,0.00
1789375913925,137.229,1281,1091,1224,80.1,0.0,0.0,0.0,0.00
1789375913972,137.276,1281,1091,1224,80.1,0.0,0.0,0.0,0.00
1789375914022,137.326,1281,1091,1224,80.1,0.0,0.0,0.0,0.00
1789375914068,137.372,1281,1091,1224,80.1,0.0,0.0,0.0,0.00
1789375914113,137.417,1281,1091,1224,80.1,0.0,0.0,0.0,0.00
1789375914161,137.465,1281,1091,1224,80.1,0.0,0.0,0.0,0.00
1789375914219,137.523,1281,1091,1224,80.1,0.0,0.0,0.0,0.00
1789375914265,137.569,1281,1091,1224,80.1,0.0,0.0,0.0,0.00
1789375914318,137.622,1281,1091,1224,80.1,0.0,0.0,0.0,0.00
1789375914370,137.674,1281,1091,1224,80.1,0.0,0.0,0.0,0.00
1789375914416,137.720,1281,1091,1224,80.1,0.0,0.0,0.0,0.00
1789375914458,137.762,1281,1091,1224,80.1,0.0,0.0,0.0,0.00
1789375914503,137.807,1281,1091,1224,80.1,0.0,0.0,0.0,0.00
1789375914549,137.853,1281,1091,1224,80.1,0.0,0.0,0.0,0.00
1789375914596,137.900,1281,1091,1224,80.1,0.0,0.0,0.0,0.00
1789375914643,137.947,1281,1091,1224,80.1,0.0,0.0,0.0,0.00
1789375914690,137.994,1281,1091,1224,80.1,0.0,0.0,0.0,0.00
1789375914737,138.041,1281,1091,1224,80.1,0.0,0.0,0.0,0.00
1789375914784,138.088,1281,1091,1224,80.1,0.0,0.0,0.0,0.00
1789375914832,138.136,1281,1091,1224,80.1,0.0,0.0,0.0,0.00
1789375914879,138.183,1281,1091,1224,80.1,0.0,0.0,0.0,0.00
1789375914928,138.232,1281,1091,1224,80.1,0.0,0.0,0.0,0.00
1789375914980,138.284,1281,1091,1224,80.1,0.0,0.0,0.0,0.00
1789375915028,138.332,1281,1091,1224,80.1,0.0,0.0,0.0,0.00
1789375915078,138.382,1281,1091,1224,80.1,0.0,0.0,0.0,0.00
1789375915127,138.431,1281,1091,1224,80.1,0.0,0.0,0.0,0.00
1789375915172,138.476,1281,1091,1224,80.1,0.0,0.0,0.0,0.00
1789375915219,138.523,1281,1091,1224,80.1,0.0,0.0,0.0,0.00
1789375915268,138.572,1281,1091,1224,80.1,0.0,0.0,0.0,0.00
1789375915317,138.621,1281,1091,1224,80.1,0.0,0.0,0.0,0.00
1789375915364,138.668,1281,1091,1224,80.1,0.0,0.0,0.0,0.00
1789375915413,138.717,1281,1091,1224,80.1,0.0,0.0,0.0,0.00
1789375915461,138.765,1281,1091,1224,80.1,0.0,0.0,0.0,0.00
1789375915507,138.811,1281,1091,1224,80.1,0.0,0.0,0.0,0.00
1789375915554,138.858,1281,1091,1224,80.1,0.0,0.0,0.0,0.00
1789375915603,138.907,1281,1091,1224,80.1,0.0,0.0,0.0,0.00
1789375915650,138.954,1281,1091,1224,80.1,0.0,0.0,0.0,0.00
1789375915700,139.004,1281,1091,1224,80.1,0.0,0.0,0.0,0.00
1789375915749,139.053,1281,1091,1224,80.1,0.0,0.0,0.0,0.00
1789375915797,139.101,1281,1091,1224,80.1,0.0,0.0,0.0,0.00
1789375915846,139.150,1281,1091,1224,80.1,0.0,0.0,0.0,0.00
1789375915894,139.198,1281,1091,1224,80.1,0.0,0.0,0.0,0.00
1789375915940,139.244,1281,1091,1224,80.1,0.0,0.0,0.0,0.00
1789375915990,139.294,1281,1091,1224,80.1,0.0,0.0,0.0,0.00
1789375916038,139.342,1281,1091,1224,80.1,0.0,0.0,0.0,0.00
1789375916086,139.390,1281,1091,1224,80.1,0.0,0.0,0.0,0.00
1789375916135,139.439,1281,1091,1224,80.1,0.0,0.0,0.0,0.00
1789375916179,139.483,1281,1091,1224,80.1,0.0,0.0,0.0,0.00
1789375916227,139.531,1281,1091,1224,80.1,0.0,0.0,0.0,0.00
1789375916278,139.582,1281,1091,1224,80.1,0.0,0.0,0.0,0.00
1789375916326,139.630,1281,1091,1224,80.1,0.0,0.0,0.0,0.00
1789375916374,139.678,1281,1091,1224,80.1,0.0,0.0,0.0,0.00
1789375916421,139.725,1281,1091,1224,80.1,0.0,0.0,0.0,0.00
1789375916464,139.768,1281,1091,1224,80.1,0.0,0.0,0.0,0.00
1789375916512,139.816,1281,1091,1224,80.1,0.0,0.0,0.0,0.00
1789375916560,139.864,1281,1091,1224,80.1,0.0,0.0,0.0,0.00
1789375916608,139.912,1281,1091,1224,80.1,0.0,0.0,0.0,0.00
1789375916657,139.961,1281,1091,1224,80.1,0.0,0.0,0.0,0.00
1789375916707,140.011,1281,1091,1224,80.1,0.0,0.0,0.0,0.00
1789375916755,140.059,1281,1091,1224,80.1,0.0,0.0,0.0,0.00
1789375916802,140.106,1281,1091,1224,80.1,0.0,0.0,0.0,0.00
1789375916848,140.152,1281,1091,1224,80.1,0.0,0.0,0.0,0.00
1789375916897,140.201,1281,1091,1224,80.1,0.0,0.0,0.0,0.00
1789375916945,140.249,1281,1091,1224,80.1,0.0,0.0,0.0,0.00
1789375916995,140.299,1281,1091,1224,80.1,0.0,0.0,0.0,0.00
1789375917048,140.352,1281,1091,1224,80.1,0.0,0.0,0.0,0.00
1789375917110,140.414,1281,1091,1224,80.1,0.0,0.0,0.0,0.00
1789375917191,140.495,1281,1091,1224,80.1,0.0,0.0,0.0,0.00
1789375917233,140.537,1281,1091,1224,80.1,0.0,0.0,0.0,0.00
1789375917275,140.579,1281,1091,1224,80.1,0.0,0.0,0.0,0.00
1789375917316,140.620,1281,1091,1224,80.1,0.0,0.0,0.0,0.00
1789375917361,140.665,1281,1091,1224,80.1,0.0,0.0,0.0,0.00
1789375917408,140.712,1281,1091,1224,80.1,0.0,0.0,0.0,0.00
1789375917457,140.761,1281,1091,1224,80.1,0.0,0.0,0.0,0.00
1789375917504,140.808,1281,1091,1224,80.1,0.0,0.0,0.0,0.00
1789375917551,140.855,1281,1091,1224,80.1,0.0,0.0,0.0,0.00
1789375917598,140.902,1281,1091,1224,80.1,0.0,0.0,0.0,0.00
1789375917642,140.946,1281,1091,1224,80.1,0.0,0.0,0.0,0.00
1789375917686,140.990,1281,1091,1224,80.1,0.0,0.0,0.0,0.00
1789375917730,141.034,1281,1091,1224,80.1,0.0,0.0,0.0,0.00
1789375917776,141.080,1281,1091,1224,80.1,0.0,0.0,0.0,0.00
1789375917821,141.125,1281,1091,1224,80.1,0.0,0.0,0.0,0.00
1789375917864,141.168,1281,1091,1224,80.1,0.0,0.0,0.0,0.00
1789375917906,141.210,1281,1091,1224,80.1,0.0,0.0,0.0,0.00
1789375917947,141.251,1281,1091,1224,80.1,0.0,0.0,0.0,0.00
1789375917988,141.292,1281,1091,1224,80.1,0.0,0.0,0.0,0.00
1789375918034,141.338,1281,1091,1224,80.1,0.0,0.0,0.0,0.00
1789375918077,141.381,1281,1091,1224,80.1,0.0,0.0,0.0,0.00
1789375918121,141.425,1281,1091,1224,80.1,0.0,0.0,0.0,0.00
1789375918168,141.472,1281,1091,1224,80.1,0.0,0.0,0.0,0.00
1789375918215,141.519,1281,1091,1224,80.1,0.0,0.0,0.0,0.00
1789375918260,141.564,1281,1091,1224,80.1,0.0,0.0,0.0,0.00
1789375918305,141.609,1281,1091,1224,80.1,0.0,0.0,0.0,0.00
1789375918354,141.658,1281,1091,1224,80.1,0.0,0.0,0.0,0.00
1789375918400,141.704,1281,1091,1224,80.1,0.0,0.0,0.0,0.00
1789375918447,141.751,1281,1091,1224,80.1,0.0,0.0,0.0,0.00
1789375918498,141.802,1281,1091,1224,80.1,0.0,0.0,0.0,0.00
1789375918549,141.853,1281,1091,1224,80.1,0.0,0.0,0.0,0.00
1789375918601,141.905,1281,1091,1224,80.1,0.0,0.0,0.0,0.00
1789375918650,141.954,1281,1091,1224,80.1,0.0,0.0,0.0,0.00
1789375918700,142.004,1281,1091,1224,80.1,0.0,0.0,0.0,0.00
1789375918749,142.053,1281,1091,1224,80.1,0.0,0.0,0.0,0.00
1789375918801,142.105,1281,1091,1224,80.1,0.0,0.0,0.0,0.00
1789375918849,142.153,1281,1091,1224,80.1,0.0,0.0,0.0,0.00
1789375918894,142.198,1281,1091,1224,80.1,0.0,0.0,0.0,0.00
1789375918940,142.244,1281,1091,1224,80.1,0.0,0.0,0.0,0.00
1789375918986,142.290,1281,1091,1224,80.1,0.0,0.0,0.0,0.00
1789375919045,142.349,1281,1091,1224,80.1,0.0,0.0,0.0,0.00
1789375919090,142.394,1281,1091,1224,80.1,0.0,0.0,0.0,0.00
1789375919138,142.442,1281,1091,1224,80.1,0.0,0.0,0.0,0.00
1789375919192,142.496,1281,1091,1224,80.1,0.0,0.0,0.0,0.00
1789375919246,142.550,1281,1091,1224,80.1,0.0,0.0,0.0,0.00
1789375919294,142.598,1281,1091,1224,80.1,0.0,0.0,0.0,0.00
1789375919339,142.643,1281,1091,1224,80.1,0.0,0.0,0.0,0.00
1789375919386,142.690,1281,1091,1224,80.1,0.0,0.0,0.0,0.00
1789375919435,142.739,1281,1091,1224,80.1,0.0,0.0,0.0,0.00
1789375919485,142.789,1281,1091,1224,80.1,0.0,0.0,0.0,0.00
1789375919533,142.837,1281,1091,1224,80.1,0.0,0.0,0.0,0.00
1789375919582,142.886,1281,1091,1224,80.1,0.0,0.0,0.0,0.00
1789375919632,142.936,1281,1091,1224,80.1,0.0,0.0,0.0,0.00
1789375919681,142.985,1281,1091,1224,80.1,0.0,0.0,0.0,0.00
1789375919729,143.033,1281,1091,1224,80.1,0.0,0.0,0.0,0.00
1789375919777,143.081,1281,1091,1224,80.1,0.0,0.0,0.0,0.00
1789375919827,143.131,1281,1091,1224,80.1,0.0,0.0,0.0,0.00
1789375919874,143.178,1281,1091,1224,80.1,0.0,0.0,0.0,0.00
1789375919924,143.228,1281,1091,1224,80.1,0.0,0.0,0.0,0.00
1789375919977,143.281,1281,1091,1224,80.1,0.0,0.0,0.0,0.00
1789375920026,143.330,1281,1091,1224,80.1,0.0,0.0,0.0,0.00
1789375920075,143.379,1281,1091,1224,80.1,0.0,0.0,0.0,0.00
1789375920123,143.427,1281,1091,1224,80.1,0.0,0.0,0.0,0.00
1789375920172,143.476,1281,1091,1224,80.1,0.0,0.0,0.0,0.00
1789375920220,143.524,1281,1091,1224,80.1,0.0,0.0,0.0,0.00
1789375920269,143.573,1281,1091,1224,80.1,0.0,0.0,0.0,0.00
1789375920319,143.623,1281,1091,1224,80.1,0.0,0.0,0.0,0.00
1789375920368,143.672,1281,1091,1224,80.1,0.0,0.0,0.0,0.00
1789375920417,143.721,1281,1091,1224,80.1,0.0,0.0,0.0,0.00
1789375920464,143.768,1281,1091,1224,80.1,0.0,0.0,0.0,0.00
1789375920512,143.816,1281,1091,1224,80.1,0.0,0.0,0.0,0.00
1789375920560,143.864,1281,1091,1224,80.1,0.0,0.0,0.0,0.00
1789375920614,143.918,1281,1091,1224,80.1,0.0,0.0,0.0,0.00
1789375920664,143.968,1281,1091,1224,80.1,0.0,0.0,0.0,0.00
1789375920712,144.016,1281,1091,1224,80.1,0.0,0.0,0.0,0.00
1789375920761,144.065,1281,1091,1224,80.1,0.0,0.0,0.0,0.00
1789375920812,144.116,1281,1091,1224,80.1,0.0,0.0,0.0,0.00
1789375920861,144.165,1281,1091,1224,80.1,0.0,0.0,0.0,0.00
1789375920911,144.215,1281,1091,1224,80.1,0.0,0.0,0.0,0.00
1789375920964,144.268,1281,1091,1224,80.1,0.0,0.0,0.0,0.00
1789375921017,144.321,1281,1091,1224,80.1,0.0,0.0,0.0,0.00
1789375921071,144.375,1281,1091,1224,80.1,0.0,0.0,0.0,0.00
1789375921123,144.427,1281,1091,1224,80.1,0.0,0.0,0.0,0.00
1789375921174,144.478,1281,1091,1224,80.1,0.0,0.0,0.0,0.00
1789375921228,144.532,1281,1091,1224,80.1,0.0,0.0,0.0,0.00
1789375921281,144.585,1281,1091,1224,80.1,0.0,0.0,0.0,0.00
1789375921337,144.641,1281,1091,1224,80.1,0.0,0.0,0.0,0.00
1789375921394,144.698,1281,1091,1224,80.1,0.0,0.0,0.0,0.00
1789375921453,144.757,1281,1091,1224,80.1,0.0,0.0,0.0,0.00
1789375921510,144.814,1281,1091,1224,80.1,0.0,0.0,0.0,0.00
1789375921567,144.871,1281,1091,1224,80.1,0.0,0.0,0.0,0.00
1789375921633,144.937,1281,1091,1224,80.1,0.0,0.0,0.0,0.00
1789375921686,144.990,1281,1091,1224,80.1,0.0,0.0,0.0,0.00
1789375921744,145.048,1281,1091,1224,80.1,0.0,0.0,0.0,0.00
1789375921803,145.107,1281,1091,1224,80.1,0.0,0.0,0.0,0.00
1789375921857,145.161,1281,1091,1224,80.1,0.0,0.0,0.0,0.00
1789375921907,145.211,1281,1091,1224,80.1,0.0,0.0,0.0,0.00
1789375921969,145.273,1281,1091,1224,80.1,0.0,0.0,0.0,0.00
1789375922029,145.333,1281,1091,1224,80.1,0.0,0.0,0.0,0.00
1789375922075,145.379,1281,1091,1224,80.1,0.0,0.0,0.0,0.00
1789375922128,145.432,1281,1091,1224,80.1,0.0,0.0,0.0,0.00
1789375922186,145.490,1281,1091,1224,80.1,0.0,0.0,0.0,0.00
1789375922245,145.549,1281,1091,1224,80.1,0.0,0.0,0.0,0.00
1789375922304,145.608,1281,1091,1224,80.1,0.0,0.0,0.0,0.00
1789375922351,145.655,1281,1091,1224,80.1,0.0,0.0,0.0,0.00
1789375922404,145.708,1281,1091,1224,80.1,0.0,0.0,0.0,0.00
1789375922467,145.771,1281,1091,1224,80.1,0.0,0.0,0.0,0.00
1789375922527,145.831,1281,1091,1224,80.1,0.0,0.0,0.0,0.00
1789375922589,145.893,1281,1091,1224,80.1,0.0,0.0,0.0,0.00
1789375922650,145.954,1281,1091,1224,80.1,0.0,0.0,0.0,0.00
1789375922708,146.012,1281,1091,1224,80.1,0.0,0.0,0.0,0.00
1789375922767,146.071,1281,1091,1224,80.1,0.0,0.0,0.0,0.00
1789375922817,146.121,1281,1091,1224,80.1,0.0,0.0,0.0,0.00
1789375922865,146.169,1281,1091,1224,80.1,0.0,0.0,0.0,0.00
1789375922916,146.220,1281,1091,1224,80.1,0.0,0.0,0.0,0.00
1789375922965,146.269,1281,1091,1224,80.1,0.0,0.0,0.0,0.00
1789375923013,146.317,1281,1091,1224,80.1,0.0,0.0,0.0,0.00
1789375923061,146.365,1281,1091,1224,80.1,0.0,0.0,0.0,0.00
1789375923111,146.415,1281,1091,1224,80.1,0.0,0.0,0.0,0.00
1789375923159,146.463,1281,1091,1224,80.1,0.0,0.0,0.0,0.00
1789375923205,146.509,1281,1091,1224,80.1,0.0,0.0,0.0,0.00
1789375923251,146.555,1281,1091,1224,80.1,0.0,0.0,0.0,0.00
1789375923299,146.603,1281,1091,1224,80.1,0.0,0.0,0.0,0.00
1789375923351,146.655,1281,1091,1224,80.1,0.0,0.0,0.0,0.00
1789375923410,146.714,1281,1091,1224,80.1,0.0,0.0,0.0,0.00
1789375923458,146.762,1281,1091,1224,80.1,0.0,0.0,0.0,0.00
1789375923514,146.818,1281,1091,1224,80.1,0.0,0.0,0.0,0.00
1789375923572,146.876,1281,1091,1224,80.1,0.0,0.0,0.0,0.00
1789375923633,146.937,1281,1091,1224,80.1,0.0,0.0,0.0,0.00
1789375923692,146.996,1281,1091,1224,80.1,0.0,0.0,0.0,0.00
1789375923752,147.056,1281,1091,1224,80.1,0.0,0.0,0.0,0.00
1789375923813,147.117,1281,1091,1224,80.1,0.0,0.0,0.0,0.00
1789375923873,147.177,1281,1091,1224,80.1,0.0,0.0,0.0,0.00
1789375923931,147.235,1281,1091,1224,80.1,0.0,0.0,0.0,0.00
1789375923988,147.292,1281,1091,1224,80.1,0.0,0.0,0.0,0.00
1789375924048,147.352,1281,1091,1224,80.1,0.0,0.0,0.0,0.00
1789375924106,147.410,1281,1091,1224,80.1,0.0,0.0,0.0,0.00
1789375924165,147.469,1281,1091,1224,80.1,0.0,0.0,0.0,0.00
1789375924224,147.528,1281,1091,1224,80.1,0.0,0.0,0.0,0.00
1789375924283,147.587,1281,1091,1224,80.1,0.0,0.0,0.0,0.00
1789375924345,147.649,1281,1091,1224,80.1,0.0,0.0,0.0,0.00
1789375924403,147.707,1281,1091,1224,80.1,0.0,0.0,0.0,0.00
1789375924460,147.764,1281,1091,1224,80.1,0.0,0.0,0.0,0.00
1789375924521,147.825,1281,1091,1224,80.1,0.0,0.0,0.0,0.00
1789375924593,147.897,1281,1091,1224,80.1,0.0,0.0,0.0,0.00
1789375924645,147.949,1281,1091,1224,80.1,0.0,0.0,0.0,0.00
1789375924711,148.015,1281,1091,1224,80.1,0.0,0.0,0.0,0.00
1789375924753,148.057,1281,1091,1224,80.1,0.0,0.0,0.0,0.00
1789375924794,148.098,1281,1091,1224,80.1,0.0,0.0,0.0,0.00
1789375924837,148.141,1281,1091,1224,80.1,0.0,0.0,0.0,0.00
1789375924884,148.188,1281,1091,1224,80.1,0.0,0.0,0.0,0.00
1789375924932,148.236,1281,1091,1224,80.1,0.0,0.0,0.0,0.00
1789375924979,148.283,1281,1091,1224,80.1,0.0,0.0,0.0,0.00
1789375925022,148.326,1281,1091,1224,80.1,0.0,0.0,0.0,0.00
1789375925077,148.381,1281,1091,1224,80.1,0.0,0.0,0.0,0.00
1789375925138,148.442,1281,1091,1224,80.1,0.0,0.0,0.0,0.00
1789375925194,148.498,1281,1091,1224,80.1,0.0,0.0,0.0,0.00
1789375925237,148.541,1281,1091,1224,80.1,0.0,0.0,0.0,0.00
1789375925285,148.589,1281,1091,1224,80.1,0.0,0.0,0.0,0.00
1789375925332,148.636,1281,1091,1224,80.1,0.0,0.0,0.0,0.00
1789375925382,148.686,1281,1091,1224,80.1,0.0,0.0,0.0,0.00
1789375925434,148.738,1281,1091,1224,80.1,0.0,0.0,0.0,0.00
1789375925485,148.789,1281,1091,1224,80.1,0.0,0.0,0.0,0.00
1789375925546,148.850,1281,1091,1224,80.1,0.0,0.0,0.0,0.00
1789375925607,148.911,1281,1091,1224,80.1,0.0,0.0,0.0,0.00
1789375925667,148.971,1281,1091,1224,80.1,0.0,0.0,0.0,0.00
1789375925723,149.027,1281,1091,1224,80.1,0.0,0.0,0.0,0.00
1789375925774,149.078,1281,1091,1224,80.1,0.0,0.0,0.0,0.00
1789375925835,149.139,1281,1091,1224,80.1,0.0,0.0,0.0,0.00
1789375925895,149.199,1281,1091,1224,80.1,0.0,0.0,0.0,0.00
1789375925944,149.248,1281,1091,1224,80.1,0.0,0.0,0.0,0.00
1789375925992,149.296,1281,1091,1224,80.1,0.0,0.0,0.0,0.00
1789375926049,149.353,1281,1091,1224,80.1,0.0,0.0,0.0,0.00
1789375926107,149.411,1281,1091,1224,80.1,0.0,0.0,0.0,0.00
1789375926166,149.470,1281,1091,1224,80.1,0.0,0.0,0.0,0.00
1789375926226,149.530,1281,1091,1224,80.1,0.0,0.0,0.0,0.00
1789375926284,149.588,1281,1091,1224,80.1,0.0,0.0,0.0,0.00
1789375926331,149.635,1281,1091,1224,80.1,0.0,0.0,0.0,0.00
1789375926380,149.684,1281,1091,1224,80.1,0.0,0.0,0.0,0.00
1789375926434,149.738,1281,1091,1224,80.1,0.0,0.0,0.0,0.00
1789375926490,149.794,1281,1091,1224,80.1,0.0,0.0,0.0,0.00
1789375926548,149.852,1281,1091,1224,80.1,0.0,0.0,0.0,0.00
1789375926608,149.912,1281,1091,1224,80.1,0.0,0.0,0.0,0.00
1789375926668,149.972,1281,1091,1224,80.1,0.0,0.0,0.0,0.00
1789375926726,150.030,1281,1091,1224,80.1,0.0,0.0,0.0,0.00
1789375926783,150.087,1281,1091,1224,80.1,0.0,0.0,0.0,0.00
1789375926840,150.144,1281,1091,1224,80.1,0.0,0.0,0.0,0.00
1789375926895,150.199,1281,1091,1224,80.1,0.0,0.0,0.0,0.00
1789375926941,150.245,1281,1091,1224,80.1,0.0,0.0,0.0,0.00
1789375926995,150.299,1281,1091,1224,80.1,0.0,0.0,0.0,0.00
1789375927039,150.343,1281,1091,1224,80.1,0.0,0.0,0.0,0.00
1789375927081,150.385,1281,1091,1224,80.1,0.0,0.0,0.0,0.00
1789375927128,150.432,1281,1091,1224,80.1,0.0,0.0,0.0,0.00
1789375927174,150.478,1281,1091,1224,80.1,0.0,0.0,0.0,0.00
1789375927223,150.527,1281,1091,1224,80.1,0.0,0.0,0.0,0.00
1789375927271,150.575,1281,1091,1224,80.1,0.0,0.0,0.0,0.00
1789375927322,150.626,1281,1091,1224,80.1,0.0,0.0,0.0,0.00
1789375927369,150.673,1281,1091,1224,80.1,0.0,0.0,0.0,0.00
1789375927417,150.721,1281,1091,1224,80.1,0.0,0.0,0.0,0.00
1789375927467,150.771,1281,1091,1224,80.1,0.0,0.0,0.0,0.00
1789375927515,150.819,1281,1091,1224,80.1,0.0,0.0,0.0,0.00
1789375927565,150.869,1281,1091,1224,80.1,0.0,0.0,0.0,0.00
1789375927616,150.920,1281,1091,1224,80.1,0.0,0.0,0.0,0.00
1789375927673,150.977,1281,1091,1224,80.1,0.0,0.0,0.0,0.00
1789375927719,151.023,1281,1091,1224,80.1,0.0,0.0,0.0,0.00
1789375927764,151.068,1281,1091,1224,80.1,0.0,0.0,0.0,0.00
1789375927810,151.114,1281,1091,1224,80.1,0.0,0.0,0.0,0.00
1789375927857,151.161,1281,1091,1224,80.1,0.0,0.0,0.0,0.00
1789375927905,151.209,1281,1091,1224,80.1,0.0,0.0,0.0,0.00
1789375927951,151.255,1281,1091,1224,80.1,0.0,0.0,0.0,0.00
1789375928002,151.306,1281,1091,1224,80.1,0.0,0.0,0.0,0.00
1789375928056,151.360,1281,1091,1224,80.1,0.0,0.0,0.0,0.00
1789375928107,151.411,1281,1091,1224,80.1,0.0,0.0,0.0,0.00
1789375928156,151.460,1281,1091,1224,80.1,0.0,0.0,0.0,0.00
1789375928205,151.509,1281,1091,1224,80.1,0.0,0.0,0.0,0.00
1789375928252,151.556,1281,1091,1224,80.1,0.0,0.0,0.0,0.00
1789375928303,151.607,1281,1091,1224,80.1,0.0,0.0,0.0,0.00
1789375928353,151.657,1281,1091,1224,80.1,0.0,0.0,0.0,0.00
1789375928401,151.705,1281,1091,1224,80.1,0.0,0.0,0.0,0.00
1789375928450,151.754,1281,1091,1224,80.1,0.0,0.0,0.0,0.00
1789375928495,151.799,1281,1091,1224,80.1,0.0,0.0,0.0,0.00
1789375928541,151.845,1281,1091,1224,80.1,0.0,0.0,0.0,0.00
1789375928587,151.891,1281,1091,1224,80.1,0.0,0.0,0.0,0.00
1789375928635,151.939,1281,1091,1224,80.1,0.0,0.0,0.0,0.00
1789375928682,151.986,1281,1091,1224,80.1,0.0,0.0,0.0,0.00
1789375928729,152.033,1281,1091,1224,80.1,0.0,0.0,0.0,0.00
1789375928778,152.082,1281,1091,1224,80.1,0.0,0.0,0.0,0.00
1789375928829,152.133,1281,1091,1224,80.1,0.0,0.0,0.0,0.00
1789375928876,152.180,1281,1091,1224,80.1,0.0,0.0,0.0,0.00
1789375928923,152.227,1281,1091,1224,80.1,0.0,0.0,0.0,0.00
1789375928972,152.276,1281,1091,1224,80.1,0.0,0.0,0.0,0.00
1789375929019,152.323,1281,1091,1224,80.1,0.0,0.0,0.0,0.00
1789375929066,152.370,1281,1091,1224,80.1,0.0,0.0,0.0,0.00
1789375929115,152.419,1281,1091,1224,80.1,0.0,0.0,0.0,0.00
1789375929164,152.468,1281,1091,1224,80.1,0.0,0.0,0.0,0.00
1789375929210,152.514,1281,1091,1224,80.1,0.0,0.0,0.0,0.00
1789375929261,152.565,1281,1091,1224,80.1,0.0,0.0,0.0,0.00
1789375929309,152.613,1281,1091,1224,80.1,0.0,0.0,0.0,0.00
1789375929358,152.662,1281,1091,1224,80.1,0.0,0.0,0.0,0.00
1789375929406,152.710,1281,1091,1224,80.1,0.0,0.0,0.0,0.00
1789375929457,152.761,1281,1091,1224,80.1,0.0,0.0,0.0,0.00
1789375929507,152.811,1281,1091,1224,80.1,0.0,0.0,0.0,0.00
1789375929556,152.860,1281,1091,1224,80.1,0.0,0.0,0.0,0.00
1789375929604,152.908,1281,1091,1224,80.1,0.0,0.0,0.0,0.00
1789375929651,152.955,1281,1091,1224,80.1,0.0,0.0,0.0,0.00
1789375929698,153.002,1281,1091,1224,80.1,0.0,0.0,0.0,0.00
1789375929744,153.048,1281,1091,1224,80.1,0.0,0.0,0.0,0.00
1789375929790,153.094,1281,1091,1224,80.1,0.0,0.0,0.0,0.00
1789375929834,153.138,1281,1091,1224,80.1,0.0,0.0,0.0,0.00
1789375929881,153.185,1281,1091,1224,80.1,0.0,0.0,0.0,0.00
1789375929929,153.233,1281,1091,1224,80.1,0.0,0.0,0.0,0.00
1789375929975,153.279,1281,1091,1224,80.1,0.0,0.0,0.0,0.00
1789375930030,153.334,1281,1091,1224,80.1,0.0,0.0,0.0,0.00
1789375930088,153.392,1281,1091,1224,80.1,0.0,0.0,0.0,0.00
1789375930143,153.447,1281,1091,1224,80.1,0.0,0.0,0.0,0.00
1789375930192,153.496,1281,1091,1224,80.1,0.0,0.0,0.0,0.00
1789375930239,153.543,1281,1091,1224,80.1,0.0,0.0,0.0,0.00
1789375930285,153.589,1281,1091,1224,80.1,0.0,0.0,0.0,0.00
1789375930332,153.636,1281,1091,1224,80.1,0.0,0.0,0.0,0.00
1789375930379,153.683,1281,1091,1224,80.1,0.0,0.0,0.0,0.00
1789375930427,153.731,1281,1091,1224,80.1,0.0,0.0,0.0,0.00
1789375930473,153.777,1281,1091,1224,80.1,0.0,0.0,0.0,0.00
1789375930519,153.823,1281,1091,1224,80.1,0.0,0.0,0.0,0.00
1789375930567,153.871,1281,1091,1224,80.1,0.0,0.0,0.0,0.00
1789375930614,153.918,1281,1091,1224,80.1,0.0,0.0,0.0,0.00
1789375930662,153.966,1281,1091,1224,80.1,0.0,0.0,0.0,0.00
1789375930708,154.012,1281,1091,1224,80.1,0.0,0.0,0.0,0.00
1789375930761,154.065,1281,1091,1224,80.1,0.0,0.0,0.0,0.00
1789375930820,154.124,1281,1091,1224,80.1,0.0,0.0,0.0,0.00
1789375930880,154.184,1281,1091,1224,80.1,0.0,0.0,0.0,0.00
1789375930940,154.244,1281,1091,1224,80.1,0.0,0.0,0.0,0.00
1789375930999,154.303,1281,1091,1224,80.1,0.0,0.0,0.0,0.00
1789375931055,154.359,1281,1091,1224,80.1,0.0,0.0,0.0,0.00
1789375931114,154.418,1281,1091,1224,80.1,0.0,0.0,0.0,0.00
1789375931174,154.478,1281,1091,1224,80.1,0.0,0.0,0.0,0.00
1789375931233,154.537,1281,1091,1224,80.1,0.0,0.0,0.0,0.00
1789375931288,154.592,1281,1091,1224,80.1,0.0,0.0,0.0,0.00
1789375931342,154.646,1281,1091,1224,80.1,0.0,0.0,0.0,0.00
1789375931400,154.704,1281,1091,1224,80.1,0.0,0.0,0.0,0.00
1789375931457,154.761,1281,1091,1224,80.1,0.0,0.0,0.0,0.00
1789375931516,154.820,1281,1091,1224,80.1,0.0,0.0,0.0,0.00
1789375931559,154.863,1281,1091,1224,80.1,0.0,0.0,0.0,0.00
1789375931603,154.907,1281,1091,1224,80.1,0.0,0.0,0.0,0.00
1789375931655,154.959,1281,1091,1224,80.1,0.0,0.0,0.0,0.00
1789375931712,155.016,1281,1091,1224,80.1,0.0,0.0,0.0,0.00
1789375931760,155.064,1281,1091,1224,80.1,0.0,0.0,0.0,0.00
1789375931811,155.115,1281,1091,1224,80.1,0.0,0.0,0.0,0.00
1789375931861,155.165,1281,1091,1224,80.1,0.0,0.0,0.0,0.00
1789375931908,155.212,1281,1091,1224,80.1,0.0,0.0,0.0,0.00
1789375931957,155.261,1281,1091,1224,80.1,0.0,0.0,0.0,0.00
1789375932005,155.309,1281,1091,1224,80.1,0.0,0.0,0.0,0.00
1789375932057,155.361,1281,1091,1224,80.1,0.0,0.0,0.0,0.00
1789375932105,155.409,1281,1091,1224,80.1,0.0,0.0,0.0,0.00
1789375932151,155.455,1281,1091,1224,80.1,0.0,0.0,0.0,0.00
1789375932195,155.499,1281,1091,1224,80.1,0.0,0.0,0.0,0.00
1789375932240,155.544,1281,1091,1224,80.1,0.0,0.0,0.0,0.00
1789375932291,155.595,1281,1091,1224,80.1,0.0,0.0,0.0,0.00
1789375932350,155.654,1281,1091,1224,80.1,0.0,0.0,0.0,0.00
1789375932401,155.705,1281,1091,1224,80.1,0.0,0.0,0.0,0.00
1789375932455,155.759,1281,1091,1224,80.1,0.0,0.0,0.0,0.00
1789375932509,155.813,1281,1091,1224,80.1,0.0,0.0,0.0,0.00
1789375932565,155.869,1281,1091,1224,80.1,0.0,0.0,0.0,0.00
1789375932622,155.926,1281,1091,1224,80.1,0.0,0.0,0.0,0.00
1789375932682,155.986,1281,1091,1224,80.1,0.0,0.0,0.0,0.00
1789375932731,156.035,1281,1091,1224,80.1,0.0,0.0,0.0,0.00
1789375932778,156.082,1281,1091,1224,80.1,0.0,0.0,0.0,0.00
1789375932826,156.130,1281,1091,1224,80.1,0.0,0.0,0.0,0.00
1789375932874,156.178,1281,1091,1224,80.1,0.0,0.0,0.0,0.00
1789375932923,156.227,1281,1091,1224,80.1,0.0,0.0,0.0,0.00
1789375932971,156.275,1281,1091,1224,80.1,0.0,0.0,0.0,0.00
1789375933020,156.324,1281,1091,1224,80.1,0.0,0.0,0.0,0.00
1789375933067,156.371,1281,1091,1224,80.1,0.0,0.0,0.0,0.00
1789375933115,156.419,1281,1091,1224,80.1,0.0,0.0,0.0,0.00
1789375933165,156.469,1281,1091,1224,80.1,0.0,0.0,0.0,0.00
1789375933210,156.514,1281,1091,1224,80.1,0.0,0.0,0.0,0.00
1789375933267,156.571,1281,1091,1224,80.1,0.0,0.0,0.0,0.00
1789375933331,156.635,1281,1091,1224,80.1,0.0,0.0,0.0,0.00
1789375933392,156.696,1281,1091,1224,80.1,0.0,0.0,0.0,0.00
1789375933452,156.756,1281,1091,1224,80.1,0.0,0.0,0.0,0.00
1789375933509,156.813,1281,1091,1224,80.1,0.0,0.0,0.0,0.00
1789375933565,156.869,1281,1091,1224,80.1,0.0,0.0,0.0,0.00
1789375933609,156.913,1281,1091,1224,80.1,0.0,0.0,0.0,0.00
1789375933653,156.957,1281,1091,1224,80.1,0.0,0.0,0.0,0.00
1789375933706,157.010,1281,1091,1224,80.1,0.0,0.0,0.0,0.00
1789375933762,157.066,1281,1091,1224,80.1,0.0,0.0,0.0,0.00
1789375933820,157.124,1281,1091,1224,80.1,0.0,0.0,0.0,0.00
1789375933870,157.174,1281,1091,1224,80.1,0.0,0.0,0.0,0.00
1789375933920,157.224,1281,1091,1224,80.1,0.0,0.0,0.0,0.00
1789375933971,157.275,1281,1091,1224,80.1,0.0,0.0,0.0,0.00
1789375934018,157.322,1281,1091,1224,80.1,0.0,0.0,0.0,0.00
1789375934066,157.370,1281,1091,1224,80.1,0.0,0.0,0.0,0.00
1789375934117,157.421,1281,1091,1224,80.1,0.0,0.0,0.0,0.00
1789375934164,157.468,1281,1091,1224,80.1,0.0,0.0,0.0,0.00
1789375934214,157.518,1281,1091,1224,80.1,0.0,0.0,0.0,0.00
1789375934262,157.566,1281,1091,1224,80.1,0.0,0.0,0.0,0.00
1789375934310,157.614,1281,1091,1224,80.1,0.0,0.0,0.0,0.00
1789375934359,157.663,1281,1091,1224,80.1,0.0,0.0,0.0,0.00
1789375934408,157.712,1281,1091,1224,80.1,0.0,0.0,0.0,0.00
1789375934461,157.765,1281,1091,1224,80.1,0.0,0.0,0.0,0.00
1789375934510,157.814,1281,1091,1224,80.1,0.0,0.0,0.0,0.00
1789375934559,157.863,1281,1091,1224,80.1,0.0,0.0,0.0,0.00
1789375934606,157.910,1281,1091,1224,80.1,0.0,0.0,0.0,0.00
1789375934655,157.959,1281,1091,1224,80.1,0.0,0.0,0.0,0.00
1789375934705,158.009,1281,1091,1224,80.1,0.0,0.0,0.0,0.00
1789375934751,158.055,1281,1091,1224,80.1,0.0,0.0,0.0,0.00
1789375934800,158.104,1281,1091,1224,80.1,0.0,0.0,0.0,0.00
1789375934850,158.154,1281,1091,1224,80.1,0.0,0.0,0.0,0.00
1789375934901,158.205,1281,1091,1224,80.1,0.0,0.0,0.0,0.00
1789375934951,158.255,1281,1091,1224,80.1,0.0,0.0,0.0,0.00
1789375934999,158.303,1281,1091,1224,80.1,0.0,0.0,0.0,0.00
1789375935049,158.353,1281,1091,1224,80.1,0.0,0.0,0.0,0.00
1789375935099,158.403,1281,1091,1224,80.1,0.0,0.0,0.0,0.00
1789375935149,158.453,1281,1091,1224,80.1,0.0,0.0,0.0,0.00
1789375935198,158.502,1281,1091,1224,80.1,0.0,0.0,0.0,0.00
1789375935246,158.550,1281,1091,1224,80.1,0.0,0.0,0.0,0.00
1789375935293,158.597,1281,1091,1224,80.1,0.0,0.0,0.0,0.00
1789375935339,158.643,1281,1091,1224,80.1,0.0,0.0,0.0,0.00
1789375935387,158.691,1281,1091,1224,80.1,0.0,0.0,0.0,0.00
1789375935436,158.740,1281,1091,1224,80.1,0.0,0.0,0.0,0.00
1789375935484,158.788,1281,1091,1224,80.1,0.0,0.0,0.0,0.00
1789375935534,158.838,1281,1091,1224,80.1,0.0,0.0,0.0,0.00
1789375935581,158.885,1281,1091,1224,80.1,0.0,0.0,0.0,0.00
1789375935629,158.933,1281,1091,1224,80.1,0.0,0.0,0.0,0.00
1789375935675,158.979,1281,1091,1224,80.1,0.0,0.0,0.0,0.00
1789375935722,159.026,1281,1091,1224,80.1,0.0,0.0,0.0,0.00
1789375935769,159.073,1281,1091,1224,80.1,0.0,0.0,0.0,0.00
1789375935816,159.120,1281,1091,1224,80.1,0.0,0.0,0.0,0.00
1789375935863,159.167,1281,1091,1224,80.1,0.0,0.0,0.0,0.00
1789375935911,159.215,1281,1091,1224,80.1,0.0,0.0,0.0,0.00
1789375935967,159.271,1281,1091,1224,80.1,0.0,0.0,0.0,0.00
1789375936024,159.328,1281,1091,1224,80.1,0.0,0.0,0.0,0.00
1789375936081,159.385,1281,1091,1224,80.1,0.0,0.0,0.0,0.00
1789375936141,159.445,1281,1091,1224,80.1,0.0,0.0,0.0,0.00
1789375936198,159.502,1281,1091,1224,80.1,0.0,0.0,0.0,0.00
1789375936258,159.562,1281,1091,1224,80.1,0.0,0.0,0.0,0.00
1789375936320,159.624,1281,1091,1224,80.1,0.0,0.0,0.0,0.00
1789375936377,159.681,1281,1091,1224,80.1,0.0,0.0,0.0,0.00
1789375936435,159.739,1281,1091,1224,80.1,0.0,0.0,0.0,0.00
1789375936492,159.796,1281,1091,1224,80.1,0.0,0.0,0.0,0.00
1789375936551,159.855,1281,1091,1224,80.1,0.0,0.0,0.0,0.00
1789375936608,159.912,1281,1091,1224,80.1,0.0,0.0,0.0,0.00
1789375936666,159.970,1281,1091,1224,80.1,0.0,0.0,0.0,0.00
1789375936713,160.017,1281,1091,1224,80.1,0.0,0.0,0.0,0.00
1789375936763,160.067,1281,1091,1224,80.1,0.0,0.0,0.0,0.00
1789375936821,160.125,1281,1091,1224,80.1,0.0,0.0,0.0,0.00
1789375936879,160.183,1281,1091,1224,80.1,0.0,0.0,0.0,0.00
1789375936940,160.244,1281,1091,1224,80.1,0.0,0.0,0.0,0.00
1789375937001,160.305,1281,1091,1224,80.1,0.0,0.0,0.0,0.00
1789375937059,160.363,1281,1091,1224,80.1,0.0,0.0,0.0,0.00
1789375937119,160.423,1281,1091,1224,80.1,0.0,0.0,0.0,0.00
1789375937173,160.477,1281,1091,1224,80.1,0.0,0.0,0.0,0.00
1789375937233,160.537,1281,1091,1224,80.1,0.0,0.0,0.0,0.00
1789375937291,160.595,1281,1091,1224,80.1,0.0,0.0,0.0,0.00
1789375937343,160.647,1281,1091,1224,80.1,0.0,0.0,0.0,0.00
1789375937391,160.695,1281,1091,1224,80.1,0.0,0.0,0.0,0.00
1789375937434,160.738,1281,1091,1224,80.1,0.0,0.0,0.0,0.00
1789375937490,160.794,1281,1091,1224,80.1,0.0,0.0,0.0,0.00
1789375937551,160.855,1281,1091,1224,80.1,0.0,0.0,0.0,0.00
1789375937610,160.914,1281,1091,1224,80.1,0.0,0.0,0.0,0.00
1789375937665,160.969,1281,1091,1224,80.1,0.0,0.0,0.0,0.00
1789375937711,161.015,1281,1091,1224,80.1,0.0,0.0,0.0,0.00
1789375937754,161.058,1281,1091,1224,80.1,0.0,0.0,0.0,0.00
1789375937794,161.098,1281,1091,1224,80.1,0.0,0.0,0.0,0.00
1789375937848,161.152,1281,1091,1224,80.1,0.0,0.0,0.0,0.00
1789375937907,161.211,1281,1091,1224,80.1,0.0,0.0,0.0,0.00
1789375937967,161.271,1281,1091,1224,80.1,0.0,0.0,0.0,0.00
1789375938028,161.332,1281,1091,1224,80.1,0.0,0.0,0.0,0.00
1789375938087,161.391,1281,1091,1224,80.1,0.0,0.0,0.0,0.00
1789375938145,161.449,1281,1091,1224,80.1,0.0,0.0,0.0,0.00
1789375938204,161.508,1281,1091,1224,80.1,0.0,0.0,0.0,0.00
1789375938260,161.564,1281,1091,1224,80.1,0.0,0.0,0.0,0.00
1789375938309,161.613,1281,1091,1224,80.1,0.0,0.0,0.0,0.00
1789375938358,161.662,1281,1091,1224,80.1,0.0,0.0,0.0,0.00
1789375938409,161.713,1281,1091,1224,80.1,0.0,0.0,0.0,0.00
1789375938459,161.763,1281,1091,1224,80.1,0.0,0.0,0.0,0.00
1789375938510,161.814,1281,1091,1224,80.1,0.0,0.0,0.0,0.00
1789375938557,161.861,1281,1091,1224,80.1,0.0,0.0,0.0,0.00
1789375938605,161.909,1281,1091,1224,80.1,0.0,0.0,0.0,0.00
1789375938657,161.961,1281,1091,1224,80.1,0.0,0.0,0.0,0.00
1789375938706,162.010,1281,1091,1224,80.1,0.0,0.0,0.0,0.00
1789375938754,162.058,1281,1091,1224,80.1,0.0,0.0,0.0,0.00
1789375938804,162.108,1281,1091,1224,80.1,0.0,0.0,0.0,0.00
1789375938851,162.155,1281,1091,1224,80.1,0.0,0.0,0.0,0.00
1789375938899,162.203,1281,1091,1224,80.1,0.0,0.0,0.0,0.00
1789375938947,162.251,1281,1091,1224,80.1,0.0,0.0,0.0,0.00
1789375938996,162.300,1281,1091,1224,80.1,0.0,0.0,0.0,0.00
1789375939050,162.354,1281,1091,1224,80.1,0.0,0.0,0.0,0.00
1789375939103,162.407,1281,1091,1224,80.1,0.0,0.0,0.0,0.00
1789375939160,162.464,1281,1091,1224,80.1,0.0,0.0,0.0,0.00
1789375939209,162.513,1281,1091,1224,80.1,0.0,0.0,0.0,0.00
1789375939260,162.564,1281,1091,1224,80.1,0.0,0.0,0.0,0.00
1789375939310,162.614,1281,1091,1224,80.1,0.0,0.0,0.0,0.00
1789375939361,162.665,1281,1091,1224,80.1,0.0,0.0,0.0,0.00
1789375939411,162.715,1281,1091,1224,80.1,0.0,0.0,0.0,0.00
1789375939460,162.764,1281,1091,1224,80.1,0.0,0.0,0.0,0.00
1789375939507,162.811,1281,1091,1224,80.1,0.0,0.0,0.0,0.00
1789375939554,162.858,1281,1091,1224,80.1,0.0,0.0,0.0,0.00
1789375939604,162.908,1281,1091,1224,80.1,0.0,0.0,0.0,0.00
1789375939654,162.958,1281,1091,1224,80.1,0.0,0.0,0.0,0.00
1789375939704,163.008,1281,1091,1224,80.1,0.0,0.0,0.0,0.00
1789375939753,163.057,1281,1091,1224,80.1,0.0,0.0,0.0,0.00
1789375939802,163.106,1281,1091,1224,80.1,0.0,0.0,0.0,0.00
1789375939851,163.155,1281,1091,1224,80.1,0.0,0.0,0.0,0.00
1789375939904,163.208,1281,1091,1224,80.1,0.0,0.0,0.0,0.00
1789375939954,163.258,1281,1091,1224,80.1,0.0,0.0,0.0,0.00
1789375940006,163.310,1281,1091,1224,80.1,0.0,0.0,0.0,0.00
1789375940053,163.357,1281,1091,1224,80.1,0.0,0.0,0.0,0.00
1789375940102,163.406,1281,1091,1224,80.1,0.0,0.0,0.0,0.00
1789375940150,163.454,1281,1091,1224,80.1,0.0,0.0,0.0,0.00
1789375940201,163.505,1281,1091,1224,80.1,0.0,0.0,0.0,0.00
1789375940249,163.553,1281,1091,1224,80.1,0.0,0.0,0.0,0.00
1789375940298,163.602,1281,1091,1224,80.1,0.0,0.0,0.0,0.00
1789375940348,163.652,1281,1091,1224,80.1,0.0,0.0,0.0,0.00
1789375940395,163.699,1281,1091,1224,80.1,0.0,0.0,0.0,0.00
1789375940444,163.748,1281,1091,1224,80.1,0.0,0.0,0.0,0.00
1789375940493,163.797,1281,1091,1224,80.1,0.0,0.0,0.0,0.00
1789375940543,163.847,1281,1091,1224,80.1,0.0,0.0,0.0,0.00
1789375940591,163.895,1281,1091,1224,80.1,0.0,0.0,0.0,0.00
1789375940639,163.943,1281,1091,1224,80.1,0.0,0.0,0.0,0.00
1789375940688,163.992,1281,1091,1224,80.1,0.0,0.0,0.0,0.00
1789375940737,164.041,1281,1091,1224,80.1,0.0,0.0,0.0,0.00
1789375940787,164.091,1281,1091,1224,80.1,0.0,0.0,0.0,0.00
1789375940835,164.139,1281,1091,1224,80.1,0.0,0.0,0.0,0.00
1789375940885,164.189,1281,1091,1224,80.1,0.0,0.0,0.0,0.00
1789375940935,164.239,1281,1091,1224,80.1,0.0,0.0,0.0,0.00
1789375940983,164.287,1281,1091,1224,80.1,0.0,0.0,0.0,0.00
1789375941032,164.336,1281,1091,1224,80.1,0.0,0.0,0.0,0.00
1789375941081,164.385,1281,1091,1224,80.1,0.0,0.0,0.0,0.00
1789375941133,164.437,1281,1091,1224,80.1,0.0,0.0,0.0,0.00
1789375941183,164.487,1281,1091,1224,80.1,0.0,0.0,0.0,0.00
1789375941231,164.535,1281,1091,1224,80.1,0.0,0.0,0.0,0.00
1789375941278,164.582,1281,1091,1224,80.1,0.0,0.0,0.0,0.00
1789375941327,164.631,1281,1091,1224,80.1,0.0,0.0,0.0,0.00
1789375941376,164.680,1281,1091,1224,80.1,0.0,0.0,0.0,0.00
1789375941424,164.728,1281,1091,1224,80.1,0.0,0.0,0.0,0.00
1789375941472,164.776,1281,1091,1224,80.1,0.0,0.0,0.0,0.00
1789375941523,164.827,1281,1091,1224,80.1,0.0,0.0,0.0,0.00
1789375941566,164.870,1281,1091,1224,80.1,0.0,0.0,0.0,0.00
1789375941609,164.913,1281,1091,1224,80.1,0.0,0.0,0.0,0.00
1789375941650,164.954,1281,1091,1224,80.1,0.0,0.0,0.0,0.00
1789375941691,164.995,1281,1091,1224,80.1,0.0,0.0,0.0,0.00
1789375941731,165.035,1281,1091,1224,80.1,0.0,0.0,0.0,0.00
1789375941773,165.077,1281,1091,1224,80.1,0.0,0.0,0.0,0.00
1789375941814,165.118,1281,1091,1224,80.1,0.0,0.0,0.0,0.00
1789375941855,165.159,1281,1091,1224,80.1,0.0,0.0,0.0,0.00
1789375941897,165.201,1281,1091,1224,80.1,0.0,0.0,0.0,0.00
1789375941938,165.242,1281,1091,1224,80.1,0.0,0.0,0.0,0.00
1789375941978,165.282,1281,1091,1224,80.1,0.0,0.0,0.0,0.00
1789375942020,165.324,1281,1091,1224,80.1,0.0,0.0,0.0,0.00
1789375942062,165.366,1281,1091,1224,80.1,0.0,0.0,0.0,0.00
1789375942104,165.408,1281,1091,1224,80.1,0.0,0.0,0.0,0.00
1789375942145,165.449,1281,1091,1224,80.1,0.0,0.0,0.0,0.00
1789375942187,165.491,1281,1091,1224,80.1,0.0,0.0,0.0,0.00
1789375942227,165.531,1281,1091,1224,80.1,0.0,0.0,0.0,0.00
1789375942269,165.573,1281,1091,1224,80.1,0.0,0.0,0.0,0.00
1789375942310,165.614,1281,1091,1224,80.1,0.0,0.0,0.0,0.00
1789375942351,165.655,1281,1091,1224,80.1,0.0,0.0,0.0,0.00
1789375942393,165.697,1281,1091,1224,80.1,0.0,0.0,0.0,0.00
1789375942434,165.738,1281,1091,1224,80.1,0.0,0.0,0.0,0.00
1789375942474,165.778,1281,1091,1224,80.1,0.0,0.0,0.0,0.00
1789375942517,165.821,1281,1091,1224,80.1,0.0,0.0,0.0,0.00
1789375942560,165.864,1281,1091,1224,80.1,0.0,0.0,0.0,0.00
1789375942602,165.906,1281,1091,1224,80.1,0.0,0.0,0.0,0.00
1789375942641,165.945,1281,1091,1224,80.1,0.0,0.0,0.0,0.00
1789375942681,165.985,1281,1091,1224,80.1,0.0,0.0,0.0,0.00
1789375942724,166.028,1281,1091,1224,80.1,0.0,0.0,0.0,0.00
1789375942765,166.069,1281,1091,1224,80.1,0.0,0.0,0.0,0.00
1789375942806,166.110,1281,1091,1224,80.1,0.0,0.0,0.0,0.00
1789375942850,166.154,1281,1091,1224,80.1,0.0,0.0,0.0,0.00
1789375942892,166.196,1281,1091,1224,80.1,0.0,0.0,0.0,0.00
1789375942933,166.237,1281,1091,1224,80.1,0.0,0.0,0.0,0.00
1789375942975,166.279,1281,1091,1224,80.1,0.0,0.0,0.0,0.00
1789375943017,166.321,1281,1091,1224,80.1,0.0,0.0,0.0,0.00
1789375943057,166.361,1281,1091,1224,80.1,0.0,0.0,0.0,0.00
1789375943098,166.402,1281,1091,1224,80.1,0.0,0.0,0.0,0.00
1789375943140,166.444,1281,1091,1224,80.1,0.0,0.0,0.0,0.00
1789375943179,166.483,1281,1091,1224,80.1,0.0,0.0,0.0,0.00
1789375943219,166.523,1281,1091,1224,80.1,0.0,0.0,0.0,0.00
1789375943259,166.563,1281,1091,1224,80.1,0.0,0.0,0.0,0.00
1789375943302,166.606,1281,1091,1224,80.1,0.0,0.0,0.0,0.00
1789375943344,166.648,1281,1091,1224,80.1,0.0,0.0,0.0,0.00
1789375943385,166.689,1281,1091,1224,80.1,0.0,0.0,0.0,0.00
1789375943428,166.732,1281,1091,1224,80.1,0.0,0.0,0.0,0.00
1789375943469,166.773,1281,1091,1224,80.1,0.0,0.0,0.0,0.00
1789375943512,166.816,1281,1091,1224,80.1,0.0,0.0,0.0,0.00
1789375943558,166.862,1281,1091,1224,80.1,0.0,0.0,0.0,0.00
1789375943607,166.911,1281,1091,1224,80.1,0.0,0.0,0.0,0.00
1789375943655,166.959,1281,1091,1224,80.1,0.0,0.0,0.0,0.00
1789375943705,167.009,1281,1091,1224,80.1,0.0,0.0,0.0,0.00
1789375943747,167.051,1281,1091,1224,80.1,0.0,0.0,0.0,0.00
1789375943789,167.093,1281,1091,1224,80.1,0.0,0.0,0.0,0.00
1789375943834,167.138,1281,1091,1224,80.1,0.0,0.0,0.0,0.00
1789375943879,167.183,1281,1091,1224,80.1,0.0,0.0,0.0,0.00
1789375943922,167.226,1281,1091,1224,80.1,0.0,0.0,0.0,0.00
1789375943965,167.269,1281,1091,1224,80.1,0.0,0.0,0.0,0.00
1789375944006,167.310,1281,1091,1224,80.1,0.0,0.0,0.0,0.00
1789375944047,167.351,1281,1091,1224,80.1,0.0,0.0,0.0,0.00
1789375944088,167.392,1281,1091,1224,80.1,0.0,0.0,0.0,0.00
1789375944130,167.434,1281,1091,1224,80.1,0.0,0.0,0.0,0.00
1789375944171,167.475,1281,1091,1224,80.1,0.0,0.0,0.0,0.00
1789375944212,167.516,1281,1091,1224,80.1,0.0,0.0,0.0,0.00
1789375944252,167.556,1281,1091,1224,80.1,0.0,0.0,0.0,0.00
1789375944294,167.598,1281,1091,1224,80.1,0.0,0.0,0.0,0.00
1789375944336,167.640,1281,1091,1224,80.1,0.0,0.0,0.0,0.00
1789375944377,167.681,1281,1091,1224,80.1,0.0,0.0,0.0,0.00
1789375944418,167.722,1281,1091,1224,80.1,0.0,0.0,0.0,0.00
1789375944460,167.764,1281,1091,1224,80.1,0.0,0.0,0.0,0.00
1789375944501,167.805,1281,1091,1224,80.1,0.0,0.0,0.0,0.00
1789375944543,167.847,1281,1091,1224,80.1,0.0,0.0,0.0,0.00
1789375944586,167.890,1281,1091,1224,80.1,0.0,0.0,0.0,0.00
1789375944629,167.933,1281,1091,1224,80.1,0.0,0.0,0.0,0.00
1789375944671,167.975,1281,1091,1224,80.1,0.0,0.0,0.0,0.00
1789375944713,168.017,1281,1091,1224,80.1,0.0,0.0,0.0,0.00
1789375944756,168.060,1281,1091,1224,80.1,0.0,0.0,0.0,0.00
1789375944798,168.102,1281,1091,1224,80.1,0.0,0.0,0.0,0.00
1789375944840,168.144,1281,1091,1224,80.1,0.0,0.0,0.0,0.00
1789375944882,168.186,1281,1091,1224,80.1,0.0,0.0,0.0,0.00
1789375944924,168.228,1281,1091,1224,80.1,0.0,0.0,0.0,0.00
1789375944967,168.271,1281,1091,1224,80.1,0.0,0.0,0.0,0.00
1789375945009,168.313,1281,1091,1224,80.1,0.0,0.0,0.0,0.00
1789375945051,168.355,1281,1091,1224,80.1,0.0,0.0,0.0,0.00
1789375945093,168.397,1281,1091,1224,80.1,0.0,0.0,0.0,0.00
1789375945136,168.440,1281,1091,1224,80.1,0.0,0.0,0.0,0.00
1789375945178,168.482,1281,1091,1224,80.1,0.0,0.0,0.0,0.00
1789375945221,168.525,1281,1091,1224,80.1,0.0,0.0,0.0,0.00
1789375945263,168.567,1281,1091,1224,80.1,0.0,0.0,0.0,0.00
1789375945305,168.609,1281,1091,1224,80.1,0.0,0.0,0.0,0.00
1789375945346,168.650,1281,1091,1224,80.1,0.0,0.0,0.0,0.00
1789375945388,168.692,1281,1091,1224,80.1,0.0,0.0,0.0,0.00
1789375945431,168.735,1281,1091,1224,80.1,0.0,0.0,0.0,0.00
1789375945472,168.776,1281,1091,1224,80.1,0.0,0.0,0.0,0.00
1789375945514,168.818,1281,1091,1224,80.1,0.0,0.0,0.0,0.00
1789375945555,168.859,1281,1091,1224,80.1,0.0,0.0,0.0,0.00
1789375945596,168.900,1281,1091,1224,80.1,0.0,0.0,0.0,0.00
1789375945638,168.942,1281,1091,1224,80.1,0.0,0.0,0.0,0.00
1789375945679,168.983,1281,1091,1224,80.1,0.0,0.0,0.0,0.00
1789375945721,169.025,1281,1091,1224,80.1,0.0,0.0,0.0,0.00
1789375945762,169.066,1281,1091,1224,80.1,0.0,0.0,0.0,0.00
1789375945804,169.108,1281,1091,1224,80.1,0.0,0.0,0.0,0.00
1789375945847,169.151,1281,1091,1224,80.1,0.0,0.0,0.0,0.00
1789375945886,169.190,1281,1091,1224,80.1,0.0,0.0,0.0,0.00
1789375945934,169.238,1281,1091,1224,80.1,0.0,0.0,0.0,0.00
1789375945980,169.284,1281,1091,1224,80.1,0.0,0.0,0.0,0.00
1789375946027,169.331,1281,1091,1224,80.1,0.0,0.0,0.0,0.00
1789375946073,169.377,1281,1091,1224,80.1,0.0,0.0,0.0,0.00
1789375946123,169.427,1281,1091,1224,80.1,0.0,0.0,0.0,0.00
1789375946170,169.474,1281,1091,1224,80.1,0.0,0.0,0.0,0.00
1789375946218,169.522,1281,1091,1224,80.1,0.0,0.0,0.0,0.00
1789375946266,169.570,1281,1091,1224,80.1,0.0,0.0,0.0,0.00
1789375946314,169.618,1281,1091,1224,80.1,0.0,0.0,0.0,0.00
1789375946362,169.666,1281,1091,1224,80.1,0.0,0.0,0.0,0.00
1789375946409,169.713,1281,1091,1224,80.1,0.0,0.0,0.0,0.00
1789375946458,169.762,1281,1091,1224,80.1,0.0,0.0,0.0,0.00
1789375946507,169.811,1281,1091,1224,80.1,0.0,0.0,0.0,0.00
1789375946553,169.857,1281,1091,1224,80.1,0.0,0.0,0.0,0.00
1789375946601,169.905,1281,1091,1224,80.1,0.0,0.0,0.0,0.00
1789375946647,169.951,1281,1091,1224,80.1,0.0,0.0,0.0,0.00
1789375946696,170.000,1281,1091,1224,80.1,0.0,0.0,0.0,0.00
1789375946743,170.047,1281,1091,1224,80.1,0.0,0.0,0.0,0.00
1789375946790,170.094,1281,1091,1224,80.1,0.0,0.0,0.0,0.00
1789375946838,170.142,1281,1091,1224,80.1,0.0,0.0,0.0,0.00
1789375946881,170.185,1281,1091,1224,80.1,0.0,0.0,0.0,0.00
1789375946923,170.227,1281,1091,1224,80.1,0.0,0.0,0.0,0.00
1789375946971,170.275,1281,1091,1224,80.1,0.0,0.0,0.0,0.00
1789375947018,170.322,1281,1091,1224,80.1,0.0,0.0,0.0,0.00
1789375947067,170.371,1281,1091,1224,80.1,0.0,0.0,0.0,0.00
1789375947113,170.417,1281,1091,1224,80.1,0.0,0.0,0.0,0.00
1789375947161,170.465,1281,1091,1224,80.1,0.0,0.0,0.0,0.00
1789375947208,170.512,1281,1091,1224,80.1,0.0,0.0,0.0,0.00
1789375947254,170.558,1281,1091,1224,80.1,0.0,0.0,0.0,0.00
1789375947304,170.608,1281,1091,1224,80.1,0.0,0.0,0.0,0.00
1789375947349,170.653,1281,1091,1224,80.1,0.0,0.0,0.0,0.00
1789375947396,170.700,1281,1091,1224,80.1,0.0,0.0,0.0,0.00
1789375947444,170.748,1281,1091,1224,80.1,0.0,0.0,0.0,0.00
1789375947492,170.796,1281,1091,1224,80.1,0.0,0.0,0.0,0.00
1789375947539,170.843,1281,1091,1224,80.1,0.0,0.0,0.0,0.00
1789375947586,170.890,1281,1091,1224,80.1,0.0,0.0,0.0,0.00
1789375947633,170.937,1281,1091,1224,80.1,0.0,0.0,0.0,0.00
1789375947681,170.985,1281,1091,1224,80.1,0.0,0.0,0.0,0.00
1789375947728,171.032,1281,1091,1224,80.1,0.0,0.0,0.0,0.00
1789375947773,171.077,1281,1091,1224,80.1,0.0,0.0,0.0,0.00
1789375947820,171.124,1281,1091,1224,80.1,0.0,0.0,0.0,0.00
1789375947869,171.173,1281,1091,1224,80.1,0.0,0.0,0.0,0.00
1789375947913,171.217,1281,1091,1224,80.1,0.0,0.0,0.0,0.00
1789375947961,171.265,1281,1091,1224,80.1,0.0,0.0,0.0,0.00
1789375948004,171.308,1281,1091,1224,80.1,0.0,0.0,0.0,0.00
1789375948048,171.352,1281,1091,1224,80.1,0.0,0.0,0.0,0.00
1789375948095,171.399,1281,1091,1224,80.1,0.0,0.0,0.0,0.00
1789375948142,171.446,1281,1091,1224,80.1,0.0,0.0,0.0,0.00
1789375948189,171.493,1281,1091,1224,80.1,0.0,0.0,0.0,0.00
1789375948237,171.541,1281,1091,1224,80.1,0.0,0.0,0.0,0.00
1789375948282,171.586,1281,1091,1224,80.1,0.0,0.0,0.0,0.00
1789375948327,171.631,1281,1091,1224,80.1,0.0,0.0,0.0,0.00
1789375948377,171.681,1281,1091,1224,80.1,0.0,0.0,0.0,0.00
1789375948423,171.727,1281,1091,1224,80.1,0.0,0.0,0.0,0.00
1789375948468,171.772,1281,1091,1224,80.1,0.0,0.0,0.0,0.00
1789375948517,171.821,1281,1091,1224,80.1,0.0,0.0,0.0,0.00
1789375948563,171.867,1281,1091,1224,80.1,0.0,0.0,0.0,0.00
1789375948611,171.915,1281,1091,1224,80.1,0.0,0.0,0.0,0.00
1789375948657,171.961,1281,1091,1224,80.1,0.0,0.0,0.0,0.00
1789375948703,172.007,1281,1091,1224,80.1,0.0,0.0,0.0,0.00
1789375948749,172.053,1281,1091,1224,80.1,0.0,0.0,0.0,0.00
1789375948796,172.100,1281,1091,1224,80.1,0.0,0.0,0.0,0.00
1789375948844,172.148,1281,1091,1224,80.1,0.0,0.0,0.0,0.00
1789375948890,172.194,1281,1091,1224,80.1,0.0,0.0,0.0,0.00
1789375948935,172.239,1281,1091,1224,80.1,0.0,0.0,0.0,0.00
1789375948980,172.284,1281,1091,1224,80.1,0.0,0.0,0.0,0.00
1789375949026,172.330,1281,1091,1224,80.1,0.0,0.0,0.0,0.00
1789375949073,172.377,1281,1091,1224,80.1,0.0,0.0,0.0,0.00
1789375949122,172.426,1281,1091,1224,80.1,0.0,0.0,0.0,0.00
1789375949168,172.472,1281,1091,1224,80.1,0.0,0.0,0.0,0.00
1789375949214,172.518,1281,1091,1224,80.1,0.0,0.0,0.0,0.00
1789375949260,172.564,1281,1091,1224,80.1,0.0,0.0,0.0,0.00
1789375949308,172.612,1281,1091,1224,80.1,0.0,0.0,0.0,0.00
1789375949355,172.659,1281,1091,1224,80.1,0.0,0.0,0.0,0.00
1789375949404,172.708,1281,1091,1224,80.1,0.0,0.0,0.0,0.00
1789375949454,172.758,1281,1091,1224,80.1,0.0,0.0,0.0,0.00
1789375949502,172.806,1281,1091,1224,80.1,0.0,0.0,0.0,0.00
1789375949550,172.854,1281,1091,1224,80.1,0.0,0.0,0.0,0.00
1789375949598,172.902,1281,1091,1224,80.1,0.0,0.0,0.0,0.00
1789375949646,172.950,1281,1091,1224,80.1,0.0,0.0,0.0,0.00
1789375949693,172.997,1281,1091,1224,80.1,0.0,0.0,0.0,0.00
1789375949738,173.042,1281,1091,1224,80.1,0.0,0.0,0.0,0.00
1789375949786,173.090,1281,1091,1224,80.1,0.0,0.0,0.0,0.00
1789375949832,173.136,1281,1091,1224,80.1,0.0,0.0,0.0,0.00
1789375949880,173.184,1281,1091,1224,80.1,0.0,0.0,0.0,0.00
1789375949925,173.229,1281,1091,1224,80.1,0.0,0.0,0.0,0.00
1789375949971,173.275,1281,1091,1224,80.1,0.0,0.0,0.0,0.00
1789375950019,173.323,1281,1091,1224,80.1,0.0,0.0,0.0,0.00
1789375950065,173.369,1281,1091,1224,80.1,0.0,0.0,0.0,0.00
1789375950113,173.417,1281,1091,1224,80.1,0.0,0.0,0.0,0.00
1789375950159,173.463,1281,1091,1224,80.1,0.0,0.0,0.0,0.00
1789375950212,173.516,1281,1091,1224,80.1,0.0,0.0,0.0,0.00
1789375950256,173.560,1281,1091,1224,80.1,0.0,0.0,0.0,0.00
1789375950301,173.605,1281,1091,1224,80.1,0.0,0.0,0.0,0.00
1789375950347,173.651,1281,1091,1224,80.1,0.0,0.0,0.0,0.00
1789375950394,173.698,1281,1091,1224,80.1,0.0,0.0,0.0,0.00
1789375950439,173.743,1281,1091,1224,80.1,0.0,0.0,0.0,0.00
1789375950486,173.790,1281,1091,1224,80.1,0.0,0.0,0.0,0.00
1789375950532,173.836,1281,1091,1224,80.1,0.0,0.0,0.0,0.00
1789375950579,173.883,1281,1091,1224,80.1,0.0,0.0,0.0,0.00
1789375950626,173.930,1281,1091,1224,80.1,0.0,0.0,0.0,0.00
1789375950671,173.975,1281,1091,1224,80.1,0.0,0.0,0.0,0.00
1789375950717,174.021,1281,1091,1224,80.1,0.0,0.0,0.0,0.00
1789375950765,174.069,1281,1091,1224,80.1,0.0,0.0,0.0,0.00
1789375950813,174.117,1281,1091,1224,80.1,0.0,0.0,0.0,0.00
1789375950859,174.163,1281,1091,1224,80.1,0.0,0.0,0.0,0.00
1789375950905,174.209,1281,1091,1224,80.1,0.0,0.0,0.0,0.00
1789375950949,174.253,1281,1091,1224,80.1,0.0,0.0,0.0,0.00
1789375950994,174.298,1281,1091,1224,80.1,0.0,0.0,0.0,0.00
1789375951038,174.342,1281,1091,1224,80.1,0.0,0.0,0.0,0.00
1789375951083,174.387,1281,1091,1224,80.1,0.0,0.0,0.0,0.00
1789375951129,174.433,1281,1091,1224,80.1,0.0,0.0,0.0,0.00
1789375951175,174.479,1281,1091,1224,80.1,0.0,0.0,0.0,0.00
1789375951222,174.526,1281,1091,1224,80.1,0.0,0.0,0.0,0.00
1789375951266,174.570,1281,1091,1224,80.1,0.0,0.0,0.0,0.00
1789375951310,174.614,1281,1091,1224,80.1,0.0,0.0,0.0,0.00
1789375951356,174.660,1281,1091,1224,80.1,0.0,0.0,0.0,0.00
1789375951399,174.703,1281,1091,1224,80.1,0.0,0.0,0.0,0.00
1789375951443,174.747,1281,1091,1224,80.1,0.0,0.0,0.0,0.00
1789375951488,174.792,1281,1091,1224,80.1,0.0,0.0,0.0,0.00
1789375951534,174.838,1281,1091,1224,80.1,0.0,0.0,0.0,0.00
1789375951580,174.884,1281,1091,1224,80.1,0.0,0.0,0.0,0.00
1789375951625,174.929,1281,1091,1224,80.1,0.0,0.0,0.0,0.00
1789375951668,174.972,1281,1091,1224,80.1,0.0,0.0,0.0,0.00
1789375951713,175.017,1281,1091,1224,80.1,0.0,0.0,0.0,0.00
1789375951757,175.061,1281,1091,1224,80.1,0.0,0.0,0.0,0.00
1789375951802,175.106,1281,1091,1224,80.1,0.0,0.0,0.0,0.00
1789375951848,175.152,1281,1091,1224,80.1,0.0,0.0,0.0,0.00
1789375951895,175.199,1281,1091,1224,80.1,0.0,0.0,0.0,0.00
1789375951941,175.245,1281,1091,1224,80.1,0.0,0.0,0.0,0.00
1789375951989,175.293,1281,1091,1224,80.1,0.0,0.0,0.0,0.00
1789375952036,175.340,1281,1091,1224,80.1,0.0,0.0,0.0,0.00
1789375952082,175.386,1281,1091,1224,80.1,0.0,0.0,0.0,0.00
1789375952132,175.436,1281,1091,1224,80.1,0.0,0.0,0.0,0.00
1789375952178,175.482,1281,1091,1224,80.1,0.0,0.0,0.0,0.00
1789375952225,175.529,1281,1091,1224,80.1,0.0,0.0,0.0,0.00
1789375952271,175.575,1281,1091,1224,80.1,0.0,0.0,0.0,0.00
1789375952319,175.623,1281,1091,1224,80.1,0.0,0.0,0.0,0.00
1789375952364,175.668,1281,1091,1224,80.1,0.0,0.0,0.0,0.00
1789375952410,175.714,1281,1091,1224,80.1,0.0,0.0,0.0,0.00
1789375952456,175.760,1281,1091,1224,80.1,0.0,0.0,0.0,0.00
1789375952505,175.809,1281,1091,1224,80.1,0.0,0.0,0.0,0.00
1789375952552,175.856,1281,1091,1224,80.1,0.0,0.0,0.0,0.00
1789375952598,175.902,1281,1091,1224,80.1,0.0,0.0,0.0,0.00
1789375952646,175.950,1281,1091,1224,80.1,0.0,0.0,0.0,0.00
1789375952693,175.997,1281,1091,1224,80.1,0.0,0.0,0.0,0.00
1789375952740,176.044,1281,1091,1224,80.1,0.0,0.0,0.0,0.00
1789375952788,176.092,1281,1091,1224,80.1,0.0,0.0,0.0,0.00
1789375952835,176.139,1281,1091,1224,80.1,0.0,0.0,0.0,0.00
1789375952884,176.188,1281,1091,1224,80.1,0.0,0.0,0.0,0.00
1789375952933,176.237,1281,1091,1224,80.1,0.0,0.0,0.0,0.00
1789375952980,176.284,1281,1091,1224,80.1,0.0,0.0,0.0,0.00
1789375953028,176.332,1281,1091,1224,80.1,0.0,0.0,0.0,0.00
1789375953076,176.380,1281,1091,1224,80.1,0.0,0.0,0.0,0.00
1789375953124,176.428,1281,1091,1224,80.1,0.0,0.0,0.0,0.00
1789375953171,176.475,1281,1091,1224,80.1,0.0,0.0,0.0,0.00
1789375953216,176.520,1281,1091,1224,80.1,0.0,0.0,0.0,0.00
1789375953258,176.562,1281,1091,1224,80.1,0.0,0.0,0.0,0.00
1789375953299,176.603,1281,1091,1224,80.1,0.0,0.0,0.0,0.00
1789375953341,176.645,1281,1091,1224,80.1,0.0,0.0,0.0,0.00
1789375953388,176.692,1281,1091,1224,80.1,0.0,0.0,0.0,0.00
1789375953434,176.738,1281,1091,1224,80.1,0.0,0.0,0.0,0.00
1789375953481,176.785,1281,1091,1224,80.1,0.0,0.0,0.0,0.00
1789375953527,176.831,1281,1091,1224,80.1,0.0,0.0,0.0,0.00
1789375953580,176.884,1281,1091,1224,80.1,0.0,0.0,0.0,0.00
1789375953631,176.935,1281,1091,1224,80.1,0.0,0.0,0.0,0.00
1789375953675,176.979,1281,1091,1224,80.1,0.0,0.0,0.0,0.00
1789375953722,177.026,1281,1091,1224,80.1,0.0,0.0,0.0,0.00
1789375953770,177.074,1281,1091,1224,80.1,0.0,0.0,0.0,0.00
1789375953818,177.122,1281,1091,1224,80.1,0.0,0.0,0.0,0.00
1789375953865,177.169,1281,1091,1224,80.1,0.0,0.0,0.0,0.00
1789375953907,177.211,1281,1091,1224,80.1,0.0,0.0,0.0,0.00
1789375953953,177.257,1281,1091,1224,80.1,0.0,0.0,0.0,0.00
1789375954000,177.304,1281,1091,1224,80.1,0.0,0.0,0.0,0.00
1789375954046,177.350,1281,1091,1224,80.1,0.0,0.0,0.0,0.00
1789375954093,177.397,1281,1091,1224,80.1,0.0,0.0,0.0,0.00
1789375954138,177.442,1281,1091,1224,80.1,0.0,0.0,0.0,0.00
1789375954187,177.491,1281,1091,1224,80.1,0.0,0.0,0.0,0.00
1789375954234,177.538,1281,1091,1224,80.1,0.0,0.0,0.0,0.00
1789375954281,177.585,1281,1091,1224,80.1,0.0,0.0,0.0,0.00
1789375954327,177.631,1281,1091,1224,80.1,0.0,0.0,0.0,0.00
1789375954372,177.676,1281,1091,1224,80.1,0.0,0.0,0.0,0.00
1789375954418,177.722,1281,1091,1224,80.1,0.0,0.0,0.0,0.00
1789375954465,177.769,1281,1091,1224,80.1,0.0,0.0,0.0,0.00
1789375954512,177.816,1281,1091,1224,80.1,0.0,0.0,0.0,0.00
1789375954559,177.863,1281,1091,1224,80.1,0.0,0.0,0.0,0.00
1789375954607,177.911,1281,1091,1224,80.1,0.0,0.0,0.0,0.00
1789375954654,177.958,1281,1091,1224,80.1,0.0,0.0,0.0,0.00
1789375954700,178.004,1281,1091,1224,80.1,0.0,0.0,0.0,0.00
1789375954745,178.049,1281,1091,1224,80.1,0.0,0.0,0.0,0.00
1789375954793,178.097,1281,1091,1224,80.1,0.0,0.0,0.0,0.00
1789375954838,178.142,1281,1091,1224,80.1,0.0,0.0,0.0,0.00
1789375954885,178.189,1281,1091,1224,80.1,0.0,0.0,0.0,0.00
1789375954930,178.234,1281,1091,1224,80.1,0.0,0.0,0.0,0.00
1789375954974,178.278,1281,1091,1224,80.1,0.0,0.0,0.0,0.00
1789375955020,178.324,1281,1091,1224,80.1,0.0,0.0,0.0,0.00
1789375955066,178.370,1281,1091,1224,80.1,0.0,0.0,0.0,0.00
1789375955114,178.418,1281,1091,1224,80.1,0.0,0.0,0.0,0.00
1789375955162,178.466,1281,1091,1224,80.1,0.0,0.0,0.0,0.00
1789375955209,178.513,1281,1091,1224,80.1,0.0,0.0,0.0,0.00
1789375955259,178.563,1281,1091,1224,80.1,0.0,0.0,0.0,0.00
1789375955307,178.611,1281,1091,1224,80.1,0.0,0.0,0.0,0.00
1789375955353,178.657,1281,1091,1224,80.1,0.0,0.0,0.0,0.00
1789375955400,178.704,1281,1091,1224,80.1,0.0,0.0,0.0,0.00
1789375955446,178.750,1281,1091,1224,80.1,0.0,0.0,0.0,0.00
1789375955494,178.798,1281,1091,1224,80.1,0.0,0.0,0.0,0.00
1789375955542,178.846,1281,1091,1224,80.1,0.0,0.0,0.0,0.00
1789375955588,178.892,1281,1091,1224,80.1,0.0,0.0,0.0,0.00
1789375955635,178.939,1281,1091,1224,80.1,0.0,0.0,0.0,0.00
1789375955682,178.986,1281,1091,1224,80.1,0.0,0.0,0.0,0.00
1789375955730,179.034,1281,1091,1224,80.1,0.0,0.0,0.0,0.00
1789375955776,179.080,1281,1091,1224,80.1,0.0,0.0,0.0,0.00
1789375955823,179.127,1281,1091,1224,80.1,0.0,0.0,0.0,0.00
1789375955869,179.173,1281,1091,1224,80.1,0.0,0.0,0.0,0.00
1789375955915,179.219,1281,1091,1224,80.1,0.0,0.0,0.0,0.00
1789375955960,179.264,1281,1091,1224,80.1,0.0,0.0,0.0,0.00
1789375956008,179.312,1281,1091,1224,80.1,0.0,0.0,0.0,0.00
1789375956058,179.362,1281,1091,1224,80.1,0.0,0.0,0.0,0.00
1789375956106,179.410,1281,1091,1224,80.1,0.0,0.0,0.0,0.00
1789375956154,179.458,1281,1091,1224,80.1,0.0,0.0,0.0,0.00
1789375956198,179.502,1281,1091,1224,80.1,0.0,0.0,0.0,0.00
1789375956241,179.545,1281,1091,1224,80.1,0.0,0.0,0.0,0.00
1789375956285,179.589,1281,1091,1224,80.1,0.0,0.0,0.0,0.00
1789375956333,179.637,1281,1091,1224,80.1,0.0,0.0,0.0,0.00
1789375956380,179.684,1281,1091,1224,80.1,0.0,0.0,0.0,0.00
1789375956428,179.732,1281,1091,1224,80.1,0.0,0.0,0.0,0.00
1789375956475,179.779,1281,1091,1224,80.1,0.0,0.0,0.0,0.00
1789375956525,179.829,1281,1091,1224,80.1,0.0,0.0,0.0,0.00
1789375956571,179.875,1281,1091,1224,80.1,0.0,0.0,0.0,0.00
1789375956614,179.918,1281,1091,1224,80.1,0.0,0.0,0.0,0.00
1789375956659,179.963,1281,1091,1224,80.1,0.0,0.0,0.0,0.00
1789375956705,180.009,1281,1091,1224,80.1,0.0,0.0,0.0,0.00
1789375956753,180.057,1281,1091,1224,80.1,0.0,0.0,0.0,0.00
1789375956797,180.101,1281,1091,1224,80.1,0.0,0.0,0.0,0.00
1789375956841,180.145,1281,1091,1224,80.1,0.0,0.0,0.0,0.00
1789375956888,180.192,1281,1091,1224,80.1,0.0,0.0,0.0,0.00
1789375956935,180.239,1281,1091,1224,80.1,0.0,0.0,0.0,0.00
1789375956983,180.287,1281,1091,1224,80.1,0.0,0.0,0.0,0.00
1789375957026,180.330,1281,1091,1224,80.1,0.0,0.0,0.0,0.00
1789375957070,180.374,1281,1091,1224,80.1,0.0,0.0,0.0,0.00
1789375957114,180.418,1281,1091,1224,80.1,0.0,0.0,0.0,0.00
1789375957159,180.463,1281,1091,1224,80.1,0.0,0.0,0.0,0.00
1789375957207,180.511,1281,1091,1224,80.1,0.0,0.0,0.0,0.00
1789375957251,180.555,1281,1091,1224,80.1,0.0,0.0,0.0,0.00
1789375957297,180.601,1281,1091,1224,80.1,0.0,0.0,0.0,0.00
1789375957344,180.648,1281,1091,1224,80.1,0.0,0.0,0.0,0.00
1789375957391,180.695,1281,1091,1224,80.1,0.0,0.0,0.0,0.00
1789375957443,180.747,1281,1091,1224,80.1,0.0,0.0,0.0,0.00
1789375957492,180.796,1281,1091,1224,80.1,0.0,0.0,0.0,0.00
1789375957538,180.842,1281,1091,1224,80.1,0.0,0.0,0.0,0.00
1789375957591,180.895,1281,1091,1224,80.1,0.0,0.0,0.0,0.00
1789375957641,180.945,1281,1091,1224,80.1,0.0,0.0,0.0,0.00
1789375957685,180.989,1281,1091,1224,80.1,0.0,0.0,0.0,0.00
1789375957727,181.031,1281,1091,1224,80.1,0.0,0.0,0.0,0.00
1789375957773,181.077,1281,1091,1224,80.1,0.0,0.0,0.0,0.00
1789375957820,181.124,1281,1091,1224,80.1,0.0,0.0,0.0,0.00
1789375957868,181.172,1281,1091,1224,80.1,0.0,0.0,0.0,0.00
1789375957915,181.219,1281,1091,1224,80.1,0.0,0.0,0.0,0.00
1789375957961,181.265,1281,1091,1224,80.1,0.0,0.0,0.0,0.00
1789375958007,181.311,1281,1091,1224,80.1,0.0,0.0,0.0,0.00
1789375958049,181.353,1281,1091,1224,80.1,0.0,0.0,0.0,0.00
1789375958094,181.398,1281,1091,1224,80.1,0.0,0.0,0.0,0.00
1789375958138,181.442,1281,1091,1224,80.1,0.0,0.0,0.0,0.00
1789375958181,181.485,1281,1091,1224,80.1,0.0,0.0,0.0,0.00
1789375958227,181.531,1281,1091,1224,80.1,0.0,0.0,0.0,0.00
1789375958277,181.581,1281,1091,1224,80.1,0.0,0.0,0.0,0.00
1789375958332,181.636,1281,1091,1224,80.1,0.0,0.0,0.0,0.00
1789375958380,181.684,1281,1091,1224,80.1,0.0,0.0,0.0,0.00
1789375958428,181.732,1281,1091,1224,80.1,0.0,0.0,0.0,0.00
1789375958475,181.779,1281,1091,1224,80.1,0.0,0.0,0.0,0.00
1789375958524,181.828,1281,1091,1224,80.1,0.0,0.0,0.0,0.00
1789375958571,181.875,1281,1091,1224,80.1,0.0,0.0,0.0,0.00
1789375958618,181.922,1281,1091,1224,80.1,0.0,0.0,0.0,0.00
1789375958669,181.973,1281,1091,1224,80.1,0.0,0.0,0.0,0.00
1789375958717,182.021,1281,1091,1224,80.1,0.0,0.0,0.0,0.00
1789375958767,182.071,1281,1091,1224,80.1,0.0,0.0,0.0,0.00
1789375958815,182.119,1281,1091,1224,80.1,0.0,0.0,0.0,0.00
1789375958863,182.167,1281,1091,1224,80.1,0.0,0.0,0.0,0.00
1789375958911,182.215,1281,1091,1224,80.1,0.0,0.0,0.0,0.00
1789375958956,182.260,1281,1091,1224,80.1,0.0,0.0,0.0,0.00
1789375959002,182.306,1281,1091,1224,80.1,0.0,0.0,0.0,0.00
1789375959050,182.354,1281,1091,1224,80.1,0.0,0.0,0.0,0.00
1789375959103,182.407,1281,1091,1224,80.1,0.0,0.0,0.0,0.00
1789375959146,182.450,1281,1091,1224,80.1,0.0,0.0,0.0,0.00
1789375959194,182.498,1281,1091,1224,80.1,0.0,0.0,0.0,0.00
1789375959240,182.544,1281,1091,1224,80.1,0.0,0.0,0.0,0.00
1789375959290,182.594,1281,1091,1224,80.1,0.0,0.0,0.0,0.00
1789375959341,182.645,1281,1091,1224,80.1,0.0,0.0,0.0,0.00
1789375959386,182.690,1281,1091,1224,80.1,0.0,0.0,0.0,0.00
1789375959433,182.737,1281,1091,1224,80.1,0.0,0.0,0.0,0.00
1789375959476,182.780,1281,1091,1224,80.1,0.0,0.0,0.0,0.00
1789375959525,182.829,1281,1091,1224,80.1,0.0,0.0,0.0,0.00
1789375959577,182.881,1281,1091,1224,80.1,0.0,0.0,0.0,0.00
1789375959627,182.931,1281,1091,1224,80.1,0.0,0.0,0.0,0.00
1789375959679,182.983,1281,1091,1224,80.1,0.0,0.0,0.0,0.00
1789375959729,183.033,1281,1091,1224,80.1,0.0,0.0,0.0,0.00
1789375959780,183.084,1281,1091,1224,80.1,0.0,0.0,0.0,0.00
1789375959833,183.137,1281,1091,1224,80.1,0.0,0.0,0.0,0.00
1789375959884,183.188,1281,1091,1224,80.1,0.0,0.0,0.0,0.00
1789375959935,183.239,1281,1091,1224,80.1,0.0,0.0,0.0,0.00
1789375959987,183.291,1281,1091,1224,80.1,0.0,0.0,0.0,0.00
1789375960039,183.343,1281,1091,1224,80.1,0.0,0.0,0.0,0.00
1789375960090,183.394,1281,1091,1224,80.1,0.0,0.0,0.0,0.00
1789375960143,183.447,1281,1091,1224,80.1,0.0,0.0,0.0,0.00
1789375960195,183.499,1281,1091,1224,80.1,0.0,0.0,0.0,0.00
1789375960251,183.555,1281,1091,1224,80.1,0.0,0.0,0.0,0.00
1789375960307,183.611,1281,1091,1224,80.1,0.0,0.0,0.0,0.00
1789375960350,183.654,1281,1091,1224,80.1,0.0,0.0,0.0,0.00
1789375960397,183.701,1281,1091,1224,80.1,0.0,0.0,0.0,0.00
1789375960444,183.748,1281,1091,1224,80.1,0.0,0.0,0.0,0.00
1789375960490,183.794,1281,1091,1224,80.1,0.0,0.0,0.0,0.00
1789375960537,183.841,1281,1091,1224,80.1,0.0,0.0,0.0,0.00
1789375960585,183.889,1281,1091,1224,80.1,0.0,0.0,0.0,0.00
1789375960634,183.938,1281,1091,1224,80.1,0.0,0.0,0.0,0.00
1789375960682,183.986,1281,1091,1224,80.1,0.0,0.0,0.0,0.00
1789375960730,184.034,1281,1091,1224,80.1,0.0,0.0,0.0,0.00
1789375960777,184.081,1281,1091,1224,80.1,0.0,0.0,0.0,0.00
1789375960826,184.130,1281,1091,1224,80.1,0.0,0.0,0.0,0.00
1789375960874,184.178,1281,1091,1224,80.1,0.0,0.0,0.0,0.00
1789375960924,184.228,1281,1091,1224,80.1,0.0,0.0,0.0,0.00
1789375960973,184.277,1281,1091,1224,80.1,0.0,0.0,0.0,0.00
1789375961023,184.327,1281,1091,1224,80.1,0.0,0.0,0.0,0.00
1789375961073,184.377,1281,1091,1224,80.1,0.0,0.0,0.0,0.00
1789375961122,184.426,1281,1091,1224,80.1,0.0,0.0,0.0,0.00
1789375961171,184.475,1281,1091,1224,80.1,0.0,0.0,0.0,0.00
1789375961219,184.523,1281,1091,1224,80.1,0.0,0.0,0.0,0.00
1789375961268,184.572,1281,1091,1224,80.1,0.0,0.0,0.0,0.00
1789375961317,184.621,1281,1091,1224,80.1,0.0,0.0,0.0,0.00
1789375961367,184.671,1281,1091,1224,80.1,0.0,0.0,0.0,0.00
1789375961415,184.719,1281,1091,1224,80.1,0.0,0.0,0.0,0.00
1789375961463,184.767,1281,1091,1224,80.1,0.0,0.0,0.0,0.00
1789375961515,184.819,1281,1091,1224,80.1,0.0,0.0,0.0,0.00
1789375961567,184.871,1281,1091,1224,80.1,0.0,0.0,0.0,0.00
1789375961615,184.919,1281,1091,1224,80.1,0.0,0.0,0.0,0.00
1789375961662,184.966,1281,1091,1224,80.1,0.0,0.0,0.0,0.00
1789375961711,185.015,1281,1091,1224,80.1,0.0,0.0,0.0,0.00
1789375961754,185.058,1281,1091,1224,80.1,0.0,0.0,0.0,0.00
1789375961798,185.102,1281,1091,1224,80.1,0.0,0.0,0.0,0.00
1789375961841,185.145,1281,1091,1224,80.1,0.0,0.0,0.0,0.00
1789375961889,185.193,1281,1091,1224,80.1,0.0,0.0,0.0,0.00
1789375961937,185.241,1281,1091,1224,80.1,0.0,0.0,0.0,0.00
1789375961985,185.289,1281,1091,1224,80.1,0.0,0.0,0.0,0.00
1789375962033,185.337,1281,1091,1224,80.1,0.0,0.0,0.0,0.00
1789375962082,185.386,1281,1091,1224,80.1,0.0,0.0,0.0,0.00
1789375962131,185.435,1281,1091,1224,80.1,0.0,0.0,0.0,0.00
1789375962181,185.485,1281,1091,1224,80.1,0.0,0.0,0.0,0.00
1789375962231,185.535,1281,1091,1224,80.1,0.0,0.0,0.0,0.00
1789375962281,185.585,1281,1091,1224,80.1,0.0,0.0,0.0,0.00
1789375962330,185.634,1281,1091,1224,80.1,0.0,0.0,0.0,0.00
1789375962378,185.682,1281,1091,1224,80.1,0.0,0.0,0.0,0.00
1789375962422,185.726,1281,1091,1224,80.1,0.0,0.0,0.0,0.00
1789375962466,185.770,1281,1091,1224,80.1,0.0,0.0,0.0,0.00
1789375962510,185.814,1281,1091,1224,80.1,0.0,0.0,0.0,0.00
1789375962553,185.857,1281,1091,1224,80.1,0.0,0.0,0.0,0.00
1789375962599,185.903,1281,1091,1224,80.1,0.0,0.0,0.0,0.00
1789375962642,185.946,1281,1091,1224,80.1,0.0,0.0,0.0,0.00
1789375962687,185.991,1281,1091,1224,80.1,0.0,0.0,0.0,0.00
1789375962733,186.037,1281,1091,1224,80.1,0.0,0.0,0.0,0.00
1789375962778,186.082,1281,1091,1224,80.1,0.0,0.0,0.0,0.00
1789375962823,186.127,1281,1091,1224,80.1,0.0,0.0,0.0,0.00
1789375962871,186.175,1281,1091,1224,80.1,0.0,0.0,0.0,0.00
1789375962919,186.223,1281,1091,1224,80.1,0.0,0.0,0.0,0.00
1789375962968,186.272,1281,1091,1224,80.1,0.0,0.0,0.0,0.00
1789375963016,186.320,1281,1091,1224,80.1,0.0,0.0,0.0,0.00
1789375963062,186.366,1281,1091,1224,80.1,0.0,0.0,0.0,0.00
1789375963108,186.412,1281,1091,1224,80.1,0.0,0.0,0.0,0.00
1789375963156,186.460,1281,1091,1224,80.1,0.0,0.0,0.0,0.00
1789375963203,186.507,1281,1091,1224,80.1,0.0,0.0,0.0,0.00
1789375963251,186.555,1281,1091,1224,80.1,0.0,0.0,0.0,0.00
1789375963297,186.601,1281,1091,1224,80.1,0.0,0.0,0.0,0.00
1789375963346,186.650,1281,1091,1224,80.1,0.0,0.0,0.0,0.00
1789375963404,186.708,1281,1091,1224,80.1,0.0,0.0,0.0,0.00
1789375963457,186.761,1281,1091,1224,80.1,0.0,0.0,0.0,0.00
1789375963505,186.809,1281,1091,1224,80.1,0.0,0.0,0.0,0.00
1789375963552,186.856,1281,1091,1224,80.1,0.0,0.0,0.0,0.00
1789375963601,186.905,1281,1091,1224,80.1,0.0,0.0,0.0,0.00
1789375963649,186.953,1281,1091,1224,80.1,0.0,0.0,0.0,0.00
1789375963698,187.002,1281,1091,1224,80.1,0.0,0.0,0.0,0.00
1789375963743,187.047,1281,1091,1224,80.1,0.0,0.0,0.0,0.00
1789375963790,187.094,1281,1091,1224,80.1,0.0,0.0,0.0,0.00
1789375963839,187.143,1281,1091,1224,80.1,0.0,0.0,0.0,0.00
1789375963885,187.189,1281,1091,1224,80.1,0.0,0.0,0.0,0.00
1789375963931,187.235,1281,1091,1224,80.1,0.0,0.0,0.0,0.00
1789375963980,187.284,1281,1091,1224,80.1,0.0,0.0,0.0,0.00
1789375964029,187.333,1281,1091,1224,80.1,0.0,0.0,0.0,0.00
1789375964075,187.379,1281,1091,1224,80.1,0.0,0.0,0.0,0.00
1789375964122,187.426,1281,1091,1224,80.1,0.0,0.0,0.0,0.00
1789375964169,187.473,1281,1091,1224,80.1,0.0,0.0,0.0,0.00
1789375964216,187.520,1281,1091,1224,80.1,0.0,0.0,0.0,0.00
1789375964262,187.566,1281,1091,1224,80.1,0.0,0.0,0.0,0.00
1789375964309,187.613,1281,1091,1224,80.1,0.0,0.0,0.0,0.00
1789375964358,187.662,1281,1091,1224,80.1,0.0,0.0,0.0,0.00
1789375964406,187.710,1281,1091,1224,80.1,0.0,0.0,0.0,0.00
1789375964453,187.757,1281,1091,1224,80.1,0.0,0.0,0.0,0.00
1789375964499,187.803,1281,1091,1224,80.1,0.0,0.0,0.0,0.00
1789375964546,187.850,1281,1091,1224,80.1,0.0,0.0,0.0,0.00
1789375964595,187.899,1281,1091,1224,80.1,0.0,0.0,0.0,0.00
1789375964644,187.948,1281,1091,1224,80.1,0.0,0.0,0.0,0.00
1789375964691,187.995,1281,1091,1224,80.1,0.0,0.0,0.0,0.00
1789375964737,188.041,1281,1091,1224,80.1,0.0,0.0,0.0,0.00
1789375964784,188.088,1281,1091,1224,80.1,0.0,0.0,0.0,0.00
1789375964834,188.138,1281,1091,1224,80.1,0.0,0.0,0.0,0.00
1789375964883,188.187,1281,1091,1224,80.1,0.0,0.0,0.0,0.00
1789375964933,188.237,1281,1091,1224,80.1,0.0,0.0,0.0,0.00
1789375964980,188.284,1281,1091,1224,80.1,0.0,0.0,0.0,0.00
1789375965028,188.332,1281,1091,1224,80.1,0.0,0.0,0.0,0.00
1789375965074,188.378,1281,1091,1224,80.1,0.0,0.0,0.0,0.00
1789375965122,188.426,1281,1091,1224,80.1,0.0,0.0,0.0,0.00
1789375965168,188.472,1281,1091,1224,80.1,0.0,0.0,0.0,0.00
1789375965216,188.520,1281,1091,1224,80.1,0.0,0.0,0.0,0.00
1789375965264,188.568,1281,1091,1224,80.1,0.0,0.0,0.0,0.00
1789375965311,188.615,1281,1091,1224,80.1,0.0,0.0,0.0,0.00
1789375965361,188.665,1281,1091,1224,80.1,0.0,0.0,0.0,0.00
1789375965409,188.713,1281,1091,1224,80.1,0.0,0.0,0.0,0.00
1789375965455,188.759,1281,1091,1224,80.1,0.0,0.0,0.0,0.00
1789375965502,188.806,1281,1091,1224,80.1,0.0,0.0,0.0,0.00
1789375965551,188.855,1281,1091,1224,80.1,0.0,0.0,0.0,0.00
1789375965598,188.902,1281,1091,1224,80.1,0.0,0.0,0.0,0.00
1789375965645,188.949,1281,1091,1224,80.1,0.0,0.0,0.0,0.00
1789375965693,188.997,1281,1091,1224,80.1,0.0,0.0,0.0,0.00
1789375965741,189.045,1281,1091,1224,80.1,0.0,0.0,0.0,0.00
1789375965789,189.093,1281,1091,1224,80.1,0.0,0.0,0.0,0.00
1789375965838,189.142,1281,1091,1224,80.1,0.0,0.0,0.0,0.00
1789375965884,189.188,1281,1091,1224,80.1,0.0,0.0,0.0,0.00
1789375965933,189.237,1281,1091,1224,80.1,0.0,0.0,0.0,0.00
1789375965981,189.285,1281,1091,1224,80.1,0.0,0.0,0.0,0.00
1789375966030,189.334,1281,1091,1224,80.1,0.0,0.0,0.0,0.00
1789375966076,189.380,1281,1091,1224,80.1,0.0,0.0,0.0,0.00
1789375966122,189.426,1281,1091,1224,80.1,0.0,0.0,0.0,0.00
1789375966171,189.475,1281,1091,1224,80.1,0.0,0.0,0.0,0.00
1789375966221,189.525,1281,1091,1224,80.1,0.0,0.0,0.0,0.00
1789375966267,189.571,1281,1091,1224,80.1,0.0,0.0,0.0,0.00
1789375966313,189.617,1281,1091,1224,80.1,0.0,0.0,0.0,0.00
1789375966360,189.664,1281,1091,1224,80.1,0.0,0.0,0.0,0.00
1789375966408,189.712,1281,1091,1224,80.1,0.0,0.0,0.0,0.00
1789375966455,189.759,1281,1091,1224,80.1,0.0,0.0,0.0,0.00
1789375966505,189.809,1281,1091,1224,80.1,0.0,0.0,0.0,0.00
1789375966554,189.858,1281,1091,1224,80.1,0.0,0.0,0.0,0.00
1789375966603,189.907,1281,1091,1224,80.1,0.0,0.0,0.0,0.00
1789375966652,189.956,1281,1091,1224,80.1,0.0,0.0,0.0,0.00
1789375966699,190.003,1281,1091,1224,80.1,0.0,0.0,0.0,0.00
1789375966747,190.051,1281,1091,1224,80.1,0.0,0.0,0.0,0.00
1789375966797,190.101,1281,1091,1224,80.1,0.0,0.0,0.0,0.00
1789375966843,190.147,1281,1091,1224,80.1,0.0,0.0,0.0,0.00
1789375966891,190.195,1281,1091,1224,80.1,0.0,0.0,0.0,0.00
1789375966939,190.243,1281,1091,1224,80.1,0.0,0.0,0.0,0.00
1789375966985,190.289,1281,1091,1224,80.1,0.0,0.0,0.0,0.00
1789375967030,190.334,1281,1091,1224,80.1,0.0,0.0,0.0,0.00
1789375967077,190.381,1281,1091,1224,80.1,0.0,0.0,0.0,0.00
1789375967124,190.428,1281,1091,1224,80.1,0.0,0.0,0.0,0.00
1789375967172,190.476,1281,1091,1224,80.1,0.0,0.0,0.0,0.00
1789375967220,190.524,1281,1091,1224,80.1,0.0,0.0,0.0,0.00
1789375967267,190.571,1281,1091,1224,80.1,0.0,0.0,0.0,0.00
1789375967314,190.618,1281,1091,1224,80.1,0.0,0.0,0.0,0.00
1789375967363,190.667,1281,1091,1224,80.1,0.0,0.0,0.0,0.00
1789375967412,190.716,1281,1091,1224,80.1,0.0,0.0,0.0,0.00
1789375967460,190.764,1281,1091,1224,80.1,0.0,0.0,0.0,0.00
1789375967509,190.813,1281,1091,1224,80.1,0.0,0.0,0.0,0.00
1789375967558,190.862,1281,1091,1224,80.1,0.0,0.0,0.0,0.00
1789375967607,190.911,1281,1091,1224,80.1,0.0,0.0,0.0,0.00
1789375967652,190.956,1281,1091,1224,80.1,0.0,0.0,0.0,0.00
1789375967698,191.002,1281,1091,1224,80.1,0.0,0.0,0.0,0.00
1789375967744,191.048,1281,1091,1224,80.1,0.0,0.0,0.0,0.00
1789375967792,191.096,1281,1091,1224,80.1,0.0,0.0,0.0,0.00
1789375967839,191.143,1281,1091,1224,80.1,0.0,0.0,0.0,0.00
1789375967888,191.192,1281,1091,1224,80.1,0.0,0.0,0.0,0.00
1789375967935,191.239,1281,1091,1224,80.1,0.0,0.0,0.0,0.00
1789375967984,191.288,1281,1091,1224,80.1,0.0,0.0,0.0,0.00
1789375968029,191.333,1281,1091,1224,80.1,0.0,0.0,0.0,0.00
1789375968075,191.379,1281,1091,1224,80.1,0.0,0.0,0.0,0.00
1789375968122,191.426,1281,1091,1224,80.1,0.0,0.0,0.0,0.00
1789375968169,191.473,1281,1091,1224,80.1,0.0,0.0,0.0,0.00
1789375968217,191.521,1281,1091,1224,80.1,0.0,0.0,0.0,0.00
1789375968264,191.568,1281,1091,1224,80.1,0.0,0.0,0.0,0.00
1789375968312,191.616,1281,1091,1224,80.1,0.0,0.0,0.0,0.00
1789375968360,191.664,1281,1091,1224,80.1,0.0,0.0,0.0,0.00
1789375968406,191.710,1281,1091,1224,80.1,0.0,0.0,0.0,0.00
1789375968455,191.759,1281,1091,1224,80.1,0.0,0.0,0.0,0.00
1789375968502,191.806,1281,1091,1224,80.1,0.0,0.0,0.0,0.00
1789375968549,191.853,1281,1091,1224,80.1,0.0,0.0,0.0,0.00
1789375968598,191.902,1281,1091,1224,80.1,0.0,0.0,0.0,0.00
1789375968647,191.951,1281,1091,1224,80.1,0.0,0.0,0.0,0.00
1789375968695,191.999,1281,1091,1224,80.1,0.0,0.0,0.0,0.00
1789375968742,192.046,1281,1091,1224,80.1,0.0,0.0,0.0,0.00
1789375968790,192.094,1281,1091,1224,80.1,0.0,0.0,0.0,0.00
1789375968836,192.140,1281,1091,1224,80.1,0.0,0.0,0.0,0.00
1789375968886,192.190,1281,1091,1224,80.1,0.0,0.0,0.0,0.00
1789375968934,192.238,1281,1091,1224,80.1,0.0,0.0,0.0,0.00
1789375968983,192.287,1281,1091,1224,80.1,0.0,0.0,0.0,0.00
1789375969034,192.338,1281,1091,1224,80.1,0.0,0.0,0.0,0.00
1789375969078,192.382,1281,1091,1224,80.1,0.0,0.0,0.0,0.00
1789375969120,192.424,1281,1091,1224,80.1,0.0,0.0,0.0,0.00
1789375969169,192.473,1281,1091,1224,80.1,0.0,0.0,0.0,0.00
1789375969218,192.522,1281,1091,1224,80.1,0.0,0.0,0.0,0.00
1789375969265,192.569,1281,1091,1224,80.1,0.0,0.0,0.0,0.00
1789375969313,192.617,1281,1091,1224,80.1,0.0,0.0,0.0,0.00
1789375969361,192.665,1281,1091,1224,80.1,0.0,0.0,0.0,0.00
1789375969408,192.712,1281,1091,1224,80.1,0.0,0.0,0.0,0.00
1789375969458,192.762,1281,1091,1224,80.1,0.0,0.0,0.0,0.00
1789375969506,192.810,1281,1091,1224,80.1,0.0,0.0,0.0,0.00
1789375969554,192.858,1281,1091,1224,80.1,0.0,0.0,0.0,0.00
1789375969602,192.906,1281,1091,1224,80.1,0.0,0.0,0.0,0.00
1789375969649,192.953,1281,1091,1224,80.1,0.0,0.0,0.0,0.00
1789375969698,193.002,1281,1091,1224,80.1,0.0,0.0,0.0,0.00
1789375969744,193.048,1281,1091,1224,80.1,0.0,0.0,0.0,0.00
1789375969791,193.095,1281,1091,1224,80.1,0.0,0.0,0.0,0.00
1789375969839,193.143,1281,1091,1224,80.1,0.0,0.0,0.0,0.00
1789375969887,193.191,1281,1091,1224,80.1,0.0,0.0,0.0,0.00
1789375969935,193.239,1281,1091,1224,80.1,0.0,0.0,0.0,0.00
1789375969980,193.284,1281,1091,1224,80.1,0.0,0.0,0.0,0.00
1789375970025,193.329,1281,1091,1224,80.1,0.0,0.0,0.0,0.00
1789375970070,193.374,1281,1091,1224,80.1,0.0,0.0,0.0,0.00
1789375970113,193.417,1281,1091,1224,80.1,0.0,0.0,0.0,0.00
1789375970157,193.461,1281,1091,1224,80.1,0.0,0.0,0.0,0.00
1789375970201,193.505,1281,1091,1224,80.1,0.0,0.0,0.0,0.00
1789375970244,193.548,1281,1091,1224,80.1,0.0,0.0,0.0,0.00
1789375970287,193.591,1281,1091,1224,80.1,0.0,0.0,0.0,0.00
1789375970331,193.635,1281,1091,1224,80.1,0.0,0.0,0.0,0.00
1789375970374,193.678,1281,1091,1224,80.1,0.0,0.0,0.0,0.00
1789375970418,193.722,1281,1091,1224,80.1,0.0,0.0,0.0,0.00
1789375970462,193.766,1281,1091,1224,80.1,0.0,0.0,0.0,0.00
1789375970506,193.810,1281,1091,1224,80.1,0.0,0.0,0.0,0.00
1789375970549,193.853,1281,1091,1224,80.1,0.0,0.0,0.0,0.00
1789375970592,193.896,1281,1091,1224,80.1,0.0,0.0,0.0,0.00
1789375970635,193.939,1281,1091,1224,80.1,0.0,0.0,0.0,0.00
1789375970678,193.982,1281,1091,1224,80.1,0.0,0.0,0.0,0.00
1789375970722,194.026,1281,1091,1224,80.1,0.0,0.0,0.0,0.00
1789375970763,194.067,1281,1091,1224,80.1,0.0,0.0,0.0,0.00
1789375970809,194.113,1281,1091,1224,80.1,0.0,0.0,0.0,0.00
1789375970855,194.159,1281,1091,1224,80.1,0.0,0.0,0.0,0.00
1789375970897,194.201,1281,1091,1224,80.1,0.0,0.0,0.0,0.00
1789375970939,194.243,1281,1091,1224,80.1,0.0,0.0,0.0,0.00
1789375970979,194.283,1281,1091,1224,80.1,0.0,0.0,0.0,0.00
1789375971021,194.325,1281,1091,1224,80.1,0.0,0.0,0.0,0.00
1789375971061,194.365,1281,1091,1224,80.1,0.0,0.0,0.0,0.00
1789375971107,194.411,1281,1091,1224,80.1,0.0,0.0,0.0,0.00
1789375971150,194.454,1281,1091,1224,80.1,0.0,0.0,0.0,0.00
1789375971190,194.494,1281,1091,1224,80.1,0.0,0.0,0.0,0.00
1789375971230,194.534,1281,1091,1224,80.1,0.0,0.0,0.0,0.00
1789375971271,194.575,1281,1091,1224,80.1,0.0,0.0,0.0,0.00
1789375971311,194.615,1281,1091,1224,80.1,0.0,0.0,0.0,0.00
1789375971351,194.655,1281,1091,1224,80.1,0.0,0.0,0.0,0.00
1789375971392,194.696,1281,1091,1224,80.1,0.0,0.0,0.0,0.00
1789375971432,194.736,1281,1091,1224,80.1,0.0,0.0,0.0,0.00
1789375971471,194.775,1281,1091,1224,80.1,0.0,0.0,0.0,0.00
1789375971511,194.815,1281,1091,1224,80.1,0.0,0.0,0.0,0.00
1789375971551,194.855,1281,1091,1224,80.1,0.0,0.0,0.0,0.00
1789375971591,194.895,1281,1091,1224,80.1,0.0,0.0,0.0,0.00
1789375971630,194.934,1281,1091,1224,80.1,0.0,0.0,0.0,0.00
1789375971670,194.974,1281,1091,1224,80.1,0.0,0.0,0.0,0.00
1789375971708,195.012,1281,1091,1224,80.1,0.0,0.0,0.0,0.00
1789375971748,195.052,1281,1091,1224,80.1,0.0,0.0,0.0,0.00
1789375971789,195.093,1281,1091,1224,80.1,0.0,0.0,0.0,0.00
1789375971830,195.134,1281,1091,1224,80.1,0.0,0.0,0.0,0.00
1789375971872,195.176,1281,1091,1224,80.1,0.0,0.0,0.0,0.00
1789375971913,195.217,1281,1091,1224,80.1,0.0,0.0,0.0,0.00
1789375971953,195.257,1281,1091,1224,80.1,0.0,0.0,0.0,0.00
1789375971995,195.299,1281,1091,1224,80.1,0.0,0.0,0.0,0.00
1789375972036,195.340,1281,1091,1224,80.1,0.0,0.0,0.0,0.00
1789375972081,195.385,1281,1091,1224,80.1,0.0,0.0,0.0,0.00
1789375972122,195.426,1281,1091,1224,80.1,0.0,0.0,0.0,0.00
1789375972163,195.467,1281,1091,1224,80.1,0.0,0.0,0.0,0.00
1789375972204,195.508,1281,1091,1224,80.1,0.0,0.0,0.0,0.00
1789375972244,195.548,1281,1091,1224,80.1,0.0,0.0,0.0,0.00
1789375972283,195.587,1281,1091,1224,80.1,0.0,0.0,0.0,0.00
1789375972324,195.628,1281,1091,1224,80.1,0.0,0.0,0.0,0.00
1789375972368,195.672,1281,1091,1224,80.1,0.0,0.0,0.0,0.00
1789375972410,195.714,1281,1091,1224,80.1,0.0,0.0,0.0,0.00
1789375972451,195.755,1281,1091,1224,80.1,0.0,0.0,0.0,0.00
1789375972493,195.797,1281,1091,1224,80.1,0.0,0.0,0.0,0.00
1789375972534,195.838,1281,1091,1224,80.1,0.0,0.0,0.0,0.00
1789375972575,195.879,1281,1091,1224,80.1,0.0,0.0,0.0,0.00
1789375972616,195.920,1281,1091,1224,80.1,0.0,0.0,0.0,0.00
1789375972656,195.960,1281,1091,1224,80.1,0.0,0.0,0.0,0.00
1789375972695,195.999,1281,1091,1224,80.1,0.0,0.0,0.0,0.00
1789375972736,196.040,1281,1091,1224,80.1,0.0,0.0,0.0,0.00
1789375972777,196.081,1281,1091,1224,80.1,0.0,0.0,0.0,0.00
1789375972819,196.123,1281,1091,1224,80.1,0.0,0.0,0.0,0.00
1789375972860,196.164,1281,1091,1224,80.1,0.0,0.0,0.0,0.00
1789375972901,196.205,1281,1091,1224,80.1,0.0,0.0,0.0,0.00
1789375972942,196.246,1281,1091,1224,80.1,0.0,0.0,0.0,0.00
1789375972983,196.287,1281,1091,1224,80.1,0.0,0.0,0.0,0.00
1789375973023,196.327,1281,1091,1224,80.1,0.0,0.0,0.0,0.00
1789375973065,196.369,1281,1091,1224,80.1,0.0,0.0,0.0,0.00
1789375973105,196.409,1281,1091,1224,80.1,0.0,0.0,0.0,0.00
1789375973145,196.449,1281,1091,1224,80.1,0.0,0.0,0.0,0.00
1789375973186,196.490,1281,1091,1224,80.1,0.0,0.0,0.0,0.00
1789375973228,196.532,1281,1091,1224,80.1,0.0,0.0,0.0,0.00
1789375973268,196.572,1281,1091,1224,80.1,0.0,0.0,0.0,0.00
1789375973309,196.613,1281,1091,1224,80.1,0.0,0.0,0.0,0.00
1789375973349,196.653,1281,1091,1224,80.1,0.0,0.0,0.0,0.00
1789375973390,196.694,1281,1091,1224,80.1,0.0,0.0,0.0,0.00
1789375973431,196.735,1281,1091,1224,80.1,0.0,0.0,0.0,0.00
1789375973471,196.775,1281,1091,1224,80.1,0.0,0.0,0.0,0.00
1789375973512,196.816,1281,1091,1224,80.1,0.0,0.0,0.0,0.00
1789375973553,196.857,1281,1091,1224,80.1,0.0,0.0,0.0,0.00
1789375973594,196.898,1281,1091,1224,80.1,0.0,0.0,0.0,0.00
1789375973634,196.938,1281,1091,1224,80.1,0.0,0.0,0.0,0.00
1789375973676,196.980,1281,1091,1224,80.1,0.0,0.0,0.0,0.00
1789375973717,197.021,1281,1091,1224,80.1,0.0,0.0,0.0,0.00
1789375973757,197.061,1281,1091,1224,80.1,0.0,0.0,0.0,0.00
1789375973797,197.101,1281,1091,1224,80.1,0.0,0.0,0.0,0.00
1789375973838,197.142,1281,1091,1224,80.1,0.0,0.0,0.0,0.00
1789375973878,197.182,1281,1091,1224,80.1,0.0,0.0,0.0,0.00
1789375973918,197.222,1281,1091,1224,80.1,0.0,0.0,0.0,0.00
1789375973958,197.262,1281,1091,1224,80.1,0.0,0.0,0.0,0.00
1789375973998,197.302,1281,1091,1224,80.1,0.0,0.0,0.0,0.00
1789375974039,197.343,1281,1091,1224,80.1,0.0,0.0,0.0,0.00
1789375974079,197.383,1281,1091,1224,80.1,0.0,0.0,0.0,0.00
1789375974120,197.424,1281,1091,1224,80.1,0.0,0.0,0.0,0.00
1789375974160,197.464,1281,1091,1224,80.1,0.0,0.0,0.0,0.00
1789375974201,197.505,1281,1091,1224,80.1,0.0,0.0,0.0,0.00
1789375974242,197.546,1281,1091,1224,80.1,0.0,0.0,0.0,0.00
1789375974283,197.587,1281,1091,1224,80.1,0.0,0.0,0.0,0.00
1789375974324,197.628,1281,1091,1224,80.1,0.0,0.0,0.0,0.00
1789375974364,197.668,1281,1091,1224,80.1,0.0,0.0,0.0,0.00
1789375974405,197.709,1281,1091,1224,80.1,0.0,0.0,0.0,0.00
1789375974448,197.752,1281,1091,1224,80.1,0.0,0.0,0.0,0.00
1789375974488,197.792,1281,1091,1224,80.1,0.0,0.0,0.0,0.00
1789375974528,197.832,1281,1091,1224,80.1,0.0,0.0,0.0,0.00
1789375974569,197.873,1281,1091,1224,80.1,0.0,0.0,0.0,0.00
1789375974609,197.913,1281,1091,1224,80.1,0.0,0.0,0.0,0.00
1789375974649,197.953,1281,1091,1224,80.1,0.0,0.0,0.0,0.00
1789375974689,197.993,1281,1091,1224,80.1,0.0,0.0,0.0,0.00
1789375974731,198.035,1281,1091,1224,80.1,0.0,0.0,0.0,0.00
1789375974771,198.075,1281,1091,1224,80.1,0.0,0.0,0.0,0.00
1789375974813,198.117,1281,1091,1224,80.1,0.0,0.0,0.0,0.00
1789375974854,198.158,1281,1091,1224,80.1,0.0,0.0,0.0,0.00
1789375974896,198.200,1281,1091,1224,80.1,0.0,0.0,0.0,0.00
1789375974938,198.242,1281,1091,1224,80.1,0.0,0.0,0.0,0.00
1789375974979,198.283,1281,1091,1224,80.1,0.0,0.0,0.0,0.00
1789375975019,198.323,1281,1091,1224,80.1,0.0,0.0,0.0,0.00
1789375975061,198.365,1281,1091,1224,80.1,0.0,0.0,0.0,0.00
1789375975103,198.407,1281,1091,1224,80.1,0.0,0.0,0.0,0.00
1789375975146,198.450,1281,1091,1224,80.1,0.0,0.0,0.0,0.00
1789375975187,198.491,1281,1091,1224,80.1,0.0,0.0,0.0,0.00
1789375975229,198.533,1281,1091,1224,80.1,0.0,0.0,0.0,0.00
1789375975270,198.574,1281,1091,1224,80.1,0.0,0.0,0.0,0.00
1789375975313,198.617,1281,1091,1224,80.1,0.0,0.0,0.0,0.00
1789375975356,198.660,1281,1091,1224,80.1,0.0,0.0,0.0,0.00
1789375975397,198.701,1281,1091,1224,80.1,0.0,0.0,0.0,0.00
1789375975439,198.743,1281,1091,1224,80.1,0.0,0.0,0.0,0.00
1789375975481,198.785,1281,1091,1224,80.1,0.0,0.0,0.0,0.00
1789375975522,198.826,1281,1091,1224,80.1,0.0,0.0,0.0,0.00
1789375975563,198.867,1281,1091,1224,80.1,0.0,0.0,0.0,0.00
1789375975606,198.910,1281,1091,1224,80.1,0.0,0.0,0.0,0.00
1789375975649,198.953,1281,1091,1224,80.1,0.0,0.0,0.0,0.00
1789375975691,198.995,1281,1091,1224,80.1,0.0,0.0,0.0,0.00
1789375975734,199.038,1281,1091,1224,80.1,0.0,0.0,0.0,0.00
1789375975776,199.080,1281,1091,1224,80.1,0.0,0.0,0.0,0.00
1789375975820,199.124,1281,1091,1224,80.1,0.0,0.0,0.0,0.00
1789375975862,199.166,1281,1091,1224,80.1,0.0,0.0,0.0,0.00
1789375975904,199.208,1281,1091,1224,80.1,0.0,0.0,0.0,0.00
1789375975946,199.250,1281,1091,1224,80.1,0.0,0.0,0.0,0.00
1789375975989,199.293,1281,1091,1224,80.1,0.0,0.0,0.0,0.00
1789375976031,199.335,1281,1091,1224,80.1,0.0,0.0,0.0,0.00
1789375976072,199.376,1281,1091,1224,80.1,0.0,0.0,0.0,0.00
1789375976116,199.420,1281,1091,1224,80.1,0.0,0.0,0.0,0.00
1789375976155,199.459,1281,1091,1224,80.1,0.0,0.0,0.0,0.00
1789375976195,199.499,1281,1091,1224,80.1,0.0,0.0,0.0,0.00
1789375976235,199.539,1281,1091,1224,80.1,0.0,0.0,0.0,0.00
1789375976274,199.578,1281,1091,1224,80.1,0.0,0.0,0.0,0.00
1789375976314,199.618,1281,1091,1224,80.1,0.0,0.0,0.0,0.00
1789375976359,199.663,1281,1091,1224,80.1,0.0,0.0,0.0,0.00
1789375976400,199.704,1281,1091,1224,80.1,0.0,0.0,0.0,0.00
1789375976440,199.744,1281,1091,1224,80.1,0.0,0.0,0.0,0.00
1789375976481,199.785,1281,1091,1224,80.1,0.0,0.0,0.0,0.00
1789375976523,199.827,1281,1091,1224,80.1,0.0,0.0,0.0,0.00
1789375976565,199.869,1281,1091,1224,80.1,0.0,0.0,0.0,0.00
1789375976605,199.909,1281,1091,1224,80.1,0.0,0.0,0.0,0.00
1789375976646,199.950,1281,1091,1224,80.1,0.0,0.0,0.0,0.00
1789375976688,199.992,1281,1091,1224,80.1,0.0,0.0,0.0,0.00
1789375976730,200.034,1281,1091,1224,80.1,0.0,0.0,0.0,0.00
1789375976772,200.076,1281,1091,1224,80.1,0.0,0.0,0.0,0.00
1789375976814,200.118,1281,1091,1224,80.1,0.0,0.0,0.0,0.00
1789375976855,200.159,1281,1091,1224,80.1,0.0,0.0,0.0,0.00
1789375976897,200.201,1281,1091,1224,80.1,0.0,0.0,0.0,0.00
1789375976939,200.243,1281,1091,1224,80.1,0.0,0.0,0.0,0.00
1789375976980,200.284,1281,1091,1224,80.1,0.0,0.0,0.0,0.00
1789375977021,200.325,1281,1091,1224,80.1,0.0,0.0,0.0,0.00
1789375977062,200.366,1281,1091,1224,80.1,0.0,0.0,0.0,0.00
1789375977107,200.411,1281,1091,1224,80.1,0.0,0.0,0.0,0.00
1789375977149,200.453,1281,1091,1224,80.1,0.0,0.0,0.0,0.00
1789375977194,200.498,1281,1091,1224,80.1,0.0,0.0,0.0,0.00
1789375977237,200.541,1281,1091,1224,80.1,0.0,0.0,0.0,0.00
1789375977279,200.583,1281,1091,1224,80.1,0.0,0.0,0.0,0.00
1789375977324,200.628,1281,1091,1224,80.1,0.0,0.0,0.0,0.00
1789375977370,200.674,1281,1091,1224,80.1,0.0,0.0,0.0,0.00
1789375977417,200.721,1281,1091,1224,80.1,0.0,0.0,0.0,0.00
1789375977464,200.768,1281,1091,1224,80.1,0.0,0.0,0.0,0.00
1789375977511,200.815,1281,1091,1224,80.1,0.0,0.0,0.0,0.00
1789375977560,200.864,1281,1091,1224,80.1,0.0,0.0,0.0,0.00
1789375977610,200.914,1281,1091,1224,80.1,0.0,0.0,0.0,0.00
1789375977659,200.963,1281,1091,1224,80.1,0.0,0.0,0.0,0.00
1789375977707,201.011,1281,1091,1224,80.1,0.0,0.0,0.0,0.00
1789375977756,201.060,1281,1091,1224,80.1,0.0,0.0,0.0,0.00
1789375977802,201.106,1281,1091,1224,80.1,0.0,0.0,0.0,0.00
1789375977853,201.157,1281,1091,1224,80.1,0.0,0.0,0.0,0.00
1789375977901,201.205,1281,1091,1224,80.1,0.0,0.0,0.0,0.00
1789375977947,201.251,1281,1091,1224,80.1,0.0,0.0,0.0,0.00
1789375977997,201.301,1281,1091,1224,80.1,0.0,0.0,0.0,0.00
1789375978046,201.350,1281,1091,1224,80.1,0.0,0.0,0.0,0.00
1789375978094,201.398,1281,1091,1224,80.1,0.0,0.0,0.0,0.00
1789375978142,201.446,1281,1091,1224,80.1,0.0,0.0,0.0,0.00
1789375978192,201.496,1281,1091,1224,80.1,0.0,0.0,0.0,0.00
1789375978240,201.544,1281,1091,1224,80.1,0.0,0.0,0.0,0.00
1789375978288,201.592,1281,1091,1224,80.1,0.0,0.0,0.0,0.00
1789375978336,201.640,1281,1091,1224,80.1,0.0,0.0,0.0,0.00
1789375978382,201.686,1281,1091,1224,80.1,0.0,0.0,0.0,0.00
1789375978431,201.735,1281,1091,1224,80.1,0.0,0.0,0.0,0.00
1789375978479,201.783,1281,1091,1224,80.1,0.0,0.0,0.0,0.00
1789375978527,201.831,1281,1091,1224,80.1,0.0,0.0,0.0,0.00
1789375978576,201.880,1281,1091,1224,80.1,0.0,0.0,0.0,0.00
1789375978626,201.930,1281,1091,1224,80.1,0.0,0.0,0.0,0.00
1789375978675,201.979,1281,1091,1224,80.1,0.0,0.0,0.0,0.00
1789375978720,202.024,1281,1091,1224,80.1,0.0,0.0,0.0,0.00
1789375978766,202.070,1281,1091,1224,80.1,0.0,0.0,0.0,0.00
1789375978813,202.117,1281,1091,1224,80.1,0.0,0.0,0.0,0.00
1789375978861,202.165,1281,1091,1224,80.1,0.0,0.0,0.0,0.00
1789375978907,202.211,1281,1091,1224,80.1,0.0,0.0,0.0,0.00
1789375978954,202.258,1281,1091,1224,80.1,0.0,0.0,0.0,0.00
1789375979003,202.307,1281,1091,1224,80.1,0.0,0.0,0.0,0.00
1789375979051,202.355,1281,1091,1224,80.1,0.0,0.0,0.0,0.00
1789375979099,202.403,1281,1091,1224,80.1,0.0,0.0,0.0,0.00
1789375979146,202.450,1281,1091,1224,80.1,0.0,0.0,0.0,0.00
1789375979192,202.496,1281,1091,1224,80.1,0.0,0.0,0.0,0.00
1789375979243,202.547,1281,1091,1224,80.1,0.0,0.0,0.0,0.00
1789375979291,202.595,1281,1091,1224,80.1,0.0,0.0,0.0,0.00
1789375979337,202.641,1281,1091,1224,80.1,0.0,0.0,0.0,0.00
1789375979383,202.687,1281,1091,1224,80.1,0.0,0.0,0.0,0.00
1789375979428,202.732,1281,1091,1224,80.1,0.0,0.0,0.0,0.00
1789375979475,202.779,1281,1091,1224,80.1,0.0,0.0,0.0,0.00
1789375979522,202.826,1281,1091,1224,80.1,0.0,0.0,0.0,0.00
1789375979568,202.872,1281,1091,1224,80.1,0.0,0.0,0.0,0.00
1789375979614,202.918,1281,1091,1224,80.1,0.0,0.0,0.0,0.00
1789375979661,202.965,1281,1091,1224,80.1,0.0,0.0,0.0,0.00
1789375979708,203.012,1281,1091,1224,80.1,0.0,0.0,0.0,0.00
1789375979756,203.060,1281,1091,1224,80.1,0.0,0.0,0.0,0.00
1789375979801,203.105,1281,1091,1224,80.1,0.0,0.0,0.0,0.00
1789375979855,203.159,1281,1091,1224,80.1,0.0,0.0,0.0,0.00
1789375979902,203.206,1281,1091,1224,80.1,0.0,0.0,0.0,0.00
1789375979948,203.252,1281,1091,1224,80.1,0.0,0.0,0.0,0.00
1789375979992,203.296,1281,1091,1224,80.1,0.0,0.0,0.0,0.00
1789375980036,203.340,1281,1091,1224,80.1,0.0,0.0,0.0,0.00
1789375980086,203.390,1281,1091,1224,80.1,0.0,0.0,0.0,0.00
1789375980132,203.436,1281,1091,1224,80.1,0.0,0.0,0.0,0.00
1789375980181,203.485,1281,1091,1224,80.1,0.0,0.0,0.0,0.00
1789375980227,203.531,1281,1091,1224,80.1,0.0,0.0,0.0,0.00
1789375980276,203.580,1281,1091,1224,80.1,0.0,0.0,0.0,0.00
1789375980324,203.628,1281,1091,1224,80.1,0.0,0.0,0.0,0.00
1789375980367,203.671,1281,1091,1224,80.1,0.0,0.0,0.0,0.00
1789375980412,203.716,1281,1091,1224,80.1,0.0,0.0,0.0,0.00
1789375980459,203.763,1281,1091,1224,80.1,0.0,0.0,0.0,0.00
1789375980505,203.809,1281,1091,1224,80.1,0.0,0.0,0.0,0.00
1789375980553,203.857,1281,1091,1224,80.1,0.0,0.0,0.0,0.00
1789375980601,203.905,1281,1091,1224,80.1,0.0,0.0,0.0,0.00
1789375980647,203.951,1281,1091,1224,80.1,0.0,0.0,0.0,0.00
1789375980697,204.001,1281,1091,1224,80.1,0.0,0.0,0.0,0.00
1789375980743,204.047,1281,1091,1224,80.1,0.0,0.0,0.0,0.00
1789375980789,204.093,1281,1091,1224,80.1,0.0,0.0,0.0,0.00
1789375980839,204.143,1281,1091,1224,80.1,0.0,0.0,0.0,0.00
1789375980890,204.194,1281,1091,1224,80.1,0.0,0.0,0.0,0.00
1789375980937,204.241,1281,1091,1224,80.1,0.0,0.0,0.0,0.00
1789375980986,204.290,1281,1091,1224,80.1,0.0,0.0,0.0,0.00
1789375981033,204.337,1281,1091,1224,80.1,0.0,0.0,0.0,0.00
1789375981079,204.383,1281,1091,1224,80.1,0.0,0.0,0.0,0.00
1789375981124,204.428,1281,1091,1224,80.1,0.0,0.0,0.0,0.00
1789375981171,204.475,1281,1091,1224,80.1,0.0,0.0,0.0,0.00
1789375981219,204.523,1281,1091,1224,80.1,0.0,0.0,0.0,0.00
1789375981265,204.569,1281,1091,1224,80.1,0.0,0.0,0.0,0.00
1789375981311,204.615,1281,1091,1224,80.1,0.0,0.0,0.0,0.00
1789375981359,204.663,1281,1091,1224,80.1,0.0,0.0,0.0,0.00
1789375981406,204.710,1281,1091,1224,80.1,0.0,0.0,0.0,0.00
1789375981451,204.755,1281,1091,1224,80.1,0.0,0.0,0.0,0.00
1789375981498,204.802,1281,1091,1224,80.1,0.0,0.0,0.0,0.00
1789375981546,204.850,1281,1091,1224,80.1,0.0,0.0,0.0,0.00
1789375981599,204.903,1281,1091,1224,80.1,0.0,0.0,0.0,0.00
1789375981657,204.961,1281,1091,1224,80.1,0.0,0.0,0.0,0.00
1789375981703,205.007,1281,1091,1224,80.1,0.0,0.0,0.0,0.00
1789375981751,205.055,1281,1091,1224,80.1,0.0,0.0,0.0,0.00
1789375981802,205.106,1281,1091,1224,80.1,0.0,0.0,0.0,0.00
1789375981849,205.153,1281,1091,1224,80.1,0.0,0.0,0.0,0.00
1789375981895,205.199,1281,1091,1224,80.1,0.0,0.0,0.0,0.00
1789375981945,205.249,1281,1091,1224,80.1,0.0,0.0,0.0,0.00
1789375981993,205.297,1281,1091,1224,80.1,0.0,0.0,0.0,0.00
1789375982042,205.346,1281,1091,1224,80.1,0.0,0.0,0.0,0.00
1789375982091,205.395,1281,1091,1224,80.1,0.0,0.0,0.0,0.00
1789375982136,205.440,1281,1091,1224,80.1,0.0,0.0,0.0,0.00
1789375982181,205.485,1281,1091,1224,80.1,0.0,0.0,0.0,0.00
1789375982229,205.533,1281,1091,1224,80.1,0.0,0.0,0.0,0.00
1789375982274,205.578,1281,1091,1224,80.1,0.0,0.0,0.0,0.00
1789375982326,205.630,1281,1091,1224,80.1,0.0,0.0,0.0,0.00
1789375982378,205.682,1281,1091,1224,80.1,0.0,0.0,0.0,0.00
1789375982430,205.734,1281,1091,1224,80.1,0.0,0.0,0.0,0.00
1789375982481,205.785,1281,1091,1224,80.1,0.0,0.0,0.0,0.00
1789375982532,205.836,1281,1091,1224,80.1,0.0,0.0,0.0,0.00
1789375982584,205.888,1281,1091,1224,80.1,0.0,0.0,0.0,0.00
1789375982635,205.939,1281,1091,1224,80.1,0.0,0.0,0.0,0.00
1789375982686,205.990,1281,1091,1224,80.1,0.0,0.0,0.0,0.00
1789375982734,206.038,1281,1091,1224,80.1,0.0,0.0,0.0,0.00
1789375982786,206.090,1281,1091,1224,80.1,0.0,0.0,0.0,0.00
1789375982835,206.139,1281,1091,1224,80.1,0.0,0.0,0.0,0.00
1789375982886,206.190,1281,1091,1224,80.1,0.0,0.0,0.0,0.00
1789375982934,206.238,1281,1091,1224,80.1,0.0,0.0,0.0,0.00
1789375982990,206.294,1281,1091,1224,80.1,0.0,0.0,0.0,0.00
1789375983046,206.350,1281,1091,1224,80.1,0.0,0.0,0.0,0.00
1789375983101,206.405,1281,1091,1224,80.1,0.0,0.0,0.0,0.00
1789375983150,206.454,1281,1091,1224,80.1,0.0,0.0,0.0,0.00
1789375983196,206.500,1281,1091,1224,80.1,0.0,0.0,0.0,0.00
1789375983252,206.556,1281,1091,1224,80.1,0.0,0.0,0.0,0.00
1789375983309,206.613,1281,1091,1224,80.1,0.0,0.0,0.0,0.00
1789375983365,206.669,1281,1091,1224,80.1,0.0,0.0,0.0,0.00
1789375983422,206.726,1281,1091,1224,80.1,0.0,0.0,0.0,0.00
1789375983480,206.784,1281,1091,1224,80.1,0.0,0.0,0.0,0.00
1789375983537,206.841,1281,1091,1224,80.1,0.0,0.0,0.0,0.00
1789375983595,206.899,1281,1091,1224,80.1,0.0,0.0,0.0,0.00
1789375983653,206.957,1281,1091,1224,80.1,0.0,0.0,0.0,0.00
1789375983709,207.013,1281,1091,1224,80.1,0.0,0.0,0.0,0.00
1789375983762,207.066,1281,1091,1224,80.1,0.0,0.0,0.0,0.00
1789375983817,207.121,1281,1091,1224,80.1,0.0,0.0,0.0,0.00
1789375983872,207.176,1281,1091,1224,80.1,0.0,0.0,0.0,0.00
1789375983927,207.231,1281,1091,1224,80.1,0.0,0.0,0.0,0.00
1789375983984,207.288,1281,1091,1224,80.1,0.0,0.0,0.0,0.00
1789375984041,207.345,1281,1091,1224,80.1,0.0,0.0,0.0,0.00
1789375984096,207.400,1281,1091,1224,80.1,0.0,0.0,0.0,0.00
1789375984148,207.452,1281,1091,1224,80.1,0.0,0.0,0.0,0.00
1789375984203,207.507,1281,1091,1224,80.1,0.0,0.0,0.0,0.00
1789375984260,207.564,1281,1091,1224,80.1,0.0,0.0,0.0,0.00
1789375984310,207.614,1281,1091,1224,80.1,0.0,0.0,0.0,0.00
1789375984368,207.672,1281,1091,1224,80.1,0.0,0.0,0.0,0.00
1789375984423,207.727,1281,1091,1224,80.1,0.0,0.0,0.0,0.00
1789375984483,207.787,1281,1091,1224,80.1,0.0,0.0,0.0,0.00
1789375984528,207.832,1281,1091,1224,80.1,0.0,0.0,0.0,0.00
1789375984578,207.882,1281,1091,1224,80.1,0.0,0.0,0.0,0.00
1789375984627,207.931,1281,1091,1224,80.1,0.0,0.0,0.0,0.00
1789375984675,207.979,1281,1091,1224,80.1,0.0,0.0,0.0,0.00
1789375984723,208.027,1281,1091,1224,80.1,0.0,0.0,0.0,0.00
1789375984771,208.075,1281,1091,1224,80.1,0.0,0.0,0.0,0.00
1789375984821,208.125,1281,1091,1224,80.1,0.0,0.0,0.0,0.00
1789375984868,208.172,1281,1091,1224,80.1,0.0,0.0,0.0,0.00
1789375984917,208.221,1281,1091,1224,80.1,0.0,0.0,0.0,0.00
1789375984966,208.270,1281,1091,1224,80.1,0.0,0.0,0.0,0.00
1789375985015,208.319,1281,1091,1224,80.1,0.0,0.0,0.0,0.00
1789375985063,208.367,1281,1091,1224,80.1,0.0,0.0,0.0,0.00
1789375985113,208.417,1281,1091,1224,80.1,0.0,0.0,0.0,0.00
1789375985162,208.466,1281,1091,1224,80.1,0.0,0.0,0.0,0.00
1789375985210,208.514,1281,1091,1224,80.1,0.0,0.0,0.0,0.00
1789375985257,208.561,1281,1091,1224,80.1,0.0,0.0,0.0,0.00
1789375985303,208.607,1281,1091,1224,80.1,0.0,0.0,0.0,0.00
1789375985350,208.654,1281,1091,1224,80.1,0.0,0.0,0.0,0.00
1789375985400,208.704,1281,1091,1224,80.1,0.0,0.0,0.0,0.00
1789375985451,208.755,1281,1091,1224,80.1,0.0,0.0,0.0,0.00
1789375985499,208.803,1281,1091,1224,80.1,0.0,0.0,0.0,0.00
1789375985545,208.849,1281,1091,1224,80.1,0.0,0.0,0.0,0.00
1789375985593,208.897,1281,1091,1224,80.1,0.0,0.0,0.0,0.00
1789375985640,208.944,1281,1091,1224,80.1,0.0,0.0,0.0,0.00
1789375985687,208.991,1281,1091,1224,80.1,0.0,0.0,0.0,0.00
1789375985736,209.040,1281,1091,1224,80.1,0.0,0.0,0.0,0.00
1789375985785,209.089,1281,1091,1224,80.1,0.0,0.0,0.0,0.00
1789375985834,209.138,1281,1091,1224,80.1,0.0,0.0,0.0,0.00
1789375985884,209.188,1281,1091,1224,80.1,0.0,0.0,0.0,0.00
1789375985934,209.238,1281,1091,1224,80.1,0.0,0.0,0.0,0.00
1789375985983,209.287,1281,1091,1224,80.1,0.0,0.0,0.0,0.00
1789375986030,209.334,1281,1091,1224,80.1,0.0,0.0,0.0,0.00
1789375986077,209.381,1281,1091,1224,80.1,0.0,0.0,0.0,0.00
1789375986129,209.433,1281,1091,1224,80.1,0.0,0.0,0.0,0.00
1789375986179,209.483,1281,1091,1224,80.1,0.0,0.0,0.0,0.00
1789375986228,209.532,1281,1091,1224,80.1,0.0,0.0,0.0,0.00
1789375986275,209.579,1281,1091,1224,80.1,0.0,0.0,0.0,0.00
1789375986325,209.629,1281,1091,1224,80.1,0.0,0.0,0.0,0.00
1789375986370,209.674,1281,1091,1224,80.1,0.0,0.0,0.0,0.00
1789375986419,209.723,1281,1091,1224,80.1,0.0,0.0,0.0,0.00
1789375986467,209.771,1281,1091,1224,80.1,0.0,0.0,0.0,0.00
1789375986514,209.818,1281,1091,1224,80.1,0.0,0.0,0.0,0.00
1789375986563,209.867,1281,1091,1224,80.1,0.0,0.0,0.0,0.00
1789375986612,209.916,1281,1091,1224,80.1,0.0,0.0,0.0,0.00
1789375986662,209.966,1281,1091,1224,80.1,0.0,0.0,0.0,0.00
1789375986711,210.015,1281,1091,1224,80.1,0.0,0.0,0.0,0.00
1789375986759,210.063,1281,1091,1224,80.1,0.0,0.0,0.0,0.00
1789375986806,210.110,1281,1091,1224,80.1,0.0,0.0,0.0,0.00
1789375986854,210.158,1281,1091,1224,80.1,0.0,0.0,0.0,0.00
1789375986903,210.207,1281,1091,1224,80.1,0.0,0.0,0.0,0.00
1789375986951,210.255,1281,1091,1224,80.1,0.0,0.0,0.0,0.00
1789375987001,210.305,1281,1091,1224,80.1,0.0,0.0,0.0,0.00
1789375987046,210.350,1281,1091,1224,80.1,0.0,0.0,0.0,0.00
1789375987092,210.396,1281,1091,1224,80.1,0.0,0.0,0.0,0.00
1789375987140,210.444,1281,1091,1224,80.1,0.0,0.0,0.0,0.00
1789375987189,210.493,1281,1091,1224,80.1,0.0,0.0,0.0,0.00
1789375987238,210.542,1281,1091,1224,80.1,0.0,0.0,0.0,0.00
1789375987290,210.594,1281,1091,1224,80.1,0.0,0.0,0.0,0.00
1789375987338,210.642,1281,1091,1224,80.1,0.0,0.0,0.0,0.00
1789375987386,210.690,1281,1091,1224,80.1,0.0,0.0,0.0,0.00
1789375987436,210.740,1281,1091,1224,80.1,0.0,0.0,0.0,0.00
1789375987483,210.787,1281,1091,1224,80.1,0.0,0.0,0.0,0.00
1789375987531,210.835,1281,1091,1224,80.1,0.0,0.0,0.0,0.00
1789375987579,210.883,1281,1091,1224,80.1,0.0,0.0,0.0,0.00
1789375987627,210.931,1281,1091,1224,80.1,0.0,0.0,0.0,0.00
1789375987675,210.979,1281,1091,1224,80.1,0.0,0.0,0.0,0.00
1789375987722,211.026,1281,1091,1224,80.1,0.0,0.0,0.0,0.00
1789375987771,211.075,1281,1091,1224,80.1,0.0,0.0,0.0,0.00
1789375987819,211.123,1281,1091,1224,80.1,0.0,0.0,0.0,0.00
1789375987867,211.171,1281,1091,1224,80.1,0.0,0.0,0.0,0.00
1789375987919,211.223,1281,1091,1224,80.1,0.0,0.0,0.0,0.00
1789375987967,211.271,1281,1091,1224,80.1,0.0,0.0,0.0,0.00
1789375988016,211.320,1281,1091,1224,80.1,0.0,0.0,0.0,0.00
1789375988064,211.368,1281,1091,1224,80.1,0.0,0.0,0.0,0.00
1789375988112,211.416,1281,1091,1224,80.1,0.0,0.0,0.0,0.00
1789375988155,211.459,1281,1091,1224,80.1,0.0,0.0,0.0,0.00
1789375988199,211.503,1281,1091,1224,80.1,0.0,0.0,0.0,0.00
1789375988244,211.548,1281,1091,1224,80.1,0.0,0.0,0.0,0.00
1789375988289,211.593,1281,1091,1224,80.1,0.0,0.0,0.0,0.00
1789375988333,211.637,1281,1091,1224,80.1,0.0,0.0,0.0,0.00
1789375988378,211.682,1281,1091,1224,80.1,0.0,0.0,0.0,0.00
1789375988422,211.726,1281,1091,1224,80.1,0.0,0.0,0.0,0.00
1789375988467,211.771,1281,1091,1224,80.1,0.0,0.0,0.0,0.00
1789375988511,211.815,1281,1091,1224,80.1,0.0,0.0,0.0,0.00
1789375988557,211.861,1281,1091,1224,80.1,0.0,0.0,0.0,0.00
1789375988603,211.907,1281,1091,1224,80.1,0.0,0.0,0.0,0.00
1789375988651,211.955,1281,1091,1224,80.1,0.0,0.0,0.0,0.00
1789375988698,212.002,1281,1091,1224,80.1,0.0,0.0,0.0,0.00
1789375988746,212.050,1281,1091,1224,80.1,0.0,0.0,0.0,0.00
1789375988793,212.097,1281,1091,1224,80.1,0.0,0.0,0.0,0.00
1789375988840,212.144,1281,1091,1224,80.1,0.0,0.0,0.0,0.00
1789375988888,212.192,1281,1091,1224,80.1,0.0,0.0,0.0,0.00
1789375988936,212.240,1281,1091,1224,80.1,0.0,0.0,0.0,0.00
1789375988984,212.288,1281,1091,1224,80.1,0.0,0.0,0.0,0.00
1789375989032,212.336,1281,1091,1224,80.1,0.0,0.0,0.0,0.00
1789375989083,212.387,1281,1091,1224,80.1,0.0,0.0,0.0,0.00
1789375989131,212.435,1281,1091,1224,80.1,0.0,0.0,0.0,0.00
1789375989180,212.484,1281,1091,1224,80.1,0.0,0.0,0.0,0.00
1789375989224,212.528,1281,1091,1224,80.1,0.0,0.0,0.0,0.00
1789375989271,212.575,1281,1091,1224,80.1,0.0,0.0,0.0,0.00
1789375989318,212.622,1281,1091,1224,80.1,0.0,0.0,0.0,0.00
1789375989365,212.669,1281,1091,1224,80.1,0.0,0.0,0.0,0.00
1789375989411,212.715,1281,1091,1224,80.1,0.0,0.0,0.0,0.00
1789375989455,212.759,1281,1091,1224,80.1,0.0,0.0,0.0,0.00
1789375989500,212.804,1281,1091,1224,80.1,0.0,0.0,0.0,0.00
1789375989545,212.849,1281,1091,1224,80.1,0.0,0.0,0.0,0.00
1789375989590,212.894,1281,1091,1224,80.1,0.0,0.0,0.0,0.00
1789375989634,212.938,1281,1091,1224,80.1,0.0,0.0,0.0,0.00
1789375989673,212.977,1281,1091,1224,80.1,0.0,0.0,0.0,0.00
1789375989713,213.017,1281,1091,1224,80.1,0.0,0.0,0.0,0.00
1789375989757,213.061,1281,1091,1224,80.1,0.0,0.0,0.0,0.00
1789375989801,213.105,1281,1091,1224,80.1,0.0,0.0,0.0,0.00
1789375989848,213.152,1281,1091,1224,80.1,0.0,0.0,0.0,0.00
1789375989894,213.198,1281,1091,1224,80.1,0.0,0.0,0.0,0.00
1789375989943,213.247,1281,1091,1224,80.1,0.0,0.0,0.0,0.00
1789375989991,213.295,1281,1091,1224,80.1,0.0,0.0,0.0,0.00
1789375990039,213.343,1281,1091,1224,80.1,0.0,0.0,0.0,0.00
1789375990086,213.390,1281,1091,1224,80.1,0.0,0.0,0.0,0.00
1789375990133,213.437,1281,1091,1224,80.1,0.0,0.0,0.0,0.00
1789375990181,213.485,1281,1091,1224,80.1,0.0,0.0,0.0,0.00
1789375990227,213.531,1281,1091,1224,80.1,0.0,0.0,0.0,0.00
1789375990276,213.580,1281,1091,1224,80.1,0.0,0.0,0.0,0.00
1789375990324,213.628,1281,1091,1224,80.1,0.0,0.0,0.0,0.00
1789375990372,213.676,1281,1091,1224,80.1,0.0,0.0,0.0,0.00
1789375990420,213.724,1281,1091,1224,80.1,0.0,0.0,0.0,0.00
1789375990468,213.772,1281,1091,1224,80.1,0.0,0.0,0.0,0.00
1789375990518,213.822,1281,1091,1224,80.1,0.0,0.0,0.0,0.00
1789375990571,213.875,1281,1091,1224,80.1,0.0,0.0,0.0,0.00
1789375990629,213.933,1281,1091,1224,80.1,0.0,0.0,0.0,0.00
1789375990680,213.984,1281,1091,1224,80.1,0.0,0.0,0.0,0.00
1789375990738,214.042,1281,1091,1224,80.1,0.0,0.0,0.0,0.00
1789375990790,214.094,1281,1091,1224,80.1,0.0,0.0,0.0,0.00
1789375990841,214.145,1281,1091,1224,80.1,0.0,0.0,0.0,0.00
1789375990891,214.195,1281,1091,1224,80.1,0.0,0.0,0.0,0.00
1789375990942,214.246,1281,1091,1224,80.1,0.0,0.0,0.0,0.00
1789375990993,214.297,1281,1091,1224,80.1,0.0,0.0,0.0,0.00
1789375991045,214.349,1281,1091,1224,80.1,0.0,0.0,0.0,0.00
1789375991097,214.401,1281,1091,1224,80.1,0.0,0.0,0.0,0.00
1789375991149,214.453,1281,1091,1224,80.1,0.0,0.0,0.0,0.00
1789375991202,214.506,1281,1091,1224,80.1,0.0,0.0,0.0,0.00
1789375991252,214.556,1281,1091,1224,80.1,0.0,0.0,0.0,0.00
1789375991303,214.607,1281,1091,1224,80.1,0.0,0.0,0.0,0.00
1789375991354,214.658,1281,1091,1224,80.1,0.0,0.0,0.0,0.00
1789375991400,214.704,1281,1091,1224,80.1,0.0,0.0,0.0,0.00
1789375991446,214.750,1281,1091,1224,80.1,0.0,0.0,0.0,0.00
1789375991491,214.795,1281,1091,1224,80.1,0.0,0.0,0.0,0.00
1789375991540,214.844,1281,1091,1224,80.1,0.0,0.0,0.0,0.00
1789375991588,214.892,1281,1091,1224,80.1,0.0,0.0,0.0,0.00
1789375991638,214.942,1281,1091,1224,80.1,0.0,0.0,0.0,0.00
1789375991685,214.989,1281,1091,1224,80.1,0.0,0.0,0.0,0.00
1789375991735,215.039,1281,1091,1224,80.1,0.0,0.0,0.0,0.00
1789375991783,215.087,1281,1091,1224,80.1,0.0,0.0,0.0,0.00
1789375991833,215.137,1281,1091,1224,80.1,0.0,0.0,0.0,0.00
1789375991886,215.190,1281,1091,1224,80.1,0.0,0.0,0.0,0.00
1789375991937,215.241,1281,1091,1224,80.1,0.0,0.0,0.0,0.00
1789375991988,215.292,1281,1091,1224,80.1,0.0,0.0,0.0,0.00
1789375992039,215.343,1281,1091,1224,80.1,0.0,0.0,0.0,0.00
1789375992088,215.392,1281,1091,1224,80.1,0.0,0.0,0.0,0.00
1789375992141,215.445,1281,1091,1224,80.1,0.0,0.0,0.0,0.00
1789375992199,215.503,1281,1091,1224,80.1,0.0,0.0,0.0,0.00
1789375992251,215.555,1281,1091,1224,80.1,0.0,0.0,0.0,0.00
1789375992305,215.609,1281,1091,1224,80.1,0.0,0.0,0.0,0.00
1789375992356,215.660,1281,1091,1224,80.1,0.0,0.0,0.0,0.00
1789375992400,215.704,1281,1091,1224,80.1,0.0,0.0,0.0,0.00
1789375992446,215.750,1281,1091,1224,80.1,0.0,0.0,0.0,0.00
1789375992494,215.798,1281,1091,1224,80.1,0.0,0.0,0.0,0.00
1789375992538,215.842,1281,1091,1224,80.1,0.0,0.0,0.0,0.00
1789375992589,215.893,1281,1091,1224,80.1,0.0,0.0,0.0,0.00
1789375992639,215.943,1281,1091,1224,80.1,0.0,0.0,0.0,0.00
1789375992691,215.995,1281,1091,1224,80.1,0.0,0.0,0.0,0.00
1789375992743,216.047,1281,1091,1224,80.1,0.0,0.0,0.0,0.00
1789375992798,216.102,1281,1091,1224,80.1,0.0,0.0,0.0,0.00
1789375992851,216.155,1281,1091,1224,80.1,0.0,0.0,0.0,0.00
1789375992896,216.200,1281,1091,1224,80.1,0.0,0.0,0.0,0.00
1789375992949,216.253,1281,1091,1224,80.1,0.0,0.0,0.0,0.00
1789375992999,216.303,1281,1091,1224,80.1,0.0,0.0,0.0,0.00
1789375993049,216.353,1281,1091,1224,80.1,0.0,0.0,0.0,0.00
1789375993102,216.406,1281,1091,1224,80.1,0.0,0.0,0.0,0.00
1789375993152,216.456,1281,1091,1224,80.1,0.0,0.0,0.0,0.00
1789375993206,216.510,1281,1091,1224,80.1,0.0,0.0,0.0,0.00
1789375993259,216.563,1281,1091,1224,80.1,0.0,0.0,0.0,0.00
1789375993311,216.615,1281,1091,1224,80.1,0.0,0.0,0.0,0.00
1789375993359,216.663,1281,1091,1224,80.1,0.0,0.0,0.0,0.00
1789375993404,216.708,1281,1091,1224,80.1,0.0,0.0,0.0,0.00
1789375993452,216.756,1281,1091,1224,80.1,0.0,0.0,0.0,0.00
1789375993501,216.805,1281,1091,1224,80.1,0.0,0.0,0.0,0.00
1789375993552,216.856,1281,1091,1224,80.1,0.0,0.0,0.0,0.00
1789375993609,216.913,1281,1091,1224,80.1,0.0,0.0,0.0,0.00
1789375993664,216.968,1281,1091,1224,80.1,0.0,0.0,0.0,0.00
1789375993718,217.022,1281,1091,1224,80.1,0.0,0.0,0.0,0.00
1789375993770,217.074,1281,1091,1224,80.1,0.0,0.0,0.0,0.00
1789375993822,217.126,1281,1091,1224,80.1,0.0,0.0,0.0,0.00
1789375993874,217.178,1281,1091,1224,80.1,0.0,0.0,0.0,0.00
1789375993929,217.233,1281,1091,1224,80.1,0.0,0.0,0.0,0.00
1789375993984,217.288,1281,1091,1224,80.1,0.0,0.0,0.0,0.00
1789375994035,217.339,1281,1091,1224,80.1,0.0,0.0,0.0,0.00
1789375994090,217.394,1281,1091,1224,80.1,0.0,0.0,0.0,0.00
1789375994148,217.452,1281,1091,1224,80.1,0.0,0.0,0.0,0.00
1789375994193,217.497,1281,1091,1224,80.1,0.0,0.0,0.0,0.00
1789375994238,217.542,1281,1091,1224,80.1,0.0,0.0,0.0,0.00
1789375994290,217.594,1281,1091,1224,80.1,0.0,0.0,0.0,0.00
1789375994342,217.646,1281,1091,1224,80.1,0.0,0.0,0.0,0.00
1789375994394,217.698,1281,1091,1224,80.1,0.0,0.0,0.0,0.00
1789375994439,217.743,1281,1091,1224,80.1,0.0,0.0,0.0,0.00
1789375994487,217.791,1281,1091,1224,80.1,0.0,0.0,0.0,0.00
1789375994541,217.845,1281,1091,1224,80.1,0.0,0.0,0.0,0.00
1789375994594,217.898,1281,1091,1224,80.1,0.0,0.0,0.0,0.00
1789375994652,217.956,1281,1091,1224,80.1,0.0,0.0,0.0,0.00
1789375994709,218.013,1281,1091,1224,80.1,0.0,0.0,0.0,0.00
1789375994763,218.067,1281,1091,1224,80.1,0.0,0.0,0.0,0.00
1789375994823,218.127,1281,1091,1224,80.1,0.0,0.0,0.0,0.00
1789375994878,218.182,1281,1091,1224,80.1,0.0,0.0,0.0,0.00
1789375994931,218.235,1281,1091,1224,80.1,0.0,0.0,0.0,0.00
1789375994987,218.291,1281,1091,1224,80.1,0.0,0.0,0.0,0.00
1789375995041,218.345,1281,1091,1224,80.1,0.0,0.0,0.0,0.00
1789375995096,218.400,1281,1091,1224,80.1,0.0,0.0,0.0,0.00
1789375995155,218.459,1281,1091,1224,80.1,0.0,0.0,0.0,0.00
1789375995200,218.504,1281,1091,1224,80.1,0.0,0.0,0.0,0.00
1789375995251,218.555,1281,1091,1224,80.1,0.0,0.0,0.0,0.00
1789375995306,218.610,1281,1091,1224,80.1,0.0,0.0,0.0,0.00
1789375995369,218.673,1281,1091,1224,80.1,0.0,0.0,0.0,0.00
1789375995416,218.720,1281,1091,1224,80.1,0.0,0.0,0.0,0.00
1789375995462,218.766,1281,1091,1224,80.1,0.0,0.0,0.0,0.00
1789375995513,218.817,1281,1091,1224,80.1,0.0,0.0,0.0,0.00
1789375995568,218.872,1281,1091,1224,80.1,0.0,0.0,0.0,0.00
1789375995627,218.931,1281,1091,1224,80.1,0.0,0.0,0.0,0.00
1789375995684,218.988,1281,1091,1224,80.1,0.0,0.0,0.0,0.00
1789375995742,219.046,1281,1091,1224,80.1,0.0,0.0,0.0,0.00
1789375995799,219.103,1281,1091,1224,80.1,0.0,0.0,0.0,0.00
1789375995857,219.161,1281,1091,1224,80.1,0.0,0.0,0.0,0.00
1789375995913,219.217,1281,1091,1224,80.1,0.0,0.0,0.0,0.00
1789375995971,219.275,1281,1091,1224,80.1,0.0,0.0,0.0,0.00
1789375996028,219.332,1281,1091,1224,80.1,0.0,0.0,0.0,0.00
1789375996087,219.391,1281,1091,1224,80.1,0.0,0.0,0.0,0.00
1789375996141,219.445,1281,1091,1224,80.1,0.0,0.0,0.0,0.00
1789375996194,219.498,1281,1091,1224,80.1,0.0,0.0,0.0,0.00
1789375996247,219.551,1281,1091,1224,80.1,0.0,0.0,0.0,0.00
1789375996301,219.605,1281,1091,1224,80.1,0.0,0.0,0.0,0.00
1789375996355,219.659,1281,1091,1224,80.1,0.0,0.0,0.0,0.00
1789375996403,219.707,1281,1091,1224,80.1,0.0,0.0,0.0,0.00
1789375996450,219.754,1281,1091,1224,80.1,0.0,0.0,0.0,0.00
1789375996498,219.802,1281,1091,1224,80.1,0.0,0.0,0.0,0.00
1789375996549,219.853,1281,1091,1224,80.1,0.0,0.0,0.0,0.00
1789375996604,219.908,1281,1091,1224,80.1,0.0,0.0,0.0,0.00
1789375996658,219.962,1281,1091,1224,80.1,0.0,0.0,0.0,0.00
1789375996710,220.014,1281,1091,1224,80.1,0.0,0.0,0.0,0.00
1789375996760,220.064,1281,1091,1224,80.1,0.0,0.0,0.0,0.00
1789375996809,220.113,1281,1091,1224,80.1,0.0,0.0,0.0,0.00
1789375996866,220.170,1281,1091,1224,80.1,0.0,0.0,0.0,0.00
1789375996923,220.227,1281,1091,1224,80.1,0.0,0.0,0.0,0.00
1789375996980,220.284,1281,1091,1224,80.1,0.0,0.0,0.0,0.00
1789375997036,220.340,1281,1091,1224,80.1,0.0,0.0,0.0,0.00
1789375997090,220.394,1281,1091,1224,80.1,0.0,0.0,0.0,0.00
1789375997146,220.450,1281,1091,1224,80.1,0.0,0.0,0.0,0.00
1789375997203,220.507,1281,1091,1224,80.1,0.0,0.0,0.0,0.00
1789375997256,220.560,1281,1091,1224,80.1,0.0,0.0,0.0,0.00
1789375997309,220.613,1281,1091,1224,80.1,0.0,0.0,0.0,0.00
1789375997362,220.666,1281,1091,1224,80.1,0.0,0.0,0.0,0.00
1789375997410,220.714,1281,1091,1224,80.1,0.0,0.0,0.0,0.00
1789375997458,220.762,1281,1091,1224,80.1,0.0,0.0,0.0,0.00
1789375997506,220.810,1281,1091,1224,80.1,0.0,0.0,0.0,0.00
1789375997555,220.859,1281,1091,1224,80.1,0.0,0.0,0.0,0.00
1789375997606,220.910,1281,1091,1224,80.1,0.0,0.0,0.0,0.00
1789375997653,220.957,1281,1091,1224,80.1,0.0,0.0,0.0,0.00
1789375997697,221.001,1281,1091,1224,80.1,0.0,0.0,0.0,0.00
1789375997740,221.044,1281,1091,1224,80.1,0.0,0.0,0.0,0.00
1789375997783,221.087,1281,1091,1224,80.1,0.0,0.0,0.0,0.00
1789375997825,221.129,1281,1091,1224,80.1,0.0,0.0,0.0,0.00
1789375997872,221.176,1281,1091,1224,80.1,0.0,0.0,0.0,0.00
1789375997923,221.227,1281,1091,1224,80.1,0.0,0.0,0.0,0.00
1789375997965,221.269,1281,1091,1224,80.1,0.0,0.0,0.0,0.00
1789375998007,221.311,1281,1091,1224,80.1,0.0,0.0,0.0,0.00
1789375998048,221.352,1281,1091,1224,80.1,0.0,0.0,0.0,0.00
1789375998104,221.408,1281,1091,1224,80.1,0.0,0.0,0.0,0.00
1789375998145,221.449,1281,1091,1224,80.1,0.0,0.0,0.0,0.00
1789375998185,221.489,1281,1091,1224,80.1,0.0,0.0,0.0,0.00
1789375998228,221.532,1281,1091,1224,80.1,0.0,0.0,0.0,0.00
1789375998269,221.573,1281,1091,1224,80.1,0.0,0.0,0.0,0.00
1789375998310,221.614,1281,1091,1224,80.1,0.0,0.0,0.0,0.00
1789375998354,221.658,1281,1091,1224,80.1,0.0,0.0,0.0,0.00
1789375998397,221.701,1281,1091,1224,80.1,0.0,0.0,0.0,0.00
1789375998444,221.748,1281,1091,1224,80.1,0.0,0.0,0.0,0.00
1789375998490,221.794,1281,1091,1224,80.1,0.0,0.0,0.0,0.00
1789375998539,221.843,1281,1091,1224,80.1,0.0,0.0,0.0,0.00
1789375998594,221.898,1281,1091,1224,80.1,0.0,0.0,0.0,0.00
1789375998642,221.946,1281,1091,1224,80.1,0.0,0.0,0.0,0.00
1789375998692,221.996,1281,1091,1224,80.1,0.0,0.0,0.0,0.00
1789375998738,222.042,1281,1091,1224,80.1,0.0,0.0,0.0,0.00
1789375998786,222.090,1281,1091,1224,80.1,0.0,0.0,0.0,0.00
1789375998828,222.132,1281,1091,1224,80.1,0.0,0.0,0.0,0.00
1789375998870,222.174,1281,1091,1224,80.1,0.0,0.0,0.0,0.00
1789375998910,222.214,1281,1091,1224,80.1,0.0,0.0,0.0,0.00
1789375998953,222.257,1281,1091,1224,80.1,0.0,0.0,0.0,0.00
1789375998996,222.300,1281,1091,1224,80.1,0.0,0.0,0.0,0.00
1789375999040,222.344,1281,1091,1224,80.1,0.0,0.0,0.0,0.00
1789375999087,222.391,1281,1091,1224,80.1,0.0,0.0,0.0,0.00
1789375999134,222.438,1281,1091,1224,80.1,0.0,0.0,0.0,0.00
1789375999179,222.483,1281,1091,1224,80.1,0.0,0.0,0.0,0.00
1789375999231,222.535,1281,1091,1224,80.1,0.0,0.0,0.0,0.00
1789375999288,222.592,1281,1091,1224,80.1,0.0,0.0,0.0,0.00
1789375999340,222.644,1281,1091,1224,80.1,0.0,0.0,0.0,0.00
1789375999383,222.687,1281,1091,1224,80.1,0.0,0.0,0.0,0.00
1789375999428,222.732,1281,1091,1224,80.1,0.0,0.0,0.0,0.00
1789375999474,222.778,1281,1091,1224,80.1,0.0,0.0,0.0,0.00
1789375999515,222.819,1281,1091,1224,80.1,0.0,0.0,0.0,0.00
1789375999559,222.863,1281,1091,1224,80.1,0.0,0.0,0.0,0.00
1789375999603,222.907,1281,1091,1224,80.1,0.0,0.0,0.0,0.00
1789375999653,222.957,1281,1091,1224,80.1,0.0,0.0,0.0,0.00
1789375999702,223.006,1281,1091,1224,80.1,0.0,0.0,0.0,0.00
1789375999753,223.057,1281,1091,1224,80.1,0.0,0.0,0.0,0.00
1789375999801,223.105,1281,1091,1224,80.1,0.0,0.0,0.0,0.00
1789375999852,223.156,1281,1091,1224,80.1,0.0,0.0,0.0,0.00
1789375999895,223.199,1281,1091,1224,80.1,0.0,0.0,0.0,0.00
1789375999943,223.247,1281,1091,1224,80.1,0.0,0.0,0.0,0.00
1789375999993,223.297,1281,1091,1224,80.1,0.0,0.0,0.0,0.00
1789376000044,223.348,1281,1091,1224,80.1,0.0,0.0,0.0,0.00
1789376000095,223.399,1281,1091,1224,80.1,0.0,0.0,0.0,0.00
1789376000146,223.450,1281,1091,1224,80.1,0.0,0.0,0.0,0.00
1789376000195,223.499,1281,1091,1224,80.1,0.0,0.0,0.0,0.00
1789376000248,223.552,1281,1091,1224,80.1,0.0,0.0,0.0,0.00
1789376000305,223.609,1281,1091,1224,80.1,0.0,0.0,0.0,0.00
1789376000352,223.656,1281,1091,1224,80.1,0.0,0.0,0.0,0.00
1789376000404,223.708,1281,1091,1224,80.1,0.0,0.0,0.0,0.00
1789376000451,223.755,1281,1091,1224,80.1,0.0,0.0,0.0,0.00
1789376000497,223.801,1281,1091,1224,80.1,0.0,0.0,0.0,0.00
1789376000547,223.851,1281,1091,1224,80.1,0.0,0.0,0.0,0.00
1789376000599,223.903,1281,1091,1224,80.1,0.0,0.0,0.0,0.00
1789376000646,223.950,1281,1091,1224,80.1,0.0,0.0,0.0,0.00
1789376000698,224.002,1281,1091,1224,80.1,0.0,0.0,0.0,0.00
1789376000747,224.051,1281,1091,1224,80.1,0.0,0.0,0.0,0.00
1789376000801,224.105,1281,1091,1224,80.1,0.0,0.0,0.0,0.00
1789376000848,224.152,1281,1091,1224,80.1,0.0,0.0,0.0,0.00
1789376000907,224.211,1281,1091,1224,80.1,0.0,0.0,0.0,0.00
1789376000949,224.253,1281,1091,1224,80.1,0.0,0.0,0.0,0.00
1789376001003,224.307,1281,1091,1224,80.1,0.0,0.0,0.0,0.00
1789376001045,224.349,1281,1091,1224,80.1,0.0,0.0,0.0,0.00
1789376001089,224.393,1281,1091,1224,80.1,0.0,0.0,0.0,0.00
1789376001131,224.435,1281,1091,1224,80.1,0.0,0.0,0.0,0.00
1789376001171,224.475,1281,1091,1224,80.1,0.0,0.0,0.0,0.00
1789376001215,224.519,1281,1091,1224,80.1,0.0,0.0,0.0,0.00
1789376001260,224.564,1281,1091,1224,80.1,0.0,0.0,0.0,0.00
1789376001307,224.611,1281,1091,1224,80.1,0.0,0.0,0.0,0.00
1789376001350,224.654,1281,1091,1224,80.1,0.0,0.0,0.0,0.00
1789376001391,224.695,1281,1091,1224,80.1,0.0,0.0,0.0,0.00
1789376001433,224.737,1281,1091,1224,80.1,0.0,0.0,0.0,0.00
1789376001478,224.782,1281,1091,1224,80.1,0.0,0.0,0.0,0.00
1789376001526,224.830,1281,1091,1224,80.1,0.0,0.0,0.0,0.00
1789376001571,224.875,1281,1091,1224,80.1,0.0,0.0,0.0,0.00
1789376001623,224.927,1281,1091,1224,80.1,0.0,0.0,0.0,0.00
1789376001669,224.973,1281,1091,1224,80.1,0.0,0.0,0.0,0.00
1789376001717,225.021,1281,1091,1224,80.1,0.0,0.0,0.0,0.00
1789376001768,225.072,1281,1091,1224,80.1,0.0,0.0,0.0,0.00
1789376001820,225.124,1281,1091,1224,80.1,0.0,0.0,0.0,0.00
1789376001872,225.176,1281,1091,1224,80.1,0.0,0.0,0.0,0.00
1789376001922,225.226,1281,1091,1224,80.1,0.0,0.0,0.0,0.00
1789376001973,225.277,1281,1091,1224,80.1,0.0,0.0,0.0,0.00
1789376002028,225.332,1281,1091,1224,80.1,0.0,0.0,0.0,0.00
1789376002083,225.387,1281,1091,1224,80.1,0.0,0.0,0.0,0.00
1789376002142,225.446,1281,1091,1224,80.1,0.0,0.0,0.0,0.00
1789376002197,225.501,1281,1091,1224,80.1,0.0,0.0,0.0,0.00
1789376002248,225.552,1281,1091,1224,80.1,0.0,0.0,0.0,0.00
1789376002303,225.607,1281,1091,1224,80.1,0.0,0.0,0.0,0.00
1789376002361,225.665,1281,1091,1224,80.1,0.0,0.0,0.0,0.00
1789376002408,225.712,1281,1091,1224,80.1,0.0,0.0,0.0,0.00
1789376002456,225.760,1281,1091,1224,80.1,0.0,0.0,0.0,0.00
1789376002502,225.806,1281,1091,1224,80.1,0.0,0.0,0.0,0.00
1789376002553,225.857,1281,1091,1224,80.1,0.0,0.0,0.0,0.00
1789376002605,225.909,1281,1091,1224,80.1,0.0,0.0,0.0,0.00
1789376002657,225.961,1281,1091,1224,80.1,0.0,0.0,0.0,0.00
1789376002710,226.014,1281,1091,1224,80.1,0.0,0.0,0.0,0.00
1789376002764,226.068,1281,1091,1224,80.1,0.0,0.0,0.0,0.00
1789376002814,226.118,1281,1091,1224,80.1,0.0,0.0,0.0,0.00
1789376002864,226.168,1281,1091,1224,80.1,0.0,0.0,0.0,0.00
1789376002921,226.225,1281,1091,1224,80.1,0.0,0.0,0.0,0.00
1789376002971,226.275,1281,1091,1224,80.1,0.0,0.0,0.0,0.00
1789376003030,226.334,1281,1091,1224,80.1,0.0,0.0,0.0,0.00
1789376003090,226.394,1281,1091,1224,80.1,0.0,0.0,0.0,0.00
1789376003145,226.449,1281,1091,1224,80.1,0.0,0.0,0.0,0.00
1789376003192,226.496,1281,1091,1224,80.1,0.0,0.0,0.0,0.00
1789376003241,226.545,1281,1091,1224,80.1,0.0,0.0,0.0,0.00
1789376003290,226.594,1281,1091,1224,80.1,0.0,0.0,0.0,0.00
1789376003343,226.647,1281,1091,1224,80.1,0.0,0.0,0.0,0.00
1789376003392,226.696,1281,1091,1224,80.1,0.0,0.0,0.0,0.00
1789376003436,226.740,1281,1091,1224,80.1,0.0,0.0,0.0,0.00
1789376003483,226.787,1281,1091,1224,80.1,0.0,0.0,0.0,0.00
1789376003534,226.838,1281,1091,1224,80.1,0.0,0.0,0.0,0.00
1789376003586,226.890,1281,1091,1224,80.1,0.0,0.0,0.0,0.00
1789376003638,226.942,1281,1091,1224,80.1,0.0,0.0,0.0,0.00
1789376003695,226.999,1281,1091,1224,80.1,0.0,0.0,0.0,0.00
1789376003740,227.044,1281,1091,1224,80.1,0.0,0.0,0.0,0.00
1789376003780,227.084,1281,1091,1224,80.1,0.0,0.0,0.0,0.00
1789376003820,227.124,1281,1091,1224,80.1,0.0,0.0,0.0,0.00
1789376003865,227.169,1281,1091,1224,80.1,0.0,0.0,0.0,0.00
1789376003914,227.218,1281,1091,1224,80.1,0.0,0.0,0.0,0.00
1789376003963,227.267,1281,1091,1224,80.1,0.0,0.0,0.0,0.00
1789376004018,227.322,1281,1091,1224,80.1,0.0,0.0,0.0,0.00
1789376004074,227.378,1281,1091,1224,80.1,0.0,0.0,0.0,0.00
1789376004133,227.437,1281,1091,1224,80.1,0.0,0.0,0.0,0.00
1789376004179,227.483,1281,1091,1224,80.1,0.0,0.0,0.0,0.00
1789376004223,227.527,1281,1091,1224,80.1,0.0,0.0,0.0,0.00
1789376004274,227.578,1281,1091,1224,80.1,0.0,0.0,0.0,0.00
1789376004329,227.633,1281,1091,1224,80.1,0.0,0.0,0.0,0.00
1789376004378,227.682,1281,1091,1224,80.1,0.0,0.0,0.0,0.00
1789376004426,227.730,1281,1091,1224,80.1,0.0,0.0,0.0,0.00
1789376004472,227.776,1281,1091,1224,80.1,0.0,0.0,0.0,0.00
1789376004516,227.820,1281,1091,1224,80.1,0.0,0.0,0.0,0.00
1789376004570,227.874,1281,1091,1224,80.1,0.0,0.0,0.0,0.00
1789376004626,227.930,1281,1091,1224,80.1,0.0,0.0,0.0,0.00
1789376004676,227.980,1281,1091,1224,80.1,0.0,0.0,0.0,0.00
1789376004733,228.037,1281,1091,1224,80.1,0.0,0.0,0.0,0.00
1789376004789,228.093,1281,1091,1224,80.1,0.0,0.0,0.0,0.00
1789376004845,228.149,1281,1091,1224,80.1,0.0,0.0,0.0,0.00
1789376004897,228.201,1281,1091,1224,80.1,0.0,0.0,0.0,0.00
1789376004952,228.256,1281,1091,1224,80.1,0.0,0.0,0.0,0.00
1789376005008,228.312,1281,1091,1224,80.1,0.0,0.0,0.0,0.00
1789376005064,228.368,1281,1091,1224,80.1,0.0,0.0,0.0,0.00
1789376005122,228.426,1281,1091,1224,80.1,0.0,0.0,0.0,0.00
1789376005177,228.481,1281,1091,1224,80.1,0.0,0.0,0.0,0.00
1789376005236,228.540,1281,1091,1224,80.1,0.0,0.0,0.0,0.00
1789376005282,228.586,1281,1091,1224,80.1,0.0,0.0,0.0,0.00
1789376005330,228.634,1281,1091,1224,80.1,0.0,0.0,0.0,0.00
1789376005377,228.681,1281,1091,1224,80.1,0.0,0.0,0.0,0.00
1789376005426,228.730,1281,1091,1224,80.1,0.0,0.0,0.0,0.00
1789376005473,228.777,1281,1091,1224,80.1,0.0,0.0,0.0,0.00
1789376005522,228.826,1281,1091,1224,80.1,0.0,0.0,0.0,0.00
1789376005574,228.878,1281,1091,1224,80.1,0.0,0.0,0.0,0.00
1789376005626,228.930,1281,1091,1224,80.1,0.0,0.0,0.0,0.00
1789376005677,228.981,1281,1091,1224,80.1,0.0,0.0,0.0,0.00
1789376005728,229.032,1281,1091,1224,80.1,0.0,0.0,0.0,0.00
1789376005779,229.083,1281,1091,1224,80.1,0.0,0.0,0.0,0.00
1789376005831,229.135,1281,1091,1224,80.1,0.0,0.0,0.0,0.00
1789376005883,229.187,1281,1091,1224,80.1,0.0,0.0,0.0,0.00
1789376005938,229.242,1281,1091,1224,80.1,0.0,0.0,0.0,0.00
1789376005987,229.291,1281,1091,1224,80.1,0.0,0.0,0.0,0.00
1789376006038,229.342,1281,1091,1224,80.1,0.0,0.0,0.0,0.00
1789376006089,229.393,1281,1091,1224,80.1,0.0,0.0,0.0,0.00
1789376006139,229.443,1281,1091,1224,80.1,0.0,0.0,0.0,0.00
1789376006190,229.494,1281,1091,1224,80.1,0.0,0.0,0.0,0.00
1789376006251,229.555,1281,1091,1224,80.1,0.0,0.0,0.0,0.00
1789376006303,229.607,1281,1091,1224,80.1,0.0,0.0,0.0,0.00
1789376006355,229.659,1281,1091,1224,80.1,0.0,0.0,0.0,0.00
1789376006403,229.707,1281,1091,1224,80.1,0.0,0.0,0.0,0.00
1789376006450,229.754,1281,1091,1224,80.1,0.0,0.0,0.0,0.00
1789376006498,229.802,1281,1091,1224,80.1,0.0,0.0,0.0,0.00
1789376006550,229.854,1281,1091,1224,80.1,0.0,0.0,0.0,0.00
1789376006605,229.909,1281,1091,1224,80.1,0.0,0.0,0.0,0.00
1789376006666,229.970,1281,1091,1224,80.1,0.0,0.0,0.0,0.00
1789376006724,230.028,1281,1091,1224,80.1,0.0,0.0,0.0,0.00
1789376006782,230.086,1281,1091,1224,80.1,0.0,0.0,0.0,0.00
1789376006840,230.144,1281,1091,1224,80.1,0.0,0.0,0.0,0.00
1789376006895,230.199,1281,1091,1224,80.1,0.0,0.0,0.0,0.00
1789376006951,230.255,1281,1091,1224,80.1,0.0,0.0,0.0,0.00
1789376007007,230.311,1281,1091,1224,80.1,0.0,0.0,0.0,0.00
1789376007063,230.367,1281,1091,1224,80.1,0.0,0.0,0.0,0.00
1789376007118,230.422,1281,1091,1224,80.1,0.0,0.0,0.0,0.00
1789376007173,230.477,1281,1091,1224,80.1,0.0,0.0,0.0,0.00
1789376007223,230.527,1281,1091,1224,80.1,0.0,0.0,0.0,0.00
1789376007273,230.577,1281,1091,1224,80.1,0.0,0.0,0.0,0.00
1789376007331,230.635,1281,1091,1224,80.1,0.0,0.0,0.0,0.00
1789376007376,230.680,1281,1091,1224,80.1,0.0,0.0,0.0,0.00
1789376007424,230.728,1281,1091,1224,80.1,0.0,0.0,0.0,0.00
1789376007474,230.778,1281,1091,1224,80.1,0.0,0.0,0.0,0.00
1789376007519,230.823,1281,1091,1224,80.1,0.0,0.0,0.0,0.00
1789376007571,230.875,1281,1091,1224,80.1,0.0,0.0,0.0,0.00
1789376007629,230.933,1281,1091,1224,80.1,0.0,0.0,0.0,0.00
1789376007683,230.987,1281,1091,1224,80.1,0.0,0.0,0.0,0.00
1789376007742,231.046,1281,1091,1224,80.1,0.0,0.0,0.0,0.00
1789376007798,231.102,1281,1091,1224,80.1,0.0,0.0,0.0,0.00
1789376007854,231.158,1281,1091,1224,80.1,0.0,0.0,0.0,0.00
1789376007911,231.215,1281,1091,1224,80.1,0.0,0.0,0.0,0.00
1789376007969,231.273,1281,1091,1224,80.1,0.0,0.0,0.0,0.00
1789376008024,231.328,1281,1091,1224,80.1,0.0,0.0,0.0,0.00
1789376008079,231.383,1281,1091,1224,80.1,0.0,0.0,0.0,0.00
1789376008125,231.429,1281,1091,1224,80.1,0.0,0.0,0.0,0.00
1789376008176,231.480,1281,1091,1224,80.1,0.0,0.0,0.0,0.00
1789376008229,231.533,1281,1091,1224,80.1,0.0,0.0,0.0,0.00
1789376008283,231.587,1281,1091,1224,80.1,0.0,0.0,0.0,0.00
1789376008338,231.642,1281,1091,1224,80.1,0.0,0.0,0.0,0.00
1789376008384,231.688,1281,1091,1224,80.1,0.0,0.0,0.0,0.00
1789376008425,231.729,1281,1091,1224,80.1,0.0,0.0,0.0,0.00
1789376008467,231.771,1281,1091,1224,80.1,0.0,0.0,0.0,0.00
1789376008515,231.819,1281,1091,1224,80.1,0.0,0.0,0.0,0.00
1789376008569,231.873,1281,1091,1224,80.1,0.0,0.0,0.0,0.00
1789376008627,231.931,1281,1091,1224,80.1,0.0,0.0,0.0,0.00
1789376008685,231.989,1281,1091,1224,80.1,0.0,0.0,0.0,0.00
1789376008743,232.047,1281,1091,1224,80.1,0.0,0.0,0.0,0.00
1789376008800,232.104,1281,1091,1224,80.1,0.0,0.0,0.0,0.00
1789376008856,232.160,1281,1091,1224,80.1,0.0,0.0,0.0,0.00
1789376008910,232.214,1281,1091,1224,80.1,0.0,0.0,0.0,0.00
1789376008958,232.262,1281,1091,1224,80.1,0.0,0.0,0.0,0.00
1789376009008,232.312,1281,1091,1224,80.1,0.0,0.0,0.0,0.00
1789376009060,232.364,1281,1091,1224,80.1,0.0,0.0,0.0,0.00
1789376009116,232.420,1281,1091,1224,80.1,0.0,0.0,0.0,0.00
1789376009166,232.470,1281,1091,1224,80.1,0.0,0.0,0.0,0.00
1789376009219,232.523,1281,1091,1224,80.1,0.0,0.0,0.0,0.00
1789376009272,232.576,1281,1091,1224,80.1,0.0,0.0,0.0,0.00
1789376009325,232.629,1281,1091,1224,80.1,0.0,0.0,0.0,0.00
1789376009377,232.681,1281,1091,1224,80.1,0.0,0.0,0.0,0.00
1789376009424,232.728,1281,1091,1224,80.1,0.0,0.0,0.0,0.00
1789376009471,232.775,1281,1091,1224,80.1,0.0,0.0,0.0,0.00
1789376009522,232.826,1281,1091,1224,80.1,0.0,0.0,0.0,0.00
1789376009577,232.881,1281,1091,1224,80.1,0.0,0.0,0.0,0.00
1789376009633,232.937,1281,1091,1224,80.1,0.0,0.0,0.0,0.00
1789376009678,232.982,1281,1091,1224,80.1,0.0,0.0,0.0,0.00
1789376009720,233.024,1281,1091,1224,80.1,0.0,0.0,0.0,0.00
1789376009776,233.080,1281,1091,1224,80.1,0.0,0.0,0.0,0.00
1789376009823,233.127,1281,1091,1224,80.1,0.0,0.0,0.0,0.00
1789376009876,233.180,1281,1091,1224,80.1,0.0,0.0,0.0,0.00
1789376009932,233.236,1281,1091,1224,80.1,0.0,0.0,0.0,0.00
1789376009989,233.293,1281,1091,1224,80.1,0.0,0.0,0.0,0.00
1789376010041,233.345,1281,1091,1224,80.1,0.0,0.0,0.0,0.00
1789376010099,233.403,1281,1091,1224,80.1,0.0,0.0,0.0,0.00
1789376010156,233.460,1281,1091,1224,80.1,0.0,0.0,0.0,0.00
1789376010206,233.510,1281,1091,1224,80.1,0.0,0.0,0.0,0.00
1789376010259,233.563,1281,1091,1224,80.1,0.0,0.0,0.0,0.00
1789376010316,233.620,1281,1091,1224,80.1,0.0,0.0,0.0,0.00
1789376010370,233.674,1281,1091,1224,80.1,0.0,0.0,0.0,0.00
1789376010416,233.720,1281,1091,1224,80.1,0.0,0.0,0.0,0.00
1789376010463,233.767,1281,1091,1224,80.1,0.0,0.0,0.0,0.00
1789376010517,233.821,1281,1091,1224,80.1,0.0,0.0,0.0,0.00
1789376010572,233.876,1281,1091,1224,80.1,0.0,0.0,0.0,0.00
1789376010627,233.931,1281,1091,1224,80.1,0.0,0.0,0.0,0.00
1789376010681,233.985,1281,1091,1224,80.1,0.0,0.0,0.0,0.00
1789376010740,234.044,1281,1091,1224,80.1,0.0,0.0,0.0,0.00
1789376010795,234.099,1281,1091,1224,80.1,0.0,0.0,0.0,0.00
1789376010852,234.156,1281,1091,1224,80.1,0.0,0.0,0.0,0.00
1789376010908,234.212,1281,1091,1224,80.1,0.0,0.0,0.0,0.00
1789376010966,234.270,1281,1091,1224,80.1,0.0,0.0,0.0,0.00
1789376011024,234.328,1281,1091,1224,80.1,0.0,0.0,0.0,0.00
1789376011080,234.384,1281,1091,1224,80.1,0.0,0.0,0.0,0.00
1789376011135,234.439,1281,1091,1224,80.1,0.0,0.0,0.0,0.00
1789376011191,234.495,1281,1091,1224,80.1,0.0,0.0,0.0,0.00
1789376011248,234.552,1281,1091,1224,80.1,0.0,0.0,0.0,0.00
1789376011304,234.608,1281,1091,1224,80.1,0.0,0.0,0.0,0.00
1789376011357,234.661,1281,1091,1224,80.1,0.0,0.0,0.0,0.00
1789376011403,234.707,1281,1091,1224,80.1,0.0,0.0,0.0,0.00
1789376011446,234.750,1281,1091,1224,80.1,0.0,0.0,0.0,0.00
1789376011492,234.796,1281,1091,1224,80.1,0.0,0.0,0.0,0.00
1789376011545,234.849,1281,1091,1224,80.1,0.0,0.0,0.0,0.00
1789376011600,234.904,1281,1091,1224,80.1,0.0,0.0,0.0,0.00
1789376011657,234.961,1281,1091,1224,80.1,0.0,0.0,0.0,0.00
1789376011714,235.018,1281,1091,1224,80.1,0.0,0.0,0.0,0.00
1789376011767,235.071,1281,1091,1224,80.1,0.0,0.0,0.0,0.00
1789376011822,235.126,1281,1091,1224,80.1,0.0,0.0,0.0,0.00
1789376011879,235.183,1281,1091,1224,80.1,0.0,0.0,0.0,0.00
1789376011936,235.240,1281,1091,1224,80.1,0.0,0.0,0.0,0.00
1789376011993,235.297,1281,1091,1224,80.1,0.0,0.0,0.0,0.00
1789376012049,235.353,1281,1091,1224,80.1,0.0,0.0,0.0,0.00
1789376012105,235.409,1281,1091,1224,80.1,0.0,0.0,0.0,0.00
1789376012160,235.464,1281,1091,1224,80.1,0.0,0.0,0.0,0.00
1789376012216,235.520,1281,1091,1224,80.1,0.0,0.0,0.0,0.00
1789376012268,235.572,1281,1091,1224,80.1,0.0,0.0,0.0,0.00
1789376012325,235.629,1281,1091,1224,80.1,0.0,0.0,0.0,0.00
1789376012378,235.682,1281,1091,1224,80.1,0.0,0.0,0.0,0.00
1789376012423,235.727,1281,1091,1224,80.1,0.0,0.0,0.0,0.00
1789376012468,235.772,1281,1091,1224,80.1,0.0,0.0,0.0,0.00
1789376012521,235.825,1281,1091,1224,80.1,0.0,0.0,0.0,0.00
1789376012575,235.879,1281,1091,1224,80.1,0.0,0.0,0.0,0.00
1789376012632,235.936,1281,1091,1224,80.1,0.0,0.0,0.0,0.00
1789376012690,235.994,1281,1091,1224,80.1,0.0,0.0,0.0,0.00
1789376012748,236.052,1281,1091,1224,80.1,0.0,0.0,0.0,0.00
1789376012803,236.107,1281,1091,1224,80.1,0.0,0.0,0.0,0.00
1789376012861,236.165,1281,1091,1224,80.1,0.0,0.0,0.0,0.00
1789376012916,236.220,1281,1091,1224,80.1,0.0,0.0,0.0,0.00
1789376012972,236.276,1281,1091,1224,80.1,0.0,0.0,0.0,0.00
1789376013028,236.332,1281,1091,1224,80.1,0.0,0.0,0.0,0.00
1789376013080,236.384,1281,1091,1224,80.1,0.0,0.0,0.0,0.00
1789376013127,236.431,1281,1091,1224,80.1,0.0,0.0,0.0,0.00
1789376013182,236.486,1281,1091,1224,80.1,0.0,0.0,0.0,0.00
1789376013232,236.536,1281,1091,1224,80.1,0.0,0.0,0.0,0.00
1789376013289,236.593,1281,1091,1224,80.1,0.0,0.0,0.0,0.00
1789376013341,236.645,1281,1091,1224,80.1,0.0,0.0,0.0,0.00
1789376013388,236.692,1281,1091,1224,80.1,0.0,0.0,0.0,0.00
1789376013433,236.737,1281,1091,1224,80.1,0.0,0.0,0.0,0.00
1789376013477,236.781,1281,1091,1224,80.1,0.0,0.0,0.0,0.00
1789376013522,236.826,1281,1091,1224,80.1,0.0,0.0,0.0,0.00
1789376013574,236.878,1281,1091,1224,80.1,0.0,0.0,0.0,0.00
1789376013630,236.934,1281,1091,1224,80.1,0.0,0.0,0.0,0.00
1789376013686,236.990,1281,1091,1224,80.1,0.0,0.0,0.0,0.00
1789376013740,237.044,1281,1091,1224,80.1,0.0,0.0,0.0,0.00
1789376013795,237.099,1281,1091,1224,80.1,0.0,0.0,0.0,0.00
1789376013850,237.154,1281,1091,1224,80.1,0.0,0.0,0.0,0.00
1789376013908,237.212,1281,1091,1224,80.1,0.0,0.0,0.0,0.00
1789376013961,237.265,1281,1091,1224,80.1,0.0,0.0,0.0,0.00
1789376014011,237.315,1281,1091,1224,80.1,0.0,0.0,0.0,0.00
1789376014062,237.366,1281,1091,1224,80.1,0.0,0.0,0.0,0.00
1789376014114,237.418,1281,1091,1224,80.1,0.0,0.0,0.0,0.00
1789376014164,237.468,1281,1091,1224,80.1,0.0,0.0,0.0,0.00
1789376014213,237.517,1281,1091,1224,80.1,0.0,0.0,0.0,0.00
1789376014263,237.567,1281,1091,1224,80.1,0.0,0.0,0.0,0.00
1789376014316,237.620,1281,1091,1224,80.1,0.0,0.0,0.0,0.00
1789376014366,237.670,1281,1091,1224,80.1,0.0,0.0,0.0,0.00
1789376014411,237.715,1281,1091,1224,80.1,0.0,0.0,0.0,0.00
1789376014460,237.764,1281,1091,1224,80.1,0.0,0.0,0.0,0.00
1789376014503,237.807,1281,1091,1224,80.1,0.0,0.0,0.0,0.00
1789376014559,237.863,1281,1091,1224,80.1,0.0,0.0,0.0,0.00
1789376014613,237.917,1281,1091,1224,80.1,0.0,0.0,0.0,0.00
1789376014662,237.966,1281,1091,1224,80.1,0.0,0.0,0.0,0.00
1789376014708,238.012,1281,1091,1224,80.1,0.0,0.0,0.0,0.00
1789376014754,238.058,1281,1091,1224,80.1,0.0,0.0,0.0,0.00
1789376014806,238.110,1281,1091,1224,80.1,0.0,0.0,0.0,0.00
1789376014850,238.154,1281,1091,1224,80.1,0.0,0.0,0.0,0.00
1789376014900,238.204,1281,1091,1224,80.1,0.0,0.0,0.0,0.00
1789376014953,238.257,1281,1091,1224,80.1,0.0,0.0,0.0,0.00
1789376015003,238.307,1281,1091,1224,80.1,0.0,0.0,0.0,0.00
1789376015054,238.358,1281,1091,1224,80.1,0.0,0.0,0.0,0.00
1789376015107,238.411,1281,1091,1224,80.1,0.0,0.0,0.0,0.00
1789376015161,238.465,1281,1091,1224,80.1,0.0,0.0,0.0,0.00
1789376015217,238.521,1281,1091,1224,80.1,0.0,0.0,0.0,0.00
1789376015275,238.579,1281,1091,1224,80.1,0.0,0.0,0.0,0.00
1789376015331,238.635,1281,1091,1224,80.1,0.0,0.0,0.0,0.00
1789376015387,238.691,1281,1091,1224,80.1,0.0,0.0,0.0,0.00
1789376015435,238.739,1281,1091,1224,80.1,0.0,0.0,0.0,0.00
1789376015487,238.791,1281,1091,1224,80.1,0.0,0.0,0.0,0.00
1789376015535,238.839,1281,1091,1224,80.1,0.0,0.0,0.0,0.00
1789376015592,238.896,1281,1091,1224,80.1,0.0,0.0,0.0,0.00
1789376015638,238.942,1281,1091,1224,80.1,0.0,0.0,0.0,0.00
1789376015686,238.990,1281,1091,1224,80.1,0.0,0.0,0.0,0.00
1789376015741,239.045,1281,1091,1224,80.1,0.0,0.0,0.0,0.00
1789376015796,239.100,1281,1091,1224,80.1,0.0,0.0,0.0,0.00
1789376015851,239.155,1281,1091,1224,80.1,0.0,0.0,0.0,0.00
1789376015908,239.212,1281,1091,1224,80.1,0.0,0.0,0.0,0.00
1789376015966,239.270,1281,1091,1224,80.1,0.0,0.0,0.0,0.00
1789376016019,239.323,1281,1091,1224,80.1,0.0,0.0,0.0,0.00
1789376016070,239.374,1281,1091,1224,80.1,0.0,0.0,0.0,0.00
1789376016125,239.429,1281,1091,1224,80.1,0.0,0.0,0.0,0.00
1789376016175,239.479,1281,1091,1224,80.1,0.0,0.0,0.0,0.00
1789376016226,239.530,1281,1091,1224,80.1,0.0,0.0,0.0,0.00
1789376016277,239.581,1281,1091,1224,80.1,0.0,0.0,0.0,0.00
1789376016329,239.633,1281,1091,1224,80.1,0.0,0.0,0.0,0.00
1789376016383,239.687,1281,1091,1224,80.1,0.0,0.0,0.0,0.00
1789376016436,239.740,1281,1091,1224,80.1,0.0,0.0,0.0,0.00
1789376016481,239.785,1281,1091,1224,80.1,0.0,0.0,0.0,0.00
1789376016528,239.832,1281,1091,1224,80.1,0.0,0.0,0.0,0.00
1789376016579,239.883,1281,1091,1224,80.1,0.0,0.0,0.0,0.00
1789376016632,239.936,1281,1091,1224,80.1,0.0,0.0,0.0,0.00
1789376016683,239.987,1281,1091,1224,80.1,0.0,0.0,0.0,0.00
1789376016737,240.041,1281,1091,1224,80.1,0.0,0.0,0.0,0.00
1789376016795,240.099,1281,1091,1224,80.1,0.0,0.0,0.0,0.00
1789376016850,240.154,1281,1091,1224,80.1,0.0,0.0,0.0,0.00
1789376016906,240.210,1281,1091,1224,80.1,0.0,0.0,0.0,0.00
1789376016955,240.259,1281,1091,1224,80.1,0.0,0.0,0.0,0.00
1789376017007,240.311,1281,1091,1224,80.1,0.0,0.0,0.0,0.00
1789376017057,240.361,1281,1091,1224,80.1,0.0,0.0,0.0,0.00
1789376017110,240.414,1281,1091,1224,80.1,0.0,0.0,0.0,0.00
1789376017154,240.458,1281,1091,1224,80.1,0.0,0.0,0.0,0.00
1789376017205,240.509,1281,1091,1224,80.1,0.0,0.0,0.0,0.00
1789376017257,240.561,1281,1091,1224,80.1,0.0,0.0,0.0,0.00
1789376017311,240.615,1281,1091,1224,80.1,0.0,0.0,0.0,0.00
1789376017363,240.667,1281,1091,1224,80.1,0.0,0.0,0.0,0.00
1789376017413,240.717,1281,1091,1224,80.1,0.0,0.0,0.0,0.00
1789376017459,240.763,1281,1091,1224,80.1,0.0,0.0,0.0,0.00
1789376017504,240.808,1281,1091,1224,80.1,0.0,0.0,0.0,0.00
1789376017552,240.856,1281,1091,1224,80.1,0.0,0.0,0.0,0.00
1789376017603,240.907,1281,1091,1224,80.1,0.0,0.0,0.0,0.00
1789376017653,240.957,1281,1091,1224,80.1,0.0,0.0,0.0,0.00
1789376017703,241.007,1281,1091,1224,80.1,0.0,0.0,0.0,0.00
1789376017756,241.060,1281,1091,1224,80.1,0.0,0.0,0.0,0.00
1789376017807,241.111,1281,1091,1224,80.1,0.0,0.0,0.0,0.00
1789376017862,241.166,1281,1091,1224,80.1,0.0,0.0,0.0,0.00
1789376017916,241.220,1281,1091,1224,80.1,0.0,0.0,0.0,0.00
1789376017967,241.271,1281,1091,1224,80.1,0.0,0.0,0.0,0.00
1789376018018,241.322,1281,1091,1224,80.1,0.0,0.0,0.0,0.00
1789376018069,241.373,1281,1091,1224,80.1,0.0,0.0,0.0,0.00
1789376018120,241.424,1281,1091,1224,80.1,0.0,0.0,0.0,0.00
1789376018172,241.476,1281,1091,1224,80.1,0.0,0.0,0.0,0.00
1789376018225,241.529,1281,1091,1224,80.1,0.0,0.0,0.0,0.00
1789376018278,241.582,1281,1091,1224,80.1,0.0,0.0,0.0,0.00
1789376018329,241.633,1281,1091,1224,80.1,0.0,0.0,0.0,0.00
1789376018383,241.687,1281,1091,1224,80.1,0.0,0.0,0.0,0.00
1789376018434,241.738,1281,1091,1224,80.1,0.0,0.0,0.0,0.00
1789376018483,241.787,1281,1091,1224,80.1,0.0,0.0,0.0,0.00
1789376018533,241.837,1281,1091,1224,80.1,0.0,0.0,0.0,0.00
1789376018584,241.888,1281,1091,1224,80.1,0.0,0.0,0.0,0.00
1789376018634,241.938,1281,1091,1224,80.1,0.0,0.0,0.0,0.00
1789376018689,241.993,1281,1091,1224,80.1,0.0,0.0,0.0,0.00
1789376018738,242.042,1281,1091,1224,80.1,0.0,0.0,0.0,0.00
1789376018789,242.093,1281,1091,1224,80.1,0.0,0.0,0.0,0.00
1789376018839,242.143,1281,1091,1224,80.1,0.0,0.0,0.0,0.00
1789376018893,242.197,1281,1091,1224,80.1,0.0,0.0,0.0,0.00
1789376018950,242.254,1281,1091,1224,80.1,0.0,0.0,0.0,0.00
1789376019003,242.307,1281,1091,1224,80.1,0.0,0.0,0.0,0.00
1789376019055,242.359,1281,1091,1224,80.1,0.0,0.0,0.0,0.00
1789376019106,242.410,1281,1091,1224,80.1,0.0,0.0,0.0,0.00
1789376019157,242.461,1281,1091,1224,80.1,0.0,0.0,0.0,0.00
1789376019210,242.514,1281,1091,1224,80.1,0.0,0.0,0.0,0.00
1789376019259,242.563,1281,1091,1224,80.1,0.0,0.0,0.0,0.00
1789376019311,242.615,1281,1091,1224,80.1,0.0,0.0,0.0,0.00
1789376019357,242.661,1281,1091,1224,80.1,0.0,0.0,0.0,0.00
1789376019406,242.710,1281,1091,1224,80.1,0.0,0.0,0.0,0.00
1789376019456,242.760,1281,1091,1224,80.1,0.0,0.0,0.0,0.00
1789376019498,242.802,1281,1091,1224,80.1,0.0,0.0,0.0,0.00
1789376019545,242.849,1281,1091,1224,80.1,0.0,0.0,0.0,0.00
1789376019596,242.900,1281,1091,1224,80.1,0.0,0.0,0.0,0.00
1789376019645,242.949,1281,1091,1224,80.1,0.0,0.0,0.0,0.00
1789376019698,243.002,1281,1091,1224,80.1,0.0,0.0,0.0,0.00
1789376019746,243.050,1281,1091,1224,80.1,0.0,0.0,0.0,0.00
1789376019795,243.099,1281,1091,1224,80.1,0.0,0.0,0.0,0.00
1789376019840,243.144,1281,1091,1224,80.1,0.0,0.0,0.0,0.00
1789376019884,243.188,1281,1091,1224,80.1,0.0,0.0,0.0,0.00
1789376019932,243.236,1281,1091,1224,80.1,0.0,0.0,0.0,0.00
1789376019988,243.292,1281,1091,1224,80.1,0.0,0.0,0.0,0.00
1789376020038,243.342,1281,1091,1224,80.1,0.0,0.0,0.0,0.00
1789376020089,243.393,1281,1091,1224,80.1,0.0,0.0,0.0,0.00
1789376020142,243.446,1281,1091,1224,80.1,0.0,0.0,0.0,0.00
1789376020190,243.494,1281,1091,1224,80.1,0.0,0.0,0.0,0.00
1789376020242,243.546,1281,1091,1224,80.1,0.0,0.0,0.0,0.00
1789376020294,243.598,1281,1091,1224,80.1,0.0,0.0,0.0,0.00
1789376020345,243.649,1281,1091,1224,80.1,0.0,0.0,0.0,0.00
1789376020395,243.699,1281,1091,1224,80.1,0.0,0.0,0.0,0.00
1789376020442,243.746,1281,1091,1224,80.1,0.0,0.0,0.0,0.00
1789376020487,243.791,1281,1091,1224,80.1,0.0,0.0,0.0,0.00
1789376020534,243.838,1281,1091,1224,80.1,0.0,0.0,0.0,0.00
1789376020584,243.888,1281,1091,1224,80.1,0.0,0.0,0.0,0.00
1789376020635,243.939,1281,1091,1224,80.1,0.0,0.0,0.0,0.00
1789376020687,243.991,1281,1091,1224,80.1,0.0,0.0,0.0,0.00
1789376020737,244.041,1281,1091,1224,80.1,0.0,0.0,0.0,0.00
1789376020787,244.091,1281,1091,1224,80.1,0.0,0.0,0.0,0.00
1789376020840,244.144,1281,1091,1224,80.1,0.0,0.0,0.0,0.00
1789376020896,244.200,1281,1091,1224,80.1,0.0,0.0,0.0,0.00
1789376020939,244.243,1281,1091,1224,80.1,0.0,0.0,0.0,0.00
1789376020986,244.290,1281,1091,1224,80.1,0.0,0.0,0.0,0.00
1789376021032,244.336,1281,1091,1224,80.1,0.0,0.0,0.0,0.00
1789376021081,244.385,1281,1091,1224,80.1,0.0,0.0,0.0,0.00
1789376021133,244.437,1281,1091,1224,80.1,0.0,0.0,0.0,0.00
1789376021188,244.492,1281,1091,1224,80.1,0.0,0.0,0.0,0.00
1789376021246,244.550,1281,1091,1224,80.1,0.0,0.0,0.0,0.00
1789376021303,244.607,1281,1091,1224,80.1,0.0,0.0,0.0,0.00
1789376021360,244.664,1281,1091,1224,80.1,0.0,0.0,0.0,0.00
1789376021409,244.713,1281,1091,1224,80.1,0.0,0.0,0.0,0.00
1789376021452,244.756,1281,1091,1224,80.1,0.0,0.0,0.0,0.00
1789376021499,244.803,1281,1091,1224,80.1,0.0,0.0,0.0,0.00
1789376021550,244.854,1281,1091,1224,80.1,0.0,0.0,0.0,0.00
1789376021599,244.903,1281,1091,1224,80.1,0.0,0.0,0.0,0.00
1789376021645,244.949,1281,1091,1224,80.1,0.0,0.0,0.0,0.00
1789376021697,245.001,1281,1091,1224,80.1,0.0,0.0,0.0,0.00
1789376021749,245.053,1281,1091,1224,80.1,0.0,0.0,0.0,0.00
1789376021807,245.111,1281,1091,1224,80.1,0.0,0.0,0.0,0.00
1789376021859,245.163,1281,1091,1224,80.1,0.0,0.0,0.0,0.00
1789376021910,245.214,1281,1091,1224,80.1,0.0,0.0,0.0,0.00
1789376021963,245.267,1281,1091,1224,80.1,0.0,0.0,0.0,0.00
1789376022020,245.324,1281,1091,1224,80.1,0.0,0.0,0.0,0.00
1789376022076,245.380,1281,1091,1224,80.1,0.0,0.0,0.0,0.00
1789376022131,245.435,1281,1091,1224,80.1,0.0,0.0,0.0,0.00
1789376022184,245.488,1281,1091,1224,80.1,0.0,0.0,0.0,0.00
1789376022232,245.536,1281,1091,1224,80.1,0.0,0.0,0.0,0.00
1789376022284,245.588,1281,1091,1224,80.1,0.0,0.0,0.0,0.00
1789376022337,245.641,1281,1091,1224,80.1,0.0,0.0,0.0,0.00
1789376022391,245.695,1281,1091,1224,80.1,0.0,0.0,0.0,0.00
1789376022440,245.744,1281,1091,1224,80.1,0.0,0.0,0.0,0.00
1789376022486,245.790,1281,1091,1224,80.1,0.0,0.0,0.0,0.00
1789376022534,245.838,1281,1091,1224,80.1,0.0,0.0,0.0,0.00
1789376022590,245.894,1281,1091,1224,80.1,0.0,0.0,0.0,0.00
1789376022646,245.950,1281,1091,1224,80.1,0.0,0.0,0.0,0.00
1789376022701,246.005,1281,1091,1224,80.1,0.0,0.0,0.0,0.00
1789376022759,246.063,1281,1091,1224,80.1,0.0,0.0,0.0,0.00
1789376022816,246.120,1281,1091,1224,80.1,0.0,0.0,0.0,0.00
1789376022867,246.171,1281,1091,1224,80.1,0.0,0.0,0.0,0.00
1789376022920,246.224,1281,1091,1224,80.1,0.0,0.0,0.0,0.00
1789376022971,246.275,1281,1091,1224,80.1,0.0,0.0,0.0,0.00
1789376023023,246.327,1281,1091,1224,80.1,0.0,0.0,0.0,0.00
1789376023074,246.378,1281,1091,1224,80.1,0.0,0.0,0.0,0.00
1789376023126,246.430,1281,1091,1224,80.1,0.0,0.0,0.0,0.00
1789376023182,246.486,1281,1091,1224,80.1,0.0,0.0,0.0,0.00
1789376023232,246.536,1281,1091,1224,80.1,0.0,0.0,0.0,0.00
1789376023281,246.585,1281,1091,1224,80.1,0.0,0.0,0.0,0.00
1789376023337,246.641,1281,1091,1224,80.1,0.0,0.0,0.0,0.00
1789376023391,246.695,1281,1091,1224,80.1,0.0,0.0,0.0,0.00
1789376023437,246.741,1281,1091,1224,80.1,0.0,0.0,0.0,0.00
1789376023484,246.788,1281,1091,1224,80.1,0.0,0.0,0.0,0.00
1789376023533,246.837,1281,1091,1224,80.1,0.0,0.0,0.0,0.00
1789376023587,246.891,1281,1091,1224,80.1,0.0,0.0,0.0,0.00
1789376023642,246.946,1281,1091,1224,80.1,0.0,0.0,0.0,0.00
1789376023694,246.998,1281,1091,1224,80.1,0.0,0.0,0.0,0.00
1789376023745,247.049,1281,1091,1224,80.1,0.0,0.0,0.0,0.00
1789376023797,247.101,1281,1091,1224,80.1,0.0,0.0,0.0,0.00
1789376023848,247.152,1281,1091,1224,80.1,0.0,0.0,0.0,0.00
1789376023898,247.202,1281,1091,1224,80.1,0.0,0.0,0.0,0.00
1789376023949,247.253,1281,1091,1224,80.1,0.0,0.0,0.0,0.00
1789376024001,247.305,1281,1091,1224,80.1,0.0,0.0,0.0,0.00
1789376024058,247.362,1281,1091,1224,80.1,0.0,0.0,0.0,0.00
1789376024122,247.426,1281,1091,1224,80.1,0.0,0.0,0.0,0.00
1789376024174,247.478,1281,1091,1224,80.1,0.0,0.0,0.0,0.00
1789376024232,247.536,1281,1091,1224,80.1,0.0,0.0,0.0,0.00
1789376024290,247.594,1281,1091,1224,80.1,0.0,0.0,0.0,0.00
1789376024348,247.652,1281,1091,1224,80.1,0.0,0.0,0.0,0.00
1789376024403,247.707,1281,1091,1224,80.1,0.0,0.0,0.0,0.00
1789376024451,247.755,1281,1091,1224,80.1,0.0,0.0,0.0,0.00
1789376024496,247.800,1281,1091,1224,80.1,0.0,0.0,0.0,0.00
1789376024546,247.850,1281,1091,1224,80.1,0.0,0.0,0.0,0.00
1789376024605,247.909,1281,1091,1224,80.1,0.0,0.0,0.0,0.00
1789376024655,247.959,1281,1091,1224,80.1,0.0,0.0,0.0,0.00
1789376024711,248.015,1281,1091,1224,80.1,0.0,0.0,0.0,0.00
1789376024754,248.058,1281,1091,1224,80.1,0.0,0.0,0.0,0.00
1789376024795,248.099,1281,1091,1224,80.1,0.0,0.0,0.0,0.00
1789376024839,248.143,1281,1091,1224,80.1,0.0,0.0,0.0,0.00
1789376024887,248.191,1281,1091,1224,80.1,0.0,0.0,0.0,0.00
1789376024939,248.243,1281,1091,1224,80.1,0.0,0.0,0.0,0.00
1789376024993,248.297,1281,1091,1224,80.1,0.0,0.0,0.0,0.00
1789376025047,248.351,1281,1091,1224,80.1,0.0,0.0,0.0,0.00
1789376025093,248.397,1281,1091,1224,80.1,0.0,0.0,0.0,0.00
1789376025146,248.450,1281,1091,1224,80.1,0.0,0.0,0.0,0.00
1789376025198,248.502,1281,1091,1224,80.1,0.0,0.0,0.0,0.00
1789376025253,248.557,1281,1091,1224,80.1,0.0,0.0,0.0,0.00
1789376025302,248.606,1281,1091,1224,80.1,0.0,0.0,0.0,0.00
1789376025353,248.657,1281,1091,1224,80.1,0.0,0.0,0.0,0.00
1789376025398,248.702,1281,1091,1224,80.1,0.0,0.0,0.0,0.00
1789376025445,248.749,1281,1091,1224,80.1,0.0,0.0,0.0,0.00
1789376025495,248.799,1281,1091,1224,80.1,0.0,0.0,0.0,0.00
1789376025540,248.844,1281,1091,1224,80.1,0.0,0.0,0.0,0.00
1789376025584,248.888,1281,1091,1224,80.1,0.0,0.0,0.0,0.00
1789376025634,248.938,1281,1091,1224,80.1,0.0,0.0,0.0,0.00
1789376025688,248.992,1281,1091,1224,80.1,0.0,0.0,0.0,0.00
1789376025739,249.043,1281,1091,1224,80.1,0.0,0.0,0.0,0.00
1789376025790,249.094,1281,1091,1224,80.1,0.0,0.0,0.0,0.00
1789376025836,249.140,1281,1091,1224,80.1,0.0,0.0,0.0,0.00
1789376025877,249.181,1281,1091,1224,80.1,0.0,0.0,0.0,0.00
1789376025921,249.225,1281,1091,1224,80.1,0.0,0.0,0.0,0.00
1789376025970,249.274,1281,1091,1224,80.1,0.0,0.0,0.0,0.00
1789376026029,249.333,1281,1091,1224,80.1,0.0,0.0,0.0,0.00
1789376026083,249.387,1281,1091,1224,80.1,0.0,0.0,0.0,0.00
1789376026141,249.445,1281,1091,1224,80.1,0.0,0.0,0.0,0.00
1789376026197,249.501,1281,1091,1224,80.1,0.0,0.0,0.0,0.00
1789376026249,249.553,1281,1091,1224,80.1,0.0,0.0,0.0,0.00
1789376026302,249.606,1281,1091,1224,80.1,0.0,0.0,0.0,0.00
1789376026350,249.654,1281,1091,1224,80.1,0.0,0.0,0.0,0.00
1789376026394,249.698,1281,1091,1224,80.1,0.0,0.0,0.0,0.00
1789376026440,249.744,1281,1091,1224,80.1,0.0,0.0,0.0,0.00
1789376026489,249.793,1281,1091,1224,80.1,0.0,0.0,0.0,0.00
1789376026538,249.842,1281,1091,1224,80.1,0.0,0.0,0.0,0.00
1789376026592,249.896,1281,1091,1224,80.1,0.0,0.0,0.0,0.00
1789376026645,249.949,1281,1091,1224,80.1,0.0,0.0,0.0,0.00
1789376026698,250.002,1281,1091,1224,80.1,0.0,0.0,0.0,0.00
1789376026748,250.052,1281,1091,1224,80.1,0.0,0.0,0.0,0.00
1789376026802,250.106,1281,1091,1224,80.1,0.0,0.0,0.0,0.00
1789376026854,250.158,1281,1091,1224,80.1,0.0,0.0,0.0,0.00
1789376026899,250.203,1281,1091,1224,80.1,0.0,0.0,0.0,0.00
1789376026953,250.257,1281,1091,1224,80.1,0.0,0.0,0.0,0.00
1789376027011,250.315,1281,1091,1224,80.1,0.0,0.0,0.0,0.00
1789376027073,250.377,1281,1091,1224,80.1,0.0,0.0,0.0,0.00
1789376027117,250.421,1281,1091,1224,80.1,0.0,0.0,0.0,0.00
1789376027163,250.467,1281,1091,1224,80.1,0.0,0.0,0.0,0.00
1789376027208,250.512,1281,1091,1224,80.1,0.0,0.0,0.0,0.00
1789376027260,250.564,1281,1091,1224,80.1,0.0,0.0,0.0,0.00
1789376027316,250.620,1281,1091,1224,80.1,0.0,0.0,0.0,0.00
1789376027367,250.671,1281,1091,1224,80.1,0.0,0.0,0.0,0.00
1789376027415,250.719,1281,1091,1224,80.1,0.0,0.0,0.0,0.00
1789376027463,250.767,1281,1091,1224,80.1,0.0,0.0,0.0,0.00
1789376027508,250.812,1281,1091,1224,80.1,0.0,0.0,0.0,0.00
1789376027558,250.862,1281,1091,1224,80.1,0.0,0.0,0.0,0.00
1789376027608,250.912,1281,1091,1224,80.1,0.0,0.0,0.0,0.00
1789376027658,250.962,1281,1091,1224,80.1,0.0,0.0,0.0,0.00
1789376027710,251.014,1281,1091,1224,80.1,0.0,0.0,0.0,0.00
1789376027760,251.064,1281,1091,1224,80.1,0.0,0.0,0.0,0.00
1789376027811,251.115,1281,1091,1224,80.1,0.0,0.0,0.0,0.00
1789376027861,251.165,1281,1091,1224,80.1,0.0,0.0,0.0,0.00
1789376027905,251.209,1281,1091,1224,80.1,0.0,0.0,0.0,0.00
1789376027951,251.255,1281,1091,1224,80.1,0.0,0.0,0.0,0.00
1789376028004,251.308,1281,1091,1224,80.1,0.0,0.0,0.0,0.00
1789376028060,251.364,1281,1091,1224,80.1,0.0,0.0,0.0,0.00
1789376028118,251.422,1281,1091,1224,80.1,0.0,0.0,0.0,0.00
1789376028178,251.482,1281,1091,1224,80.1,0.0,0.0,0.0,0.00
1789376028236,251.540,1281,1091,1224,80.1,0.0,0.0,0.0,0.00
1789376028294,251.598,1281,1091,1224,80.1,0.0,0.0,0.0,0.00
1789376028343,251.647,1281,1091,1224,80.1,0.0,0.0,0.0,0.00
1789376028394,251.698,1281,1091,1224,80.1,0.0,0.0,0.0,0.00
1789376028440,251.744,1281,1091,1224,80.1,0.0,0.0,0.0,0.00
1789376028488,251.792,1281,1091,1224,80.1,0.0,0.0,0.0,0.00
1789376028535,251.839,1281,1091,1224,80.1,0.0,0.0,0.0,0.00
1789376028615,251.919,1281,1091,1224,80.1,0.0,0.0,0.0,0.00
1789376028674,251.978,1281,1091,1224,80.1,0.0,0.0,0.0,0.00
1789376028723,252.027,1281,1091,1224,80.1,0.0,0.0,0.0,0.00
1789376028770,252.074,1281,1091,1224,80.1,0.0,0.0,0.0,0.00
1789376028821,252.125,1281,1091,1224,80.1,0.0,0.0,0.0,0.00
1789376028877,252.181,1281,1091,1224,80.1,0.0,0.0,0.0,0.00
1789376028927,252.231,1281,1091,1224,80.1,0.0,0.0,0.0,0.00
1789376028978,252.282,1281,1091,1224,80.1,0.0,0.0,0.0,0.00
1789376029033,252.337,1281,1091,1224,80.1,0.0,0.0,0.0,0.00
1789376029091,252.395,1281,1091,1224,80.1,0.0,0.0,0.0,0.00
1789376029148,252.452,1281,1091,1224,80.1,0.0,0.0,0.0,0.00
1789376029203,252.507,1281,1091,1224,80.1,0.0,0.0,0.0,0.00
1789376029255,252.559,1281,1091,1224,80.1,0.0,0.0,0.0,0.00
1789376029305,252.609,1281,1091,1224,80.1,0.0,0.0,0.0,0.00
1789376029357,252.661,1281,1091,1224,80.1,0.0,0.0,0.0,0.00
1789376029402,252.706,1281,1091,1224,80.1,0.0,0.0,0.0,0.00
1789376029450,252.754,1281,1091,1224,80.1,0.0,0.0,0.0,0.00
1789376029494,252.798,1281,1091,1224,80.1,0.0,0.0,0.0,0.00
1789376029542,252.846,1281,1091,1224,80.1,0.0,0.0,0.0,0.00
1789376029588,252.892,1281,1091,1224,80.1,0.0,0.0,0.0,0.00
1789376029637,252.941,1281,1091,1224,80.1,0.0,0.0,0.0,0.00
1789376029691,252.995,1281,1091,1224,80.1,0.0,0.0,0.0,0.00
1789376029736,253.040,1281,1091,1224,80.1,0.0,0.0,0.0,0.00
1789376029782,253.086,1281,1091,1224,80.1,0.0,0.0,0.0,0.00
1789376029828,253.132,1281,1091,1224,80.1,0.0,0.0,0.0,0.00
1789376029869,253.173,1281,1091,1224,80.1,0.0,0.0,0.0,0.00
1789376029915,253.219,1281,1091,1224,80.1,0.0,0.0,0.0,0.00
1789376029966,253.270,1281,1091,1224,80.1,0.0,0.0,0.0,0.00
1789376030011,253.315,1281,1091,1224,80.1,0.0,0.0,0.0,0.00
1789376030066,253.370,1281,1091,1224,80.1,0.0,0.0,0.0,0.00
1789376030122,253.426,1281,1091,1224,80.1,0.0,0.0,0.0,0.00
1789376030179,253.483,1281,1091,1224,80.1,0.0,0.0,0.0,0.00
1789376030233,253.537,1281,1091,1224,80.1,0.0,0.0,0.0,0.00
1789376030287,253.591,1281,1091,1224,80.1,0.0,0.0,0.0,0.00
1789376030338,253.642,1281,1091,1224,80.1,0.0,0.0,0.0,0.00
1789376030386,253.690,1281,1091,1224,80.1,0.0,0.0,0.0,0.00
1789376030434,253.738,1281,1091,1224,80.1,0.0,0.0,0.0,0.00
1789376030480,253.784,1281,1091,1224,80.1,0.0,0.0,0.0,0.00
1789376030527,253.831,1281,1091,1224,80.1,0.0,0.0,0.0,0.00
1789376030578,253.882,1281,1091,1224,80.1,0.0,0.0,0.0,0.00
1789376030627,253.931,1281,1091,1224,80.1,0.0,0.0,0.0,0.00
1789376030680,253.984,1281,1091,1224,80.1,0.0,0.0,0.0,0.00
1789376030735,254.039,1281,1091,1224,80.1,0.0,0.0,0.0,0.00
1789376030793,254.097,1281,1091,1224,80.1,0.0,0.0,0.0,0.00
1789376030844,254.148,1281,1091,1224,80.1,0.0,0.0,0.0,0.00
1789376030895,254.199,1281,1091,1224,80.1,0.0,0.0,0.0,0.00
1789376030944,254.248,1281,1091,1224,80.1,0.0,0.0,0.0,0.00
1789376030988,254.292,1281,1091,1224,80.1,0.0,0.0,0.0,0.00
1789376031039,254.343,1281,1091,1224,80.1,0.0,0.0,0.0,0.00
1789376031093,254.397,1281,1091,1224,80.1,0.0,0.0,0.0,0.00
1789376031144,254.448,1281,1091,1224,80.1,0.0,0.0,0.0,0.00
1789376031192,254.496,1281,1091,1224,80.1,0.0,0.0,0.0,0.00
1789376031242,254.546,1281,1091,1224,80.1,0.0,0.0,0.0,0.00
1789376031294,254.598,1281,1091,1224,80.1,0.0,0.0,0.0,0.00
1789376031341,254.645,1281,1091,1224,80.1,0.0,0.0,0.0,0.00
1789376031389,254.693,1281,1091,1224,80.1,0.0,0.0,0.0,0.00
1789376031436,254.740,1281,1091,1224,80.1,0.0,0.0,0.0,0.00
1789376031484,254.788,1281,1091,1224,80.1,0.0,0.0,0.0,0.00
1789376031533,254.837,1281,1091,1224,80.1,0.0,0.0,0.0,0.00
1789376031580,254.884,1281,1091,1224,80.1,0.0,0.0,0.0,0.00
1789376031637,254.941,1281,1091,1224,80.1,0.0,0.0,0.0,0.00
1789376031681,254.985,1281,1091,1224,80.1,0.0,0.0,0.0,0.00
1789376031730,255.034,1281,1091,1224,80.1,0.0,0.0,0.0,0.00
1789376031778,255.082,1281,1091,1224,80.1,0.0,0.0,0.0,0.00
1789376031829,255.133,1281,1091,1224,80.1,0.0,0.0,0.0,0.00
1789376031878,255.182,1281,1091,1224,80.1,0.0,0.0,0.0,0.00
1789376031929,255.233,1281,1091,1224,80.1,0.0,0.0,0.0,0.00
1789376031979,255.283,1281,1091,1224,80.1,0.0,0.0,0.0,0.00
1789376032030,255.334,1281,1091,1224,80.1,0.0,0.0,0.0,0.00
1789376032081,255.385,1281,1091,1224,80.1,0.0,0.0,0.0,0.00
1789376032133,255.437,1281,1091,1224,80.1,0.0,0.0,0.0,0.00
1789376032182,255.486,1281,1091,1224,80.1,0.0,0.0,0.0,0.00
1789376032234,255.538,1281,1091,1224,80.1,0.0,0.0,0.0,0.00
1789376032286,255.590,1281,1091,1224,80.1,0.0,0.0,0.0,0.00
1789376032339,255.643,1281,1091,1224,80.1,0.0,0.0,0.0,0.00
1789376032391,255.695,1281,1091,1224,80.1,0.0,0.0,0.0,0.00
1789376032439,255.743,1281,1091,1224,80.1,0.0,0.0,0.0,0.00
1789376032485,255.789,1281,1091,1224,80.1,0.0,0.0,0.0,0.00
1789376032537,255.841,1281,1091,1224,80.1,0.0,0.0,0.0,0.00
1789376032583,255.887,1281,1091,1224,80.1,0.0,0.0,0.0,0.00
1789376032628,255.932,1281,1091,1224,80.1,0.0,0.0,0.0,0.00
1789376032677,255.981,1281,1091,1224,80.1,0.0,0.0,0.0,0.00
1789376032731,256.035,1281,1091,1224,80.1,0.0,0.0,0.0,0.00
1789376032787,256.091,1281,1091,1224,80.1,0.0,0.0,0.0,0.00
1789376032841,256.145,1281,1091,1224,80.1,0.0,0.0,0.0,0.00
1789376032894,256.198,1281,1091,1224,80.1,0.0,0.0,0.0,0.00
1789376032944,256.248,1281,1091,1224,80.1,0.0,0.0,0.0,0.00
1789376032996,256.300,1281,1091,1224,80.1,0.0,0.0,0.0,0.00
1789376033045,256.349,1281,1091,1224,80.1,0.0,0.0,0.0,0.00
1789376033096,256.400,1281,1091,1224,80.1,0.0,0.0,0.0,0.00
1789376033146,256.450,1281,1091,1224,80.1,0.0,0.0,0.0,0.00
1789376033199,256.503,1281,1091,1224,80.1,0.0,0.0,0.0,0.00
1789376033250,256.554,1281,1091,1224,80.1,0.0,0.0,0.0,0.00
1789376033300,256.604,1281,1091,1224,80.1,0.0,0.0,0.0,0.00
1789376033352,256.656,1281,1091,1224,80.1,0.0,0.0,0.0,0.00
1789376033399,256.703,1281,1091,1224,80.1,0.0,0.0,0.0,0.00
1789376033444,256.748,1281,1091,1224,80.1,0.0,0.0,0.0,0.00
1789376033492,256.796,1281,1091,1224,80.1,0.0,0.0,0.0,0.00
1789376033543,256.847,1281,1091,1224,80.1,0.0,0.0,0.0,0.00
1789376033598,256.902,1281,1091,1224,80.1,0.0,0.0,0.0,0.00
1789376033655,256.959,1281,1091,1224,80.1,0.0,0.0,0.0,0.00
1789376033712,257.016,1281,1091,1224,80.1,0.0,0.0,0.0,0.00
1789376033767,257.071,1281,1091,1224,80.1,0.0,0.0,0.0,0.00
1789376033818,257.122,1281,1091,1224,80.1,0.0,0.0,0.0,0.00
1789376033869,257.173,1281,1091,1224,80.1,0.0,0.0,0.0,0.00
1789376033921,257.225,1281,1091,1224,80.1,0.0,0.0,0.0,0.00
1789376033968,257.272,1281,1091,1224,80.1,0.0,0.0,0.0,0.00
1789376034020,257.324,1281,1091,1224,80.1,0.0,0.0,0.0,0.00
1789376034066,257.370,1281,1091,1224,80.1,0.0,0.0,0.0,0.00
1789376034112,257.416,1281,1091,1224,80.1,0.0,0.0,0.0,0.00
1789376034154,257.458,1281,1091,1224,80.1,0.0,0.0,0.0,0.00
1789376034195,257.499,1281,1091,1224,80.1,0.0,0.0,0.0,0.00
1789376034241,257.545,1281,1091,1224,80.1,0.0,0.0,0.0,0.00
1789376034287,257.591,1281,1091,1224,80.1,0.0,0.0,0.0,0.00
1789376034338,257.642,1281,1091,1224,80.1,0.0,0.0,0.0,0.00
1789376034388,257.692,1281,1091,1224,80.1,0.0,0.0,0.0,0.00
1789376034435,257.739,1281,1091,1224,80.1,0.0,0.0,0.0,0.00
1789376034484,257.788,1281,1091,1224,80.1,0.0,0.0,0.0,0.00
1789376034528,257.832,1281,1091,1224,80.1,0.0,0.0,0.0,0.00
1789376034582,257.886,1281,1091,1224,80.1,0.0,0.0,0.0,0.00
1789376034633,257.937,1281,1091,1224,80.1,0.0,0.0,0.0,0.00
1789376034682,257.986,1281,1091,1224,80.1,0.0,0.0,0.0,0.00
1789376034733,258.037,1281,1091,1224,80.1,0.0,0.0,0.0,0.00
1789376034782,258.086,1281,1091,1224,80.1,0.0,0.0,0.0,0.00
1789376034834,258.138,1281,1091,1224,80.1,0.0,0.0,0.0,0.00
1789376034886,258.190,1281,1091,1224,80.1,0.0,0.0,0.0,0.00
1789376034937,258.241,1281,1091,1224,80.1,0.0,0.0,0.0,0.00
1789376034987,258.291,1281,1091,1224,80.1,0.0,0.0,0.0,0.00
1789376035037,258.341,1281,1091,1224,80.1,0.0,0.0,0.0,0.00
1789376035091,258.395,1281,1091,1224,80.1,0.0,0.0,0.0,0.00
1789376035143,258.447,1281,1091,1224,80.1,0.0,0.0,0.0,0.00
1789376035192,258.496,1281,1091,1224,80.1,0.0,0.0,0.0,0.00
1789376035247,258.551,1281,1091,1224,80.1,0.0,0.0,0.0,0.00
1789376035298,258.602,1281,1091,1224,80.1,0.0,0.0,0.0,0.00
1789376035351,258.655,1281,1091,1224,80.1,0.0,0.0,0.0,0.00
1789376035399,258.703,1281,1091,1224,80.1,0.0,0.0,0.0,0.00
1789376035446,258.750,1281,1091,1224,80.1,0.0,0.0,0.0,0.00
1789376035492,258.796,1281,1091,1224,80.1,0.0,0.0,0.0,0.00
1789376035540,258.844,1281,1091,1224,80.1,0.0,0.0,0.0,0.00
1789376035589,258.893,1281,1091,1224,80.1,0.0,0.0,0.0,0.00
1789376035640,258.944,1281,1091,1224,80.1,0.0,0.0,0.0,0.00
1789376035692,258.996,1281,1091,1224,80.1,0.0,0.0,0.0,0.00
1789376035743,259.047,1281,1091,1224,80.1,0.0,0.0,0.0,0.00
1789376035791,259.095,1281,1091,1224,80.1,0.0,0.0,0.0,0.00
1789376035841,259.145,1281,1091,1224,80.1,0.0,0.0,0.0,0.00
1789376035891,259.195,1281,1091,1224,80.1,0.0,0.0,0.0,0.00
1789376035943,259.247,1281,1091,1224,80.1,0.0,0.0,0.0,0.00
1789376035994,259.298,1281,1091,1224,80.1,0.0,0.0,0.0,0.00
1789376036045,259.349,1281,1091,1224,80.1,0.0,0.0,0.0,0.00
1789376036095,259.399,1281,1091,1224,80.1,0.0,0.0,0.0,0.00
1789376036144,259.448,1281,1091,1224,80.1,0.0,0.0,0.0,0.00
1789376036193,259.497,1281,1091,1224,80.1,0.0,0.0,0.0,0.00
1789376036238,259.542,1281,1091,1224,80.1,0.0,0.0,0.0,0.00
1789376036289,259.593,1281,1091,1224,80.1,0.0,0.0,0.0,0.00
1789376036339,259.643,1281,1091,1224,80.1,0.0,0.0,0.0,0.00
1789376036391,259.695,1281,1091,1224,80.1,0.0,0.0,0.0,0.00
1789376036438,259.742,1281,1091,1224,80.1,0.0,0.0,0.0,0.00
1789376036485,259.789,1281,1091,1224,80.1,0.0,0.0,0.0,0.00
1789376036534,259.838,1281,1091,1224,80.1,0.0,0.0,0.0,0.00
1789376036589,259.893,1281,1091,1224,80.1,0.0,0.0,0.0,0.00
1789376036642,259.946,1281,1091,1224,80.1,0.0,0.0,0.0,0.00
1789376036694,259.998,1281,1091,1224,80.1,0.0,0.0,0.0,0.00
1789376036742,260.046,1281,1091,1224,80.1,0.0,0.0,0.0,0.00
1789376036793,260.097,1281,1091,1224,80.1,0.0,0.0,0.0,0.00
1789376036845,260.149,1281,1091,1224,80.1,0.0,0.0,0.0,0.00
1789376036891,260.195,1281,1091,1224,80.1,0.0,0.0,0.0,0.00
1789376036940,260.244,1281,1091,1224,80.1,0.0,0.0,0.0,0.00
1789376036991,260.295,1281,1091,1224,80.1,0.0,0.0,0.0,0.00
1789376037038,260.342,1281,1091,1224,80.1,0.0,0.0,0.0,0.00
1789376037090,260.394,1281,1091,1224,80.1,0.0,0.0,0.0,0.00
1789376037142,260.446,1281,1091,1224,80.1,0.0,0.0,0.0,0.00
1789376037194,260.498,1281,1091,1224,80.1,0.0,0.0,0.0,0.00
1789376037243,260.547,1281,1091,1224,80.1,0.0,0.0,0.0,0.00
1789376037288,260.592,1281,1091,1224,80.1,0.0,0.0,0.0,0.00
1789376037333,260.637,1281,1091,1224,80.1,0.0,0.0,0.0,0.00
1789376037383,260.687,1281,1091,1224,80.1,0.0,0.0,0.0,0.00
1789376037431,260.735,1281,1091,1224,80.1,0.0,0.0,0.0,0.00
1789376037476,260.780,1281,1091,1224,80.1,0.0,0.0,0.0,0.00
1789376037525,260.829,1281,1091,1224,80.1,0.0,0.0,0.0,0.00
1789376037573,260.877,1281,1091,1224,80.1,0.0,0.0,0.0,0.00
1789376037623,260.927,1281,1091,1224,80.1,0.0,0.0,0.0,0.00
1789376037676,260.980,1281,1091,1224,80.1,0.0,0.0,0.0,0.00
1789376037721,261.025,1281,1091,1224,80.1,0.0,0.0,0.0,0.00
1789376037777,261.081,1281,1091,1224,80.1,0.0,0.0,0.0,0.00
1789376037820,261.124,1281,1091,1224,80.1,0.0,0.0,0.0,0.00
1789376037864,261.168,1281,1091,1224,80.1,0.0,0.0,0.0,0.00
1789376037911,261.215,1281,1091,1224,80.1,0.0,0.0,0.0,0.00
1789376037960,261.264,1281,1091,1224,80.1,0.0,0.0,0.0,0.00
1789376038017,261.321,1281,1091,1224,80.1,0.0,0.0,0.0,0.00
1789376038061,261.365,1281,1091,1224,80.1,0.0,0.0,0.0,0.00
1789376038106,261.410,1281,1091,1224,80.1,0.0,0.0,0.0,0.00
1789376038155,261.459,1281,1091,1224,80.1,0.0,0.0,0.0,0.00
1789376038206,261.510,1281,1091,1224,80.1,0.0,0.0,0.0,0.00
1789376038254,261.558,1281,1091,1224,80.1,0.0,0.0,0.0,0.00
1789376038297,261.601,1281,1091,1224,80.1,0.0,0.0,0.0,0.00
1789376038345,261.649,1281,1091,1224,80.1,0.0,0.0,0.0,0.00
1789376038394,261.698,1281,1091,1224,80.1,0.0,0.0,0.0,0.00
1789376038440,261.744,1281,1091,1224,80.1,0.0,0.0,0.0,0.00
1789376038487,261.791,1281,1091,1224,80.1,0.0,0.0,0.0,0.00
1789376038533,261.837,1281,1091,1224,80.1,0.0,0.0,0.0,0.00
1789376038585,261.889,1281,1091,1224,80.1,0.0,0.0,0.0,0.00
1789376038634,261.938,1281,1091,1224,80.1,0.0,0.0,0.0,0.00
1789376038685,261.989,1281,1091,1224,80.1,0.0,0.0,0.0,0.00
1789376038737,262.041,1281,1091,1224,80.1,0.0,0.0,0.0,0.00
1789376038784,262.088,1281,1091,1224,80.1,0.0,0.0,0.0,0.00
1789376038838,262.142,1281,1091,1224,80.1,0.0,0.0,0.0,0.00
1789376038897,262.201,1281,1091,1224,80.1,0.0,0.0,0.0,0.00
1789376038953,262.257,1281,1091,1224,80.1,0.0,0.0,0.0,0.00
1789376039007,262.311,1281,1091,1224,80.1,0.0,0.0,0.0,0.00
1789376039066,262.370,1281,1091,1224,80.1,0.0,0.0,0.0,0.00
1789376039123,262.427,1281,1091,1224,80.1,0.0,0.0,0.0,0.00
1789376039178,262.482,1281,1091,1224,80.1,0.0,0.0,0.0,0.00
1789376039231,262.535,1281,1091,1224,80.1,0.0,0.0,0.0,0.00
1789376039285,262.589,1281,1091,1224,80.1,0.0,0.0,0.0,0.00
1789376039338,262.642,1281,1091,1224,80.1,0.0,0.0,0.0,0.00
1789376039397,262.701,1281,1091,1224,80.1,0.0,0.0,0.0,0.00
1789376039445,262.749,1281,1091,1224,80.1,0.0,0.0,0.0,0.00
1789376039492,262.796,1281,1091,1224,80.1,0.0,0.0,0.0,0.00
1789376039541,262.845,1281,1091,1224,80.1,0.0,0.0,0.0,0.00
1789376039591,262.895,1281,1091,1224,80.1,0.0,0.0,0.0,0.00
1789376039641,262.945,1281,1091,1224,80.1,0.0,0.0,0.0,0.00
1789376039698,263.002,1281,1091,1224,80.1,0.0,0.0,0.0,0.00
1789376039751,263.055,1281,1091,1224,80.1,0.0,0.0,0.0,0.00
1789376039802,263.106,1281,1091,1224,80.1,0.0,0.0,0.0,0.00
1789376039850,263.154,1281,1091,1224,80.1,0.0,0.0,0.0,0.00
1789376039898,263.202,1281,1091,1224,80.1,0.0,0.0,0.0,0.00
1789376039950,263.254,1281,1091,1224,80.1,0.0,0.0,0.0,0.00
1789376040002,263.306,1281,1091,1224,80.1,0.0,0.0,0.0,0.00
1789376040045,263.349,1281,1091,1224,80.1,0.0,0.0,0.0,0.00
1789376040094,263.398,1281,1091,1224,80.1,0.0,0.0,0.0,0.00
1789376040141,263.445,1281,1091,1224,80.1,0.0,0.0,0.0,0.00
1789376040192,263.496,1281,1091,1224,80.1,0.0,0.0,0.0,0.00
1789376040245,263.549,1281,1091,1224,80.1,0.0,0.0,0.0,0.00
1789376040293,263.597,1281,1091,1224,80.1,0.0,0.0,0.0,0.00
1789376040335,263.639,1281,1091,1224,80.1,0.0,0.0,0.0,0.00
1789376040382,263.686,1281,1091,1224,80.1,0.0,0.0,0.0,0.00
1789376040426,263.730,1281,1091,1224,80.1,0.0,0.0,0.0,0.00
1789376040474,263.778,1281,1091,1224,80.1,0.0,0.0,0.0,0.00
1789376040522,263.826,1281,1091,1224,80.1,0.0,0.0,0.0,0.00
1789376040573,263.877,1281,1091,1224,80.1,0.0,0.0,0.0,0.00
1789376040622,263.926,1281,1091,1224,80.1,0.0,0.0,0.0,0.00
1789376040676,263.980,1281,1091,1224,80.1,0.0,0.0,0.0,0.00
1789376040725,264.029,1281,1091,1224,80.1,0.0,0.0,0.0,0.00
1789376040774,264.078,1281,1091,1224,80.1,0.0,0.0,0.0,0.00
1789376040821,264.125,1281,1091,1224,80.1,0.0,0.0,0.0,0.00
1789376040875,264.179,1281,1091,1224,80.1,0.0,0.0,0.0,0.00
1789376040931,264.235,1281,1091,1224,80.1,0.0,0.0,0.0,0.00
1789376040986,264.290,1281,1091,1224,80.1,0.0,0.0,0.0,0.00
1789376041044,264.348,1281,1091,1224,80.1,0.0,0.0,0.0,0.00
1789376041100,264.404,1281,1091,1224,80.1,0.0,0.0,0.0,0.00
1789376041154,264.458,1281,1091,1224,80.1,0.0,0.0,0.0,0.00
1789376041208,264.512,1281,1091,1224,80.1,0.0,0.0,0.0,0.00
1789376041264,264.568,1281,1091,1224,80.1,0.0,0.0,0.0,0.00
1789376041318,264.622,1281,1091,1224,80.1,0.0,0.0,0.0,0.00
1789376041372,264.676,1281,1091,1224,80.1,0.0,0.0,0.0,0.00
1789376041421,264.725,1281,1091,1224,80.1,0.0,0.0,0.0,0.00
1789376041467,264.771,1281,1091,1224,80.1,0.0,0.0,0.0,0.00
1789376041515,264.819,1281,1091,1224,80.1,0.0,0.0,0.0,0.00
1789376041567,264.871,1281,1091,1224,80.1,0.0,0.0,0.0,0.00
1789376041629,264.933,1281,1091,1224,80.1,0.0,0.0,0.0,0.00
1789376041687,264.991,1281,1091,1224,80.1,0.0,0.0,0.0,0.00
1789376041743,265.047,1281,1091,1224,80.1,0.0,0.0,0.0,0.00
1789376041798,265.102,1281,1091,1224,80.1,0.0,0.0,0.0,0.00
1789376041853,265.157,1281,1091,1224,80.1,0.0,0.0,0.0,0.00
1789376041902,265.206,1281,1091,1224,80.1,0.0,0.0,0.0,0.00
1789376041952,265.256,1281,1091,1224,80.1,0.0,0.0,0.0,0.00
1789376042004,265.308,1281,1091,1224,80.1,0.0,0.0,0.0,0.00
1789376042057,265.361,1281,1091,1224,80.1,0.0,0.0,0.0,0.00
1789376042111,265.415,1281,1091,1224,80.1,0.0,0.0,0.0,0.00
1789376042164,265.468,1281,1091,1224,80.1,0.0,0.0,0.0,0.00
1789376042219,265.523,1281,1091,1224,80.1,0.0,0.0,0.0,0.00
1789376042277,265.581,1281,1091,1224,80.1,0.0,0.0,0.0,0.00
1789376042329,265.633,1281,1091,1224,80.1,0.0,0.0,0.0,0.00
1789376042384,265.688,1281,1091,1224,80.1,0.0,0.0,0.0,0.00
1789376042431,265.735,1281,1091,1224,80.1,0.0,0.0,0.0,0.00
1789376042478,265.782,1281,1091,1224,80.1,0.0,0.0,0.0,0.00
1789376042523,265.827,1281,1091,1224,80.1,0.0,0.0,0.0,0.00
1789376042576,265.880,1281,1091,1224,80.1,0.0,0.0,0.0,0.00
1789376042632,265.936,1281,1091,1224,80.1,0.0,0.0,0.0,0.00
1789376042690,265.994,1281,1091,1224,80.1,0.0,0.0,0.0,0.00
1789376042747,266.051,1281,1091,1224,80.1,0.0,0.0,0.0,0.00
1789376042803,266.107,1281,1091,1224,80.1,0.0,0.0,0.0,0.00
1789376042858,266.162,1281,1091,1224,80.1,0.0,0.0,0.0,0.00
1789376042910,266.214,1281,1091,1224,80.1,0.0,0.0,0.0,0.00
1789376042965,266.269,1281,1091,1224,80.1,0.0,0.0,0.0,0.00
1789376043023,266.327,1281,1091,1224,80.1,0.0,0.0,0.0,0.00
1789376043079,266.383,1281,1091,1224,80.1,0.0,0.0,0.0,0.00
1789376043137,266.441,1281,1091,1224,80.1,0.0,0.0,0.0,0.00
1789376043193,266.497,1281,1091,1224,80.1,0.0,0.0,0.0,0.00
1789376043249,266.553,1281,1091,1224,80.1,0.0,0.0,0.0,0.00
1789376043304,266.608,1281,1091,1224,80.1,0.0,0.0,0.0,0.00
1789376043359,266.663,1281,1091,1224,80.1,0.0,0.0,0.0,0.00
1789376043407,266.711,1281,1091,1224,80.1,0.0,0.0,0.0,0.00
1789376043454,266.758,1281,1091,1224,80.1,0.0,0.0,0.0,0.00
1789376043496,266.800,1281,1091,1224,80.1,0.0,0.0,0.0,0.00
1789376043542,266.846,1281,1091,1224,80.1,0.0,0.0,0.0,0.00
1789376043598,266.902,1281,1091,1224,80.1,0.0,0.0,0.0,0.00
1789376043655,266.959,1281,1091,1224,80.1,0.0,0.0,0.0,0.00
1789376043710,267.014,1281,1091,1224,80.1,0.0,0.0,0.0,0.00
1789376043754,267.058,1281,1091,1224,80.1,0.0,0.0,0.0,0.00
1789376043807,267.111,1281,1091,1224,80.1,0.0,0.0,0.0,0.00
1789376043853,267.157,1281,1091,1224,80.1,0.0,0.0,0.0,0.00
1789376043905,267.209,1281,1091,1224,80.1,0.0,0.0,0.0,0.00
1789376043960,267.264,1281,1091,1224,80.1,0.0,0.0,0.0,0.00
1789376044015,267.319,1281,1091,1224,80.1,0.0,0.0,0.0,0.00
1789376044072,267.376,1281,1091,1224,80.1,0.0,0.0,0.0,0.00
1789376044130,267.434,1281,1091,1224,80.1,0.0,0.0,0.0,0.00
1789376044180,267.484,1281,1091,1224,80.1,0.0,0.0,0.0,0.00
1789376044229,267.533,1281,1091,1224,80.1,0.0,0.0,0.0,0.00
1789376044277,267.581,1281,1091,1224,80.1,0.0,0.0,0.0,0.00
1789376044329,267.633,1281,1091,1224,80.1,0.0,0.0,0.0,0.00
1789376044385,267.689,1281,1091,1224,80.1,0.0,0.0,0.0,0.00
1789376044433,267.737,1281,1091,1224,80.1,0.0,0.0,0.0,0.00
1789376044478,267.782,1281,1091,1224,80.1,0.0,0.0,0.0,0.00
1789376044531,267.835,1281,1091,1224,80.1,0.0,0.0,0.0,0.00
1789376044581,267.885,1281,1091,1224,80.1,0.0,0.0,0.0,0.00
1789376044629,267.933,1281,1091,1224,80.1,0.0,0.0,0.0,0.00
1789376044678,267.982,1281,1091,1224,80.1,0.0,0.0,0.0,0.00
1789376044728,268.032,1281,1091,1224,80.1,0.0,0.0,0.0,0.00
1789376044779,268.083,1281,1091,1224,80.1,0.0,0.0,0.0,0.00
1789376044831,268.135,1281,1091,1224,80.1,0.0,0.0,0.0,0.00
1789376044887,268.191,1281,1091,1224,80.1,0.0,0.0,0.0,0.00
1789376044941,268.245,1281,1091,1224,80.1,0.0,0.0,0.0,0.00
1789376044997,268.301,1281,1091,1224,80.1,0.0,0.0,0.0,0.00
1789376045051,268.355,1281,1091,1224,80.1,0.0,0.0,0.0,0.00
1789376045108,268.412,1281,1091,1224,80.1,0.0,0.0,0.0,0.00
1789376045165,268.469,1281,1091,1224,80.1,0.0,0.0,0.0,0.00
1789376045217,268.521,1281,1091,1224,80.1,0.0,0.0,0.0,0.00
1789376045267,268.571,1281,1091,1224,80.1,0.0,0.0,0.0,0.00
1789376045318,268.622,1281,1091,1224,80.1,0.0,0.0,0.0,0.00
1789376045375,268.679,1281,1091,1224,80.1,0.0,0.0,0.0,0.00
1789376045423,268.727,1281,1091,1224,80.1,0.0,0.0,0.0,0.00
1789376045469,268.773,1281,1091,1224,80.1,0.0,0.0,0.0,0.00
1789376045511,268.815,1281,1091,1224,80.1,0.0,0.0,0.0,0.00
1789376045566,268.870,1281,1091,1224,80.1,0.0,0.0,0.0,0.00
1789376045617,268.921,1281,1091,1224,80.1,0.0,0.0,0.0,0.00
1789376045674,268.978,1281,1091,1224,80.1,0.0,0.0,0.0,0.00
1789376045733,269.037,1281,1091,1224,80.1,0.0,0.0,0.0,0.00
1789376045788,269.092,1281,1091,1224,80.1,0.0,0.0,0.0,0.00
1789376045843,269.147,1281,1091,1224,80.1,0.0,0.0,0.0,0.00
1789376045892,269.196,1281,1091,1224,80.1,0.0,0.0,0.0,0.00
1789376045948,269.252,1281,1091,1224,80.1,0.0,0.0,0.0,0.00
1789376046004,269.308,1281,1091,1224,80.1,0.0,0.0,0.0,0.00
1789376046058,269.362,1281,1091,1224,80.1,0.0,0.0,0.0,0.00
1789376046112,269.416,1281,1091,1224,80.1,0.0,0.0,0.0,0.00
1789376046168,269.472,1281,1091,1224,80.1,0.0,0.0,0.0,0.00
1789376046224,269.528,1281,1091,1224,80.1,0.0,0.0,0.0,0.00
1789376046272,269.576,1281,1091,1224,80.1,0.0,0.0,0.0,0.00
1789376046321,269.625,1281,1091,1224,80.1,0.0,0.0,0.0,0.00
1789376046368,269.672,1281,1091,1224,80.1,0.0,0.0,0.0,0.00
1789376046415,269.719,1281,1091,1224,80.1,0.0,0.0,0.0,0.00
1789376046462,269.766,1281,1091,1224,80.1,0.0,0.0,0.0,0.00
1789376046505,269.809,1281,1091,1224,80.1,0.0,0.0,0.0,0.00
1789376046556,269.860,1281,1091,1224,80.1,0.0,0.0,0.0,0.00
1789376046613,269.917,1281,1091,1224,80.1,0.0,0.0,0.0,0.00
1789376046669,269.973,1281,1091,1224,80.1,0.0,0.0,0.0,0.00
1789376046716,270.020,1281,1091,1224,80.1,0.0,0.0,0.0,0.00
1789376046762,270.066,1281,1091,1224,80.1,0.0,0.0,0.0,0.00
1789376046817,270.121,1281,1091,1224,80.1,0.0,0.0,0.0,0.00
1789376046874,270.178,1281,1091,1224,80.1,0.0,0.0,0.0,0.00
1789376046927,270.231,1281,1091,1224,80.1,0.0,0.0,0.0,0.00
1789376046980,270.284,1281,1091,1224,80.1,0.0,0.0,0.0,0.00
1789376047036,270.340,1281,1091,1224,80.1,0.0,0.0,0.0,0.00
1789376047087,270.391,1281,1091,1224,80.1,0.0,0.0,0.0,0.00
1789376047138,270.442,1281,1091,1224,80.1,0.0,0.0,0.0,0.00
1789376047189,270.493,1281,1091,1224,80.1,0.0,0.0,0.0,0.00
1789376047240,270.544,1281,1091,1224,80.1,0.0,0.0,0.0,0.00
1789376047291,270.595,1281,1091,1224,80.1,0.0,0.0,0.0,0.00
1789376047349,270.653,1281,1091,1224,80.1,0.0,0.0,0.0,0.00
1789376047397,270.701,1281,1091,1224,80.1,0.0,0.0,0.0,0.00
1789376047442,270.746,1281,1091,1224,80.1,0.0,0.0,0.0,0.00
1789376047488,270.792,1281,1091,1224,80.1,0.0,0.0,0.0,0.00
1789376047538,270.842,1281,1091,1224,80.1,0.0,0.0,0.0,0.00
1789376047590,270.894,1281,1091,1224,80.1,0.0,0.0,0.0,0.00
1789376047639,270.943,1281,1091,1224,80.1,0.0,0.0,0.0,0.00
1789376047692,270.996,1281,1091,1224,80.1,0.0,0.0,0.0,0.00
1789376047739,271.043,1281,1091,1224,80.1,0.0,0.0,0.0,0.00
1789376047791,271.095,1281,1091,1224,80.1,0.0,0.0,0.0,0.00
1789376047845,271.149,1281,1091,1224,80.1,0.0,0.0,0.0,0.00
1789376047896,271.200,1281,1091,1224,80.1,0.0,0.0,0.0,0.00
1789376047945,271.249,1281,1091,1224,80.1,0.0,0.0,0.0,0.00
1789376047994,271.298,1281,1091,1224,80.1,0.0,0.0,0.0,0.00
1789376048035,271.339,1281,1091,1224,80.1,0.0,0.0,0.0,0.00
1789376048076,271.380,1281,1091,1224,80.1,0.0,0.0,0.0,0.00
1789376048127,271.431,1281,1091,1224,80.1,0.0,0.0,0.0,0.00
1789376048172,271.476,1281,1091,1224,80.1,0.0,0.0,0.0,0.00
1789376048218,271.522,1281,1091,1224,80.1,0.0,0.0,0.0,0.00
1789376048267,271.571,1281,1091,1224,80.1,0.0,0.0,0.0,0.00
1789376048319,271.623,1281,1091,1224,80.1,0.0,0.0,0.0,0.00
1789376048372,271.676,1281,1091,1224,80.1,0.0,0.0,0.0,0.00
1789376048421,271.725,1281,1091,1224,80.1,0.0,0.0,0.0,0.00
1789376048471,271.775,1281,1091,1224,80.1,0.0,0.0,0.0,0.00
1789376048518,271.822,1281,1091,1224,80.1,0.0,0.0,0.0,0.00
1789376048562,271.866,1281,1091,1224,80.1,0.0,0.0,0.0,0.00
1789376048611,271.915,1281,1091,1224,80.1,0.0,0.0,0.0,0.00
1789376048656,271.960,1281,1091,1224,80.1,0.0,0.0,0.0,0.00
1789376048707,272.011,1281,1091,1224,80.1,0.0,0.0,0.0,0.00
1789376048756,272.060,1281,1091,1224,80.1,0.0,0.0,0.0,0.00
1789376048805,272.109,1281,1091,1224,80.1,0.0,0.0,0.0,0.00
1789376048853,272.157,1281,1091,1224,80.1,0.0,0.0,0.0,0.00
1789376048905,272.209,1281,1091,1224,80.1,0.0,0.0,0.0,0.00
1789376048958,272.262,1281,1091,1224,80.1,0.0,0.0,0.0,0.00
1789376049008,272.312,1281,1091,1224,80.1,0.0,0.0,0.0,0.00
1789376049060,272.364,1281,1091,1224,80.1,0.0,0.0,0.0,0.00
1789376049112,272.416,1281,1091,1224,80.1,0.0,0.0,0.0,0.00
1789376049156,272.460,1281,1091,1224,80.1,0.0,0.0,0.0,0.00
1789376049203,272.507,1281,1091,1224,80.1,0.0,0.0,0.0,0.00
1789376049253,272.557,1281,1091,1224,80.1,0.0,0.0,0.0,0.00
1789376049303,272.607,1281,1091,1224,80.1,0.0,0.0,0.0,0.00
1789376049354,272.658,1281,1091,1224,80.1,0.0,0.0,0.0,0.00
1789376049402,272.706,1281,1091,1224,80.1,0.0,0.0,0.0,0.00
1789376049449,272.753,1281,1091,1224,80.1,0.0,0.0,0.0,0.00
1789376049497,272.801,1281,1091,1224,80.1,0.0,0.0,0.0,0.00
1789376049543,272.847,1281,1091,1224,80.1,0.0,0.0,0.0,0.00
1789376049594,272.898,1281,1091,1224,80.1,0.0,0.0,0.0,0.00
1789376049644,272.948,1281,1091,1224,80.1,0.0,0.0,0.0,0.00
1789376049696,273.000,1281,1091,1224,80.1,0.0,0.0,0.0,0.00
1789376049745,273.049,1281,1091,1224,80.1,0.0,0.0,0.0,0.00
1789376049797,273.101,1281,1091,1224,80.1,0.0,0.0,0.0,0.00
1789376049837,273.141,1281,1091,1224,80.1,0.0,0.0,0.0,0.00
1789376049885,273.189,1281,1091,1224,80.1,0.0,0.0,0.0,0.00
1789376049937,273.241,1281,1091,1224,80.1,0.0,0.0,0.0,0.00
1789376049982,273.286,1281,1091,1224,80.1,0.0,0.0,0.0,0.00
1789376050025,273.329,1281,1091,1224,80.1,0.0,0.0,0.0,0.00
1789376050071,273.375,1281,1091,1224,80.1,0.0,0.0,0.0,0.00
1789376050121,273.425,1281,1091,1224,80.1,0.0,0.0,0.0,0.00
1789376050173,273.477,1281,1091,1224,80.1,0.0,0.0,0.0,0.00
1789376050223,273.527,1281,1091,1224,80.1,0.0,0.0,0.0,0.00
1789376050275,273.579,1281,1091,1224,80.1,0.0,0.0,0.0,0.00
1789376050326,273.630,1281,1091,1224,80.1,0.0,0.0,0.0,0.00
1789376050378,273.682,1281,1091,1224,80.1,0.0,0.0,0.0,0.00
1789376050427,273.731,1281,1091,1224,80.1,0.0,0.0,0.0,0.00
1789376050474,273.778,1281,1091,1224,80.1,0.0,0.0,0.0,0.00
1789376050523,273.827,1281,1091,1224,80.1,0.0,0.0,0.0,0.00
1789376050574,273.878,1281,1091,1224,80.1,0.0,0.0,0.0,0.00
1789376050626,273.930,1281,1091,1224,80.1,0.0,0.0,0.0,0.00
1789376050678,273.982,1281,1091,1224,80.1,0.0,0.0,0.0,0.00
1789376050731,274.035,1281,1091,1224,80.1,0.0,0.0,0.0,0.00
1789376050782,274.086,1281,1091,1224,80.1,0.0,0.0,0.0,0.00
1789376050833,274.137,1281,1091,1224,80.1,0.0,0.0,0.0,0.00
1789376050885,274.189,1281,1091,1224,80.1,0.0,0.0,0.0,0.00
1789376050935,274.239,1281,1091,1224,80.1,0.0,0.0,0.0,0.00
1789376050986,274.290,1281,1091,1224,80.1,0.0,0.0,0.0,0.00
1789376051035,274.339,1281,1091,1224,80.1,0.0,0.0,0.0,0.00
1789376051083,274.387,1281,1091,1224,80.1,0.0,0.0,0.0,0.00
1789376051136,274.440,1281,1091,1224,80.1,0.0,0.0,0.0,0.00
1789376051188,274.492,1281,1091,1224,80.1,0.0,0.0,0.0,0.00
1789376051241,274.545,1281,1091,1224,80.1,0.0,0.0,0.0,0.00
1789376051292,274.596,1281,1091,1224,80.1,0.0,0.0,0.0,0.00
1789376051342,274.646,1281,1091,1224,80.1,0.0,0.0,0.0,0.00
1789376051393,274.697,1281,1091,1224,80.1,0.0,0.0,0.0,0.00
1789376051440,274.744,1281,1091,1224,80.1,0.0,0.0,0.0,0.00
1789376051485,274.789,1281,1091,1224,80.1,0.0,0.0,0.0,0.00
1789376051533,274.837,1281,1091,1224,80.1,0.0,0.0,0.0,0.00
1789376051582,274.886,1281,1091,1224,80.1,0.0,0.0,0.0,0.00
1789376051631,274.935,1281,1091,1224,80.1,0.0,0.0,0.0,0.00
1789376051682,274.986,1281,1091,1224,80.1,0.0,0.0,0.0,0.00
1789376051732,275.036,1281,1091,1224,80.1,0.0,0.0,0.0,0.00
1789376051781,275.085,1281,1091,1224,80.1,0.0,0.0,0.0,0.00
1789376051830,275.134,1281,1091,1224,80.1,0.0,0.0,0.0,0.00
1789376051882,275.186,1281,1091,1224,80.1,0.0,0.0,0.0,0.00
1789376051934,275.238,1281,1091,1224,80.1,0.0,0.0,0.0,0.00
1789376051989,275.293,1281,1091,1224,80.1,0.0,0.0,0.0,0.00
1789376052041,275.345,1281,1091,1224,80.1,0.0,0.0,0.0,0.00
1789376052092,275.396,1281,1091,1224,80.1,0.0,0.0,0.0,0.00
1789376052141,275.445,1281,1091,1224,80.1,0.0,0.0,0.0,0.00
1789376052194,275.498,1281,1091,1224,80.1,0.0,0.0,0.0,0.00
1789376052245,275.549,1281,1091,1224,80.1,0.0,0.0,0.0,0.00
1789376052295,275.599,1281,1091,1224,80.1,0.0,0.0,0.0,0.00
1789376052346,275.650,1281,1091,1224,80.1,0.0,0.0,0.0,0.00
1789376052396,275.700,1281,1091,1224,80.1,0.0,0.0,0.0,0.00
1789376052447,275.751,1281,1091,1224,80.1,0.0,0.0,0.0,0.00
1789376052492,275.796,1281,1091,1224,80.1,0.0,0.0,0.0,0.00
1789376052536,275.840,1281,1091,1224,80.1,0.0,0.0,0.0,0.00
1789376052586,275.890,1281,1091,1224,80.1,0.0,0.0,0.0,0.00
1789376052636,275.940,1281,1091,1224,80.1,0.0,0.0,0.0,0.00
1789376052685,275.989,1281,1091,1224,80.1,0.0,0.0,0.0,0.00
1789376052735,276.039,1281,1091,1224,80.1,0.0,0.0,0.0,0.00
1789376052787,276.091,1281,1091,1224,80.1,0.0,0.0,0.0,0.00
1789376052836,276.140,1281,1091,1224,80.1,0.0,0.0,0.0,0.00
1789376052887,276.191,1281,1091,1224,80.1,0.0,0.0,0.0,0.00
1789376052936,276.240,1281,1091,1224,80.1,0.0,0.0,0.0,0.00
1789376052979,276.283,1281,1091,1224,80.1,0.0,0.0,0.0,0.00
1789376053024,276.328,1281,1091,1224,80.1,0.0,0.0,0.0,0.00
1789376053071,276.375,1281,1091,1224,80.1,0.0,0.0,0.0,0.00
1789376053118,276.422,1281,1091,1224,80.1,0.0,0.0,0.0,0.00
1789376053168,276.472,1281,1091,1224,80.1,0.0,0.0,0.0,0.00
1789376053216,276.520,1281,1091,1224,80.1,0.0,0.0,0.0,0.00
1789376053266,276.570,1281,1091,1224,80.1,0.0,0.0,0.0,0.00
1789376053318,276.622,1281,1091,1224,80.1,0.0,0.0,0.0,0.00
1789376053369,276.673,1281,1091,1224,80.1,0.0,0.0,0.0,0.00
1789376053415,276.719,1281,1091,1224,80.1,0.0,0.0,0.0,0.00
1789376053461,276.765,1281,1091,1224,80.1,0.0,0.0,0.0,0.00
1789376053513,276.817,1281,1091,1224,80.1,0.0,0.0,0.0,0.00
1789376053565,276.869,1281,1091,1224,80.1,0.0,0.0,0.0,0.00
1789376053620,276.924,1281,1091,1224,80.1,0.0,0.0,0.0,0.00
1789376053666,276.970,1281,1091,1224,80.1,0.0,0.0,0.0,0.00
1789376053717,277.021,1281,1091,1224,80.1,0.0,0.0,0.0,0.00
1789376053773,277.077,1281,1091,1224,80.1,0.0,0.0,0.0,0.00
1789376053830,277.134,1281,1091,1224,80.1,0.0,0.0,0.0,0.00
1789376053888,277.192,1281,1091,1224,80.1,0.0,0.0,0.0,0.00
1789376053947,277.251,1281,1091,1224,80.1,0.0,0.0,0.0,0.00
1789376054002,277.306,1281,1091,1224,80.1,0.0,0.0,0.0,0.00
1789376054058,277.362,1281,1091,1224,80.1,0.0,0.0,0.0,0.00
1789376054116,277.420,1281,1091,1224,80.1,0.0,0.0,0.0,0.00
1789376054171,277.475,1281,1091,1224,80.1,0.0,0.0,0.0,0.00
1789376054227,277.531,1281,1091,1224,80.1,0.0,0.0,0.0,0.00
1789376054283,277.587,1281,1091,1224,80.1,0.0,0.0,0.0,0.00
1789376054340,277.644,1281,1091,1224,80.1,0.0,0.0,0.0,0.00
1789376054387,277.691,1281,1091,1224,80.1,0.0,0.0,0.0,0.00
1789376054435,277.739,1281,1091,1224,80.1,0.0,0.0,0.0,0.00
1789376054482,277.786,1281,1091,1224,80.1,0.0,0.0,0.0,0.00
1789376054534,277.838,1281,1091,1224,80.1,0.0,0.0,0.0,0.00
1789376054586,277.890,1281,1091,1224,80.1,0.0,0.0,0.0,0.00
1789376054643,277.947,1281,1091,1224,80.1,0.0,0.0,0.0,0.00
1789376054700,278.004,1281,1091,1224,80.1,0.0,0.0,0.0,0.00
1789376054756,278.060,1281,1091,1224,80.1,0.0,0.0,0.0,0.00
1789376054807,278.111,1281,1091,1224,80.1,0.0,0.0,0.0,0.00
1789376054863,278.167,1281,1091,1224,80.1,0.0,0.0,0.0,0.00
1789376054915,278.219,1281,1091,1224,80.1,0.0,0.0,0.0,0.00
1789376054971,278.275,1281,1091,1224,80.1,0.0,0.0,0.0,0.00
1789376055028,278.332,1281,1091,1224,80.1,0.0,0.0,0.0,0.00
1789376055085,278.389,1281,1091,1224,80.1,0.0,0.0,0.0,0.00
1789376055140,278.444,1281,1091,1224,80.1,0.0,0.0,0.0,0.00
1789376055194,278.498,1281,1091,1224,80.1,0.0,0.0,0.0,0.00
1789376055251,278.555,1281,1091,1224,80.1,0.0,0.0,0.0,0.00
1789376055310,278.614,1281,1091,1224,80.1,0.0,0.0,0.0,0.00
1789376055368,278.672,1281,1091,1224,80.1,0.0,0.0,0.0,0.00
1789376055415,278.719,1281,1091,1224,80.1,0.0,0.0,0.0,0.00
1789376055459,278.763,1281,1091,1224,80.1,0.0,0.0,0.0,0.00
1789376055503,278.807,1281,1091,1224,80.1,0.0,0.0,0.0,0.00
1789376055551,278.855,1281,1091,1224,80.1,0.0,0.0,0.0,0.00
1789376055607,278.911,1281,1091,1224,80.1,0.0,0.0,0.0,0.00
1789376055660,278.964,1281,1091,1224,80.1,0.0,0.0,0.0,0.00
1789376055715,279.019,1281,1091,1224,80.1,0.0,0.0,0.0,0.00
1789376055770,279.074,1281,1091,1224,80.1,0.0,0.0,0.0,0.00
1789376055825,279.129,1281,1091,1224,80.1,0.0,0.0,0.0,0.00
1789376055880,279.184,1281,1091,1224,80.1,0.0,0.0,0.0,0.00
1789376055934,279.238,1281,1091,1224,80.1,0.0,0.0,0.0,0.00
1789376055986,279.290,1281,1091,1224,80.1,0.0,0.0,0.0,0.00
1789376056042,279.346,1281,1091,1224,80.1,0.0,0.0,0.0,0.00
1789376056103,279.407,1281,1091,1224,80.1,0.0,0.0,0.0,0.00
1789376056158,279.462,1281,1091,1224,80.1,0.0,0.0,0.0,0.00
1789376056214,279.518,1281,1091,1224,80.1,0.0,0.0,0.0,0.00
1789376056269,279.573,1281,1091,1224,80.1,0.0,0.0,0.0,0.00
1789376056325,279.629,1281,1091,1224,80.1,0.0,0.0,0.0,0.00
1789376056377,279.681,1281,1091,1224,80.1,0.0,0.0,0.0,0.00
1789376056424,279.728,1281,1091,1224,80.1,0.0,0.0,0.0,0.00
1789376056471,279.775,1281,1091,1224,80.1,0.0,0.0,0.0,0.00
1789376056523,279.827,1281,1091,1224,80.1,0.0,0.0,0.0,0.00
1789376056574,279.878,1281,1091,1224,80.1,0.0,0.0,0.0,0.00
1789376056626,279.930,1281,1091,1224,80.1,0.0,0.0,0.0,0.00
1789376056681,279.985,1281,1091,1224,80.1,0.0,0.0,0.0,0.00
1789376056736,280.040,1281,1091,1224,80.1,0.0,0.0,0.0,0.00
1789376056795,280.099,1281,1091,1224,80.1,0.0,0.0,0.0,0.00
1789376056851,280.155,1281,1091,1224,80.1,0.0,0.0,0.0,0.00
1789376056908,280.212,1281,1091,1224,80.1,0.0,0.0,0.0,0.00
1789376056968,280.272,1281,1091,1224,80.1,0.0,0.0,0.0,0.00
1789376057019,280.323,1281,1091,1224,80.1,0.0,0.0,0.0,0.00
1789376057070,280.374,1281,1091,1224,80.1,0.0,0.0,0.0,0.00
1789376057114,280.418,1281,1091,1224,80.1,0.0,0.0,0.0,0.00
1789376057157,280.461,1281,1091,1224,80.1,0.0,0.0,0.0,0.00
1789376057203,280.507,1281,1091,1224,80.1,0.0,0.0,0.0,0.00
1789376057247,280.551,1281,1091,1224,80.1,0.0,0.0,0.0,0.00
1789376057288,280.592,1281,1091,1224,80.1,0.0,0.0,0.0,0.00
1789376057329,280.633,1281,1091,1224,80.1,0.0,0.0,0.0,0.00
1789376057373,280.677,1281,1091,1224,80.1,0.0,0.0,0.0,0.00
1789376057415,280.719,1281,1091,1224,80.1,0.0,0.0,0.0,0.00
1789376057457,280.761,1281,1091,1224,80.1,0.0,0.0,0.0,0.00
1789376057497,280.801,1281,1091,1224,80.1,0.0,0.0,0.0,0.00
1789376057537,280.841,1281,1091,1224,80.1,0.0,0.0,0.0,0.00
1789376057578,280.882,1281,1091,1224,80.1,0.0,0.0,0.0,0.00
1789376057619,280.923,1281,1091,1224,80.1,0.0,0.0,0.0,0.00
1789376057658,280.962,1281,1091,1224,80.1,0.0,0.0,0.0,0.00
1789376057700,281.004,1281,1091,1224,80.1,0.0,0.0,0.0,0.00
1789376057740,281.044,1281,1091,1224,80.1,0.0,0.0,0.0,0.00
1789376057780,281.084,1281,1091,1224,80.1,0.0,0.0,0.0,0.00
1789376057820,281.124,1281,1091,1224,80.1,0.0,0.0,0.0,0.00
1789376057859,281.163,1281,1091,1224,80.1,0.0,0.0,0.0,0.00
1789376057899,281.203,1281,1091,1224,80.1,0.0,0.0,0.0,0.00
1789376057940,281.244,1281,1091,1224,80.1,0.0,0.0,0.0,0.00
1789376057982,281.286,1281,1091,1224,80.1,0.0,0.0,0.0,0.00
1789376058023,281.327,1281,1091,1224,80.1,0.0,0.0,0.0,0.00
1789376058065,281.369,1281,1091,1224,80.1,0.0,0.0,0.0,0.00
1789376058106,281.410,1281,1091,1224,80.1,0.0,0.0,0.0,0.00
1789376058147,281.451,1281,1091,1224,80.1,0.0,0.0,0.0,0.00
1789376058189,281.493,1281,1091,1224,80.1,0.0,0.0,0.0,0.00
1789376058228,281.532,1281,1091,1224,80.1,0.0,0.0,0.0,0.00
1789376058269,281.573,1281,1091,1224,80.1,0.0,0.0,0.0,0.00
1789376058309,281.613,1281,1091,1224,80.1,0.0,0.0,0.0,0.00
1789376058353,281.657,1281,1091,1224,80.1,0.0,0.0,0.0,0.00
1789376058393,281.697,1281,1091,1224,80.1,0.0,0.0,0.0,0.00
1789376058432,281.736,1281,1091,1224,80.1,0.0,0.0,0.0,0.00
1789376058473,281.777,1281,1091,1224,80.1,0.0,0.0,0.0,0.00
1789376058515,281.819,1281,1091,1224,80.1,0.0,0.0,0.0,0.00
1789376058557,281.861,1281,1091,1224,80.1,0.0,0.0,0.0,0.00
1789376058604,281.908,1281,1091,1224,80.1,0.0,0.0,0.0,0.00
1789376058651,281.955,1281,1091,1224,80.1,0.0,0.0,0.0,0.00
1789376058698,282.002,1281,1091,1224,80.1,0.0,0.0,0.0,0.00
1789376058746,282.050,1281,1091,1224,80.1,0.0,0.0,0.0,0.00
1789376058796,282.100,1281,1091,1224,80.1,0.0,0.0,0.0,0.00
1789376058850,282.154,1281,1091,1224,80.1,0.0,0.0,0.0,0.00
1789376058893,282.197,1281,1091,1224,80.1,0.0,0.0,0.0,0.00
1789376058942,282.246,1281,1091,1224,80.1,0.0,0.0,0.0,0.00
1789376058988,282.292,1281,1091,1224,80.1,0.0,0.0,0.0,0.00
1789376059036,282.340,1281,1091,1224,80.1,0.0,0.0,0.0,0.00
1789376059085,282.389,1281,1091,1224,80.1,0.0,0.0,0.0,0.00
1789376059131,282.435,1281,1091,1224,80.1,0.0,0.0,0.0,0.00
1789376059181,282.485,1281,1091,1224,80.1,0.0,0.0,0.0,0.00
1789376059234,282.538,1281,1091,1224,80.1,0.0,0.0,0.0,0.00
1789376059287,282.591,1281,1091,1224,80.1,0.0,0.0,0.0,0.00
1789376059331,282.635,1281,1091,1224,80.1,0.0,0.0,0.0,0.00
1789376059377,282.681,1281,1091,1224,80.1,0.0,0.0,0.0,0.00
1789376059424,282.728,1281,1091,1224,80.1,0.0,0.0,0.0,0.00
1789376059469,282.773,1281,1091,1224,80.1,0.0,0.0,0.0,0.00
1789376059514,282.818,1281,1091,1224,80.1,0.0,0.0,0.0,0.00
1789376059566,282.870,1281,1091,1224,80.1,0.0,0.0,0.0,0.00
1789376059612,282.916,1281,1091,1224,80.1,0.0,0.0,0.0,0.00
1789376059666,282.970,1281,1091,1224,80.1,0.0,0.0,0.0,0.00
1789376059713,283.017,1281,1091,1224,80.1,0.0,0.0,0.0,0.00
1789376059761,283.065,1281,1091,1224,80.1,0.0,0.0,0.0,0.00
1789376059810,283.114,1281,1091,1224,80.1,0.0,0.0,0.0,0.00
1789376059851,283.155,1281,1091,1224,80.1,0.0,0.0,0.0,0.00
1789376059902,283.206,1281,1091,1224,80.1,0.0,0.0,0.0,0.00
1789376059949,283.253,1281,1091,1224,80.1,0.0,0.0,0.0,0.00
1789376060001,283.305,1281,1091,1224,80.1,0.0,0.0,0.0,0.00
1789376060054,283.358,1281,1091,1224,80.1,0.0,0.0,0.0,0.00
1789376060106,283.410,1281,1091,1224,80.1,0.0,0.0,0.0,0.00
1789376060165,283.469,1281,1091,1224,80.1,0.0,0.0,0.0,0.00
1789376060212,283.516,1281,1091,1224,80.1,0.0,0.0,0.0,0.00
1789376060264,283.568,1281,1091,1224,80.1,0.0,0.0,0.0,0.00
1789376060310,283.614,1281,1091,1224,80.1,0.0,0.0,0.0,0.00
1789376060357,283.661,1281,1091,1224,80.1,0.0,0.0,0.0,0.00
1789376060404,283.708,1281,1091,1224,80.1,0.0,0.0,0.0,0.00
1789376060451,283.755,1281,1091,1224,80.1,0.0,0.0,0.0,0.00
1789376060500,283.804,1281,1091,1224,80.1,0.0,0.0,0.0,0.00
1789376060552,283.856,1281,1091,1224,80.1,0.0,0.0,0.0,0.00
1789376060605,283.909,1281,1091,1224,80.1,0.0,0.0,0.0,0.00
1789376060651,283.955,1281,1091,1224,80.1,0.0,0.0,0.0,0.00
1789376060704,284.008,1281,1091,1224,80.1,0.0,0.0,0.0,0.00
1789376060758,284.062,1281,1091,1224,80.1,0.0,0.0,0.0,0.00
1789376060814,284.118,1281,1091,1224,80.1,0.0,0.0,0.0,0.00
1789376060867,284.171,1281,1091,1224,80.1,0.0,0.0,0.0,0.00
1789376060920,284.224,1281,1091,1224,80.1,0.0,0.0,0.0,0.00
1789376060972,284.276,1281,1091,1224,80.1,0.0,0.0,0.0,0.00
1789376061027,284.331,1281,1091,1224,80.1,0.0,0.0,0.0,0.00
1789376061082,284.386,1281,1091,1224,80.1,0.0,0.0,0.0,0.00
1789376061127,284.431,1281,1091,1224,80.1,0.0,0.0,0.0,0.00
1789376061167,284.471,1281,1091,1224,80.1,0.0,0.0,0.0,0.00
1789376061206,284.510,1281,1091,1224,80.1,0.0,0.0,0.0,0.00
1789376061246,284.550,1281,1091,1224,80.1,0.0,0.0,0.0,0.00
1789376061285,284.589,1281,1091,1224,80.1,0.0,0.0,0.0,0.00
1789376061324,284.628,1281,1091,1224,80.1,0.0,0.0,0.0,0.00
1789376061364,284.668,1281,1091,1224,80.1,0.0,0.0,0.0,0.00
1789376061410,284.714,1281,1091,1224,80.1,0.0,0.0,0.0,0.00
1789376061452,284.756,1281,1091,1224,80.1,0.0,0.0,0.0,0.00
1789376061494,284.798,1281,1091,1224,80.1,0.0,0.0,0.0,0.00
1789376061534,284.838,1281,1091,1224,80.1,0.0,0.0,0.0,0.00
1789376061576,284.880,1281,1091,1224,80.1,0.0,0.0,0.0,0.00
1789376061616,284.920,1281,1091,1224,80.1,0.0,0.0,0.0,0.00
1789376061655,284.959,1281,1091,1224,80.1,0.0,0.0,0.0,0.00
1789376061696,285.000,1281,1091,1224,80.1,0.0,0.0,0.0,0.00
1789376061739,285.043,1281,1091,1224,80.1,0.0,0.0,0.0,0.00
1789376061791,285.095,1281,1091,1224,80.1,0.0,0.0,0.0,0.00
1789376061846,285.150,1281,1091,1224,80.1,0.0,0.0,0.0,0.00
1789376061897,285.201,1281,1091,1224,80.1,0.0,0.0,0.0,0.00
1789376061950,285.254,1281,1091,1224,80.1,0.0,0.0,0.0,0.00
1789376062004,285.308,1281,1091,1224,80.1,0.0,0.0,0.0,0.00
1789376062054,285.358,1281,1091,1224,80.1,0.0,0.0,0.0,0.00
1789376062099,285.403,1281,1091,1224,80.1,0.0,0.0,0.0,0.00
1789376062145,285.449,1281,1091,1224,80.1,0.0,0.0,0.0,0.00
1789376062198,285.502,1281,1091,1224,80.1,0.0,0.0,0.0,0.00
1789376062246,285.550,1281,1091,1224,80.1,0.0,0.0,0.0,0.00
1789376062292,285.596,1281,1091,1224,80.1,0.0,0.0,0.0,0.00
1789376062348,285.652,1281,1091,1224,80.1,0.0,0.0,0.0,0.00
1789376062397,285.701,1281,1091,1224,80.1,0.0,0.0,0.0,0.00
1789376062446,285.750,1281,1091,1224,80.1,0.0,0.0,0.0,0.00
1789376062493,285.797,1281,1091,1224,80.1,0.0,0.0,0.0,0.00
1789376062538,285.842,1281,1091,1224,80.1,0.0,0.0,0.0,0.00
1789376062590,285.894,1281,1091,1224,80.1,0.0,0.0,0.0,0.00
1789376062642,285.946,1281,1091,1224,80.1,0.0,0.0,0.0,0.00
1789376062689,285.993,1281,1091,1224,80.1,0.0,0.0,0.0,0.00
1789376062739,286.043,1281,1091,1224,80.1,0.0,0.0,0.0,0.00
1789376062794,286.098,1281,1091,1224,80.1,0.0,0.0,0.0,0.00
1789376062849,286.153,1281,1091,1224,80.1,0.0,0.0,0.0,0.00
1789376062904,286.208,1281,1091,1224,80.1,0.0,0.0,0.0,0.00
1789376062961,286.265,1281,1091,1224,80.1,0.0,0.0,0.0,0.00
1789376063012,286.316,1281,1091,1224,80.1,0.0,0.0,0.0,0.00
1789376063057,286.361,1281,1091,1224,80.1,0.0,0.0,0.0,0.00
1789376063102,286.406,1281,1091,1224,80.1,0.0,0.0,0.0,0.00
1789376063144,286.448,1281,1091,1224,80.1,0.0,0.0,0.0,0.00
1789376063199,286.503,1281,1091,1224,80.1,0.0,0.0,0.0,0.00
1789376063255,286.559,1281,1091,1224,80.1,0.0,0.0,0.0,0.00
1789376063308,286.612,1281,1091,1224,80.1,0.0,0.0,0.0,0.00
1789376063352,286.656,1281,1091,1224,80.1,0.0,0.0,0.0,0.00
1789376063395,286.699,1281,1091,1224,80.1,0.0,0.0,0.0,0.00
1789376063443,286.747,1281,1091,1224,80.1,0.0,0.0,0.0,0.00
1789376063489,286.793,1281,1091,1224,80.1,0.0,0.0,0.0,0.00
1789376063536,286.840,1281,1091,1224,80.1,0.0,0.0,0.0,0.00
1789376063578,286.882,1281,1091,1224,80.1,0.0,0.0,0.0,0.00
1789376063626,286.930,1281,1091,1224,80.1,0.0,0.0,0.0,0.00
1789376063670,286.974,1281,1091,1224,80.1,0.0,0.0,0.0,0.00
1789376063715,287.019,1281,1091,1224,80.1,0.0,0.0,0.0,0.00
1789376063778,287.082,1281,1091,1224,80.1,0.0,0.0,0.0,0.00
1789376063821,287.125,1281,1091,1224,80.1,0.0,0.0,0.0,0.00
1789376063861,287.165,1281,1091,1224,80.1,0.0,0.0,0.0,0.00
1789376063901,287.205,1281,1091,1224,80.1,0.0,0.0,0.0,0.00
1789376063944,287.248,1281,1091,1224,80.1,0.0,0.0,0.0,0.00
1789376063992,287.296,1281,1091,1224,80.1,0.0,0.0,0.0,0.00
1789376064038,287.342,1281,1091,1224,80.1,0.0,0.0,0.0,0.00
1789376064079,287.383,1281,1091,1224,80.1,0.0,0.0,0.0,0.00
1789376064121,287.425,1281,1091,1224,80.1,0.0,0.0,0.0,0.00
1789376064162,287.466,1281,1091,1224,80.1,0.0,0.0,0.0,0.00
1789376064201,287.505,1281,1091,1224,80.1,0.0,0.0,0.0,0.00
1789376064242,287.546,1281,1091,1224,80.1,0.0,0.0,0.0,0.00
1789376064290,287.594,1281,1091,1224,80.1,0.0,0.0,0.0,0.00
1789376064340,287.644,1281,1091,1224,80.1,0.0,0.0,0.0,0.00
1789376064386,287.690,1281,1091,1224,80.1,0.0,0.0,0.0,0.00
1789376064437,287.741,1281,1091,1224,80.1,0.0,0.0,0.0,0.00
1789376064488,287.792,1281,1091,1224,80.1,0.0,0.0,0.0,0.00
1789376064540,287.844,1281,1091,1224,80.1,0.0,0.0,0.0,0.00
1789376064587,287.891,1281,1091,1224,80.1,0.0,0.0,0.0,0.00
1789376064635,287.939,1281,1091,1224,80.1,0.0,0.0,0.0,0.00
1789376064685,287.989,1281,1091,1224,80.1,0.0,0.0,0.0,0.00
1789376064738,288.042,1281,1091,1224,80.1,0.0,0.0,0.0,0.00
1789376064794,288.098,1281,1091,1224,80.1,0.0,0.0,0.0,0.00
1789376064848,288.152,1281,1091,1224,80.1,0.0,0.0,0.0,0.00
1789376064899,288.203,1281,1091,1224,80.1,0.0,0.0,0.0,0.00
1789376064954,288.258,1281,1091,1224,80.1,0.0,0.0,0.0,0.00
1789376065010,288.314,1281,1091,1224,80.1,0.0,0.0,0.0,0.00
1789376065065,288.369,1281,1091,1224,80.1,0.0,0.0,0.0,0.00
1789376065117,288.421,1281,1091,1224,80.1,0.0,0.0,0.0,0.00
1789376065172,288.476,1281,1091,1224,80.1,0.0,0.0,0.0,0.00
1789376065225,288.529,1281,1091,1224,80.1,0.0,0.0,0.0,0.00
1789376065275,288.579,1281,1091,1224,80.1,0.0,0.0,0.0,0.00
1789376065322,288.626,1281,1091,1224,80.1,0.0,0.0,0.0,0.00
1789376065373,288.677,1281,1091,1224,80.1,0.0,0.0,0.0,0.00
1789376065423,288.727,1281,1091,1224,80.1,0.0,0.0,0.0,0.00
1789376065468,288.772,1281,1091,1224,80.1,0.0,0.0,0.0,0.00
1789376065518,288.822,1281,1091,1224,80.1,0.0,0.0,0.0,0.00
1789376065572,288.876,1281,1091,1224,80.1,0.0,0.0,0.0,0.00
1789376065627,288.931,1281,1091,1224,80.1,0.0,0.0,0.0,0.00
1789376065682,288.986,1281,1091,1224,80.1,0.0,0.0,0.0,0.00
1789376065735,289.039,1281,1091,1224,80.1,0.0,0.0,0.0,0.00
1789376065788,289.092,1281,1091,1224,80.1,0.0,0.0,0.0,0.00
1789376065844,289.148,1281,1091,1224,80.1,0.0,0.0,0.0,0.00
1789376065891,289.195,1281,1091,1224,80.1,0.0,0.0,0.0,0.00
1789376065966,289.270,1281,1091,1224,80.1,0.0,0.0,0.0,0.00
1789376066013,289.317,1281,1091,1224,80.1,0.0,0.0,0.0,0.00
1789376066066,289.370,1281,1091,1224,80.1,0.0,0.0,0.0,0.00
1789376066118,289.422,1281,1091,1224,80.1,0.0,0.0,0.0,0.00
1789376066169,289.473,1281,1091,1224,80.1,0.0,0.0,0.0,0.00
1789376066224,289.528,1281,1091,1224,80.1,0.0,0.0,0.0,0.00
1789376066275,289.579,1281,1091,1224,80.1,0.0,0.0,0.0,0.00
1789376066335,289.639,1281,1091,1224,80.1,0.0,0.0,0.0,0.00
1789376066391,289.695,1281,1091,1224,80.1,0.0,0.0,0.0,0.00
1789376066445,289.749,1281,1091,1224,80.1,0.0,0.0,0.0,0.00
1789376066498,289.802,1281,1091,1224,80.1,0.0,0.0,0.0,0.00
1789376066553,289.857,1281,1091,1224,80.1,0.0,0.0,0.0,0.00
1789376066608,289.912,1281,1091,1224,80.1,0.0,0.0,0.0,0.00
1789376066664,289.968,1281,1091,1224,80.1,0.0,0.0,0.0,0.00
1789376066721,290.025,1281,1091,1224,80.1,0.0,0.0,0.0,0.00
1789376066779,290.083,1281,1091,1224,80.1,0.0,0.0,0.0,0.00
1789376066836,290.140,1281,1091,1224,80.1,0.0,0.0,0.0,0.00
1789376066896,290.200,1281,1091,1224,80.1,0.0,0.0,0.0,0.00
1789376066949,290.253,1281,1091,1224,80.1,0.0,0.0,0.0,0.00
1789376067003,290.307,1281,1091,1224,80.1,0.0,0.0,0.0,0.00
1789376067060,290.364,1281,1091,1224,80.1,0.0,0.0,0.0,0.00
1789376067112,290.416,1281,1091,1224,80.1,0.0,0.0,0.0,0.00
1789376067166,290.470,1281,1091,1224,80.1,0.0,0.0,0.0,0.00
1789376067223,290.527,1281,1091,1224,80.1,0.0,0.0,0.0,0.00
1789376067274,290.578,1281,1091,1224,80.1,0.0,0.0,0.0,0.00
1789376067330,290.634,1281,1091,1224,80.1,0.0,0.0,0.0,0.00
1789376067388,290.692,1281,1091,1224,80.1,0.0,0.0,0.0,0.00
1789376067434,290.738,1281,1091,1224,80.1,0.0,0.0,0.0,0.00
1789376067476,290.780,1281,1091,1224,80.1,0.0,0.0,0.0,0.00
1789376067521,290.825,1281,1091,1224,80.1,0.0,0.0,0.0,0.00
1789376067570,290.874,1281,1091,1224,80.1,0.0,0.0,0.0,0.00
1789376067611,290.915,1281,1091,1224,80.1,0.0,0.0,0.0,0.00
1789376067653,290.957,1281,1091,1224,80.1,0.0,0.0,0.0,0.00
1789376067695,290.999,1281,1091,1224,80.1,0.0,0.0,0.0,0.00
1789376067744,291.048,1281,1091,1224,80.1,0.0,0.0,0.0,0.00
1789376067785,291.089,1281,1091,1224,80.1,0.0,0.0,0.0,0.00
1789376067828,291.132,1281,1091,1224,80.1,0.0,0.0,0.0,0.00
1789376067869,291.173,1281,1091,1224,80.1,0.0,0.0,0.0,0.00
1789376067912,291.216,1281,1091,1224,80.1,0.0,0.0,0.0,0.00
1789376067954,291.258,1281,1091,1224,80.1,0.0,0.0,0.0,0.00
1789376068001,291.305,1281,1091,1224,80.1,0.0,0.0,0.0,0.00
1789376068052,291.356,1281,1091,1224,80.1,0.0,0.0,0.0,0.00
1789376068109,291.413,1281,1091,1224,80.1,0.0,0.0,0.0,0.00
1789376068157,291.461,1281,1091,1224,80.1,0.0,0.0,0.0,0.00
1789376068210,291.514,1281,1091,1224,80.1,0.0,0.0,0.0,0.00
1789376068266,291.570,1281,1091,1224,80.1,0.0,0.0,0.0,0.00
1789376068321,291.625,1281,1091,1224,80.1,0.0,0.0,0.0,0.00
1789376068369,291.673,1281,1091,1224,80.1,0.0,0.0,0.0,0.00
1789376068413,291.717,1281,1091,1224,80.1,0.0,0.0,0.0,0.00
1789376068456,291.760,1281,1091,1224,80.1,0.0,0.0,0.0,0.00
1789376068503,291.807,1281,1091,1224,80.1,0.0,0.0,0.0,0.00
1789376068547,291.851,1281,1091,1224,80.1,0.0,0.0,0.0,0.00
1789376068597,291.901,1281,1091,1224,80.1,0.0,0.0,0.0,0.00
1789376068651,291.955,1281,1091,1224,80.1,0.0,0.0,0.0,0.00
1789376068708,292.012,1281,1091,1224,80.1,0.0,0.0,0.0,0.00
1789376068763,292.067,1281,1091,1224,80.1,0.0,0.0,0.0,0.00
1789376068820,292.124,1281,1091,1224,80.1,0.0,0.0,0.0,0.00
1789376068875,292.179,1281,1091,1224,80.1,0.0,0.0,0.0,0.00
1789376068931,292.235,1281,1091,1224,80.1,0.0,0.0,0.0,0.00
1789376068987,292.291,1281,1091,1224,80.1,0.0,0.0,0.0,0.00
1789376069044,292.348,1281,1091,1224,80.1,0.0,0.0,0.0,0.00
1789376069100,292.404,1281,1091,1224,80.1,0.0,0.0,0.0,0.00
1789376069161,292.465,1281,1091,1224,80.1,0.0,0.0,0.0,0.00
1789376069217,292.521,1281,1091,1224,80.1,0.0,0.0,0.0,0.00
1789376069273,292.577,1281,1091,1224,80.1,0.0,0.0,0.0,0.00
1789376069328,292.632,1281,1091,1224,80.1,0.0,0.0,0.0,0.00
1789376069377,292.681,1281,1091,1224,80.1,0.0,0.0,0.0,0.00
1789376069426,292.730,1281,1091,1224,80.1,0.0,0.0,0.0,0.00
1789376069479,292.783,1281,1091,1224,80.1,0.0,0.0,0.0,0.00
1789376069536,292.840,1281,1091,1224,80.1,0.0,0.0,0.0,0.00
1789376069594,292.898,1281,1091,1224,80.1,0.0,0.0,0.0,0.00
1789376069653,292.957,1281,1091,1224,80.1,0.0,0.0,0.0,0.00
1789376069709,293.013,1281,1091,1224,80.1,0.0,0.0,0.0,0.00
1789376069767,293.071,1281,1091,1224,80.1,0.0,0.0,0.0,0.00
1789376069811,293.115,1281,1091,1224,80.1,0.0,0.0,0.0,0.00
1789376069860,293.164,1281,1091,1224,80.1,0.0,0.0,0.0,0.00
1789376069907,293.211,1281,1091,1224,80.1,0.0,0.0,0.0,0.00
1789376069956,293.260,1281,1091,1224,80.1,0.0,0.0,0.0,0.00
1789376070012,293.316,1281,1091,1224,80.1,0.0,0.0,0.0,0.00
1789376070070,293.374,1281,1091,1224,80.1,0.0,0.0,0.0,0.00
1789376070128,293.432,1281,1091,1224,80.1,0.0,0.0,0.0,0.00
1789376070179,293.483,1281,1091,1224,80.1,0.0,0.0,0.0,0.00
1789376070233,293.537,1281,1091,1224,80.1,0.0,0.0,0.0,0.00
1789376070283,293.587,1281,1091,1224,80.1,0.0,0.0,0.0,0.00
1789376070335,293.639,1281,1091,1224,80.1,0.0,0.0,0.0,0.00
1789376070393,293.697,1281,1091,1224,80.1,0.0,0.0,0.0,0.00
1789376070447,293.751,1281,1091,1224,80.1,0.0,0.0,0.0,0.00
1789376070502,293.806,1281,1091,1224,80.1,0.0,0.0,0.0,0.00
1789376070554,293.858,1281,1091,1224,80.1,0.0,0.0,0.0,0.00
1789376070609,293.913,1281,1091,1224,80.1,0.0,0.0,0.0,0.00
1789376070665,293.969,1281,1091,1224,80.1,0.0,0.0,0.0,0.00
1789376070722,294.026,1281,1091,1224,80.1,0.0,0.0,0.0,0.00
1789376070779,294.083,1281,1091,1224,80.1,0.0,0.0,0.0,0.00
1789376070834,294.138,1281,1091,1224,80.1,0.0,0.0,0.0,0.00
1789376070891,294.195,1281,1091,1224,80.1,0.0,0.0,0.0,0.00
1789376070948,294.252,1281,1091,1224,80.1,0.0,0.0,0.0,0.00
1789376071004,294.308,1281,1091,1224,80.1,0.0,0.0,0.0,0.00
1789376071060,294.364,1281,1091,1224,80.1,0.0,0.0,0.0,0.00
1789376071117,294.421,1281,1091,1224,80.1,0.0,0.0,0.0,0.00
1789376071175,294.479,1281,1091,1224,80.1,0.0,0.0,0.0,0.00
1789376071232,294.536,1281,1091,1224,80.1,0.0,0.0,0.0,0.00
1789376071289,294.593,1281,1091,1224,80.1,0.0,0.0,0.0,0.00
1789376071345,294.649,1281,1091,1224,80.1,0.0,0.0,0.0,0.00
1789376071403,294.707,1281,1091,1224,80.1,0.0,0.0,0.0,0.00
1789376071458,294.762,1281,1091,1224,80.1,0.0,0.0,0.0,0.00
1789376071512,294.816,1281,1091,1224,80.1,0.0,0.0,0.0,0.00
1789376071568,294.872,1281,1091,1224,80.1,0.0,0.0,0.0,0.00
1789376071622,294.926,1281,1091,1224,80.1,0.0,0.0,0.0,0.00
1789376071679,294.983,1281,1091,1224,80.1,0.0,0.0,0.0,0.00
1789376071737,295.041,1281,1091,1224,80.1,0.0,0.0,0.0,0.00
1789376071789,295.093,1281,1091,1224,80.1,0.0,0.0,0.0,0.00
1789376071843,295.147,1281,1091,1224,80.1,0.0,0.0,0.0,0.00
1789376071900,295.204,1281,1091,1224,80.1,0.0,0.0,0.0,0.00
1789376071956,295.260,1281,1091,1224,80.1,0.0,0.0,0.0,0.00
1789376072014,295.318,1281,1091,1224,80.1,0.0,0.0,0.0,0.00
1789376072068,295.372,1281,1091,1224,80.1,0.0,0.0,0.0,0.00
1789376072123,295.427,1281,1091,1224,80.1,0.0,0.0,0.0,0.00
1789376072179,295.483,1281,1091,1224,80.1,0.0,0.0,0.0,0.00
1789376072235,295.539,1281,1091,1224,80.1,0.0,0.0,0.0,0.00
1789376072293,295.597,1281,1091,1224,80.1,0.0,0.0,0.0,0.00
1789376072350,295.654,1281,1091,1224,80.1,0.0,0.0,0.0,0.00
1789376072406,295.710,1281,1091,1224,80.1,0.0,0.0,0.0,0.00
1789376072465,295.769,1281,1091,1224,80.1,0.0,0.0,0.0,0.00
1789376072523,295.827,1281,1091,1224,80.1,0.0,0.0,0.0,0.00
1789376072580,295.884,1281,1091,1224,80.1,0.0,0.0,0.0,0.00
1789376072636,295.940,1281,1091,1224,80.1,0.0,0.0,0.0,0.00
1789376072690,295.994,1281,1091,1224,80.1,0.0,0.0,0.0,0.00
1789376072744,296.048,1281,1091,1224,80.1,0.0,0.0,0.0,0.00
1789376072791,296.095,1281,1091,1224,80.1,0.0,0.0,0.0,0.00
1789376072846,296.150,1281,1091,1224,80.1,0.0,0.0,0.0,0.00
1789376072901,296.205,1281,1091,1224,80.1,0.0,0.0,0.0,0.00
1789376072957,296.261,1281,1091,1224,80.1,0.0,0.0,0.0,0.00
1789376073015,296.319,1281,1091,1224,80.1,0.0,0.0,0.0,0.00
1789376073070,296.374,1281,1091,1224,80.1,0.0,0.0,0.0,0.00
1789376073128,296.432,1281,1091,1224,80.1,0.0,0.0,0.0,0.00
1789376073182,296.486,1281,1091,1224,80.1,0.0,0.0,0.0,0.00
1789376073237,296.541,1281,1091,1224,80.1,0.0,0.0,0.0,0.00
1789376073293,296.597,1281,1091,1224,80.1,0.0,0.0,0.0,0.00
1789376073351,296.655,1281,1091,1224,80.1,0.0,0.0,0.0,0.00
1789376073404,296.708,1281,1091,1224,80.1,0.0,0.0,0.0,0.00
1789376073458,296.762,1281,1091,1224,80.1,0.0,0.0,0.0,0.00
1789376073511,296.815,1281,1091,1224,80.1,0.0,0.0,0.0,0.00
1789376073565,296.869,1281,1091,1224,80.1,0.0,0.0,0.0,0.00
1789376073618,296.922,1281,1091,1224,80.1,0.0,0.0,0.0,0.00
1789376073671,296.975,1281,1091,1224,80.1,0.0,0.0,0.0,0.00
1789376073726,297.030,1281,1091,1224,80.1,0.0,0.0,0.0,0.00
1789376073780,297.084,1281,1091,1224,80.1,0.0,0.0,0.0,0.00
1789376073830,297.134,1281,1091,1224,80.1,0.0,0.0,0.0,0.00
1789376073871,297.175,1281,1091,1224,80.1,0.0,0.0,0.0,0.00
1789376073913,297.217,1281,1091,1224,80.1,0.0,0.0,0.0,0.00
1789376073956,297.260,1281,1091,1224,80.1,0.0,0.0,0.0,0.00
1789376073999,297.303,1281,1091,1224,80.1,0.0,0.0,0.0,0.00
1789376074048,297.352,1281,1091,1224,80.1,0.0,0.0,0.0,0.00
1789376074099,297.403,1281,1091,1224,80.1,0.0,0.0,0.0,0.00
1789376074154,297.458,1281,1091,1224,80.1,0.0,0.0,0.0,0.00
1789376074208,297.512,1281,1091,1224,80.1,0.0,0.0,0.0,0.00
1789376074265,297.569,1281,1091,1224,80.1,0.0,0.0,0.0,0.00
1789376074324,297.628,1281,1091,1224,80.1,0.0,0.0,0.0,0.00
1789376074379,297.683,1281,1091,1224,80.1,0.0,0.0,0.0,0.00
1789376074424,297.728,1281,1091,1224,80.1,0.0,0.0,0.0,0.00
1789376074474,297.778,1281,1091,1224,80.1,0.0,0.0,0.0,0.00
1789376074531,297.835,1281,1091,1224,80.1,0.0,0.0,0.0,0.00
1789376074589,297.893,1281,1091,1224,80.1,0.0,0.0,0.0,0.00
1789376074645,297.949,1281,1091,1224,80.1,0.0,0.0,0.0,0.00
1789376074702,298.006,1281,1091,1224,80.1,0.0,0.0,0.0,0.00
1789376074757,298.061,1281,1091,1224,80.1,0.0,0.0,0.0,0.00
1789376074803,298.107,1281,1091,1224,80.1,0.0,0.0,0.0,0.00
1789376074845,298.149,1281,1091,1224,80.1,0.0,0.0,0.0,0.00
1789376074890,298.194,1281,1091,1224,80.1,0.0,0.0,0.0,0.00
1789376074940,298.244,1281,1091,1224,80.1,0.0,0.0,0.0,0.00
1789376074995,298.299,1281,1091,1224,80.1,0.0,0.0,0.0,0.00
1789376075052,298.356,1281,1091,1224,80.1,0.0,0.0,0.0,0.00
1789376075109,298.413,1281,1091,1224,80.1,0.0,0.0,0.0,0.00
1789376075166,298.470,1281,1091,1224,80.1,0.0,0.0,0.0,0.00
1789376075223,298.527,1281,1091,1224,80.1,0.0,0.0,0.0,0.00
1789376075282,298.586,1281,1091,1224,80.1,0.0,0.0,0.0,0.00
1789376075339,298.643,1281,1091,1224,80.1,0.0,0.0,0.0,0.00
1789376075397,298.701,1281,1091,1224,80.1,0.0,0.0,0.0,0.00
1789376075456,298.760,1281,1091,1224,80.1,0.0,0.0,0.0,0.00
1789376075511,298.815,1281,1091,1224,80.1,0.0,0.0,0.0,0.00
1789376075566,298.870,1281,1091,1224,80.1,0.0,0.0,0.0,0.00
1789376075618,298.922,1281,1091,1224,80.1,0.0,0.0,0.0,0.00
1789376075675,298.979,1281,1091,1224,80.1,0.0,0.0,0.0,0.00
1789376075732,299.036,1281,1091,1224,80.1,0.0,0.0,0.0,0.00
1789376075786,299.090,1281,1091,1224,80.1,0.0,0.0,0.0,0.00
1789376075836,299.140,1281,1091,1224,80.1,0.0,0.0,0.0,0.00
1789376075889,299.193,1281,1091,1224,80.1,0.0,0.0,0.0,0.00
1789376075947,299.251,1281,1091,1224,80.1,0.0,0.0,0.0,0.00
1789376076003,299.307,1281,1091,1224,80.1,0.0,0.0,0.0,0.00
1789376076059,299.363,1281,1091,1224,80.1,0.0,0.0,0.0,0.00
1789376076116,299.420,1281,1091,1224,80.1,0.0,0.0,0.0,0.00
1789376076172,299.476,1281,1091,1224,80.1,0.0,0.0,0.0,0.00
1789376076227,299.531,1281,1091,1224,80.1,0.0,0.0,0.0,0.00
1789376076284,299.588,1281,1091,1224,80.1,0.0,0.0,0.0,0.00
1789376076339,299.643,1281,1091,1224,80.1,0.0,0.0,0.0,0.00
1789376076396,299.700,1281,1091,1224,80.1,0.0,0.0,0.0,0.00
1789376076453,299.757,1281,1091,1224,80.1,0.0,0.0,0.0,0.00
1789376076508,299.812,1281,1091,1224,80.1,0.0,0.0,0.0,0.00
1789376076565,299.869,1281,1091,1224,80.1,0.0,0.0,0.0,0.00
1789376076626,299.930,1281,1091,1224,80.1,0.0,0.0,0.0,0.00
1789376076685,299.989,1281,1091,1224,80.1,0.0,0.0,0.0,0.00
1789376076742,300.046,1281,1091,1224,80.1,0.0,0.0,0.0,0.00
1789376076797,300.101,1281,1091,1224,80.1,0.0,0.0,0.0,0.00
1789376076852,300.156,1281,1091,1224,80.1,0.0,0.0,0.0,0.00
1789376076911,300.215,1281,1091,1224,80.1,0.0,0.0,0.0,0.00
1789376076968,300.272,1281,1091,1224,80.1,0.0,0.0,0.0,0.00
1789376077024,300.328,1281,1091,1224,80.1,0.0,0.0,0.0,0.00
1789376077071,300.375,1281,1091,1224,80.1,0.0,0.0,0.0,0.00
1789376077123,300.427,1281,1091,1224,80.1,0.0,0.0,0.0,0.00
1789376077180,300.484,1281,1091,1224,80.1,0.0,0.0,0.0,0.00
1789376077236,300.540,1281,1091,1224,80.1,0.0,0.0,0.0,0.00
1789376077293,300.597,1281,1091,1224,80.1,0.0,0.0,0.0,0.00
1789376077349,300.653,1281,1091,1224,80.1,0.0,0.0,0.0,0.00
1789376077405,300.709,1281,1091,1224,80.1,0.0,0.0,0.0,0.00
1789376077457,300.761,1281,1091,1224,80.1,0.0,0.0,0.0,0.00
1789376077514,300.818,1281,1091,1224,80.1,0.0,0.0,0.0,0.00
1789376077571,300.875,1281,1091,1224,80.1,0.0,0.0,0.0,0.00
1789376077621,300.925,1281,1091,1224,80.1,0.0,0.0,0.0,0.00
1789376077662,300.966,1281,1091,1224,80.1,0.0,0.0,0.0,0.00
1789376077714,301.018,1281,1091,1224,80.1,0.0,0.0,0.0,0.00
1789376077759,301.063,1281,1091,1224,80.1,0.0,0.0,0.0,0.00
1789376077809,301.113,1281,1091,1224,80.1,0.0,0.0,0.0,0.00
1789376077857,301.161,1281,1091,1224,80.1,0.0,0.0,0.0,0.00
1789376077930,301.234,1281,1091,1224,80.1,0.0,0.0,0.0,0.00
1789376077973,301.277,1281,1091,1224,80.1,0.0,0.0,0.0,0.00
1789376078023,301.327,1281,1091,1224,80.1,0.0,0.0,0.0,0.00
1789376078067,301.371,1281,1091,1224,80.1,0.0,0.0,0.0,0.00
1789376078109,301.413,1281,1091,1224,80.1,0.0,0.0,0.0,0.00
1789376078149,301.453,1281,1091,1224,80.1,0.0,0.0,0.0,0.00
1789376078192,301.496,1281,1091,1224,80.1,0.0,0.0,0.0,0.00
1789376078234,301.538,1281,1091,1224,80.1,0.0,0.0,0.0,0.00
1789376078273,301.577,1281,1091,1224,80.1,0.0,0.0,0.0,0.00
1789376078315,301.619,1281,1091,1224,80.1,0.0,0.0,0.0,0.00
1789376078355,301.659,1281,1091,1224,80.1,0.0,0.0,0.0,0.00
1789376078396,301.700,1281,1091,1224,80.1,0.0,0.0,0.0,0.00
1789376078437,301.741,1281,1091,1224,80.1,0.0,0.0,0.0,0.00
1789376078478,301.782,1281,1091,1224,80.1,0.0,0.0,0.0,0.00
1789376078521,301.825,1281,1091,1224,80.1,0.0,0.0,0.0,0.00
1789376078562,301.866,1281,1091,1224,80.1,0.0,0.0,0.0,0.00
1789376078606,301.910,1281,1091,1224,80.1,0.0,0.0,0.0,0.00
1789376078646,301.950,1281,1091,1224,80.1,0.0,0.0,0.0,0.00
1789376078686,301.990,1281,1091,1224,80.1,0.0,0.0,0.0,0.00
1789376078726,302.030,1281,1091,1224,80.1,0.0,0.0,0.0,0.00
1789376078768,302.072,1281,1091,1224,80.1,0.0,0.0,0.0,0.00
1789376078809,302.113,1281,1091,1224,80.1,0.0,0.0,0.0,0.00
1789376078853,302.157,1281,1091,1224,80.1,0.0,0.0,0.0,0.00
1789376078901,302.205,1281,1091,1224,80.1,0.0,0.0,0.0,0.00
1789376078957,302.261,1281,1091,1224,80.1,0.0,0.0,0.0,0.00
1789376079012,302.316,1281,1091,1224,80.1,0.0,0.0,0.0,0.00
1789376079060,302.364,1281,1091,1224,80.1,0.0,0.0,0.0,0.00
1789376079101,302.405,1281,1091,1224,80.1,0.0,0.0,0.0,0.00
1789376079154,302.458,1281,1091,1224,80.1,0.0,0.0,0.0,0.00
1789376079242,302.546,1281,1091,1224,80.1,0.0,0.0,0.0,0.00
1789376079297,302.601,1281,1091,1224,80.1,0.0,0.0,0.0,0.00
1789376079339,302.643,1281,1091,1224,80.1,0.0,0.0,0.0,0.00
1789376079381,302.685,1281,1091,1224,80.1,0.0,0.0,0.0,0.00
1789376079421,302.725,1281,1091,1224,80.1,0.0,0.0,0.0,0.00
1789376079463,302.767,1281,1091,1224,80.1,0.0,0.0,0.0,0.00
1789376079504,302.808,1281,1091,1224,80.1,0.0,0.0,0.0,0.00
1789376079550,302.854,1281,1091,1224,80.1,0.0,0.0,0.0,0.00
1789376079598,302.902,1281,1091,1224,80.1,0.0,0.0,0.0,0.00
1789376079651,302.955,1281,1091,1224,80.1,0.0,0.0,0.0,0.00
1789376079696,303.000,1281,1091,1224,80.1,0.0,0.0,0.0,0.00
1789376079741,303.045,1281,1091,1224,80.1,0.0,0.0,0.0,0.00
1789376079792,303.096,1281,1091,1224,80.1,0.0,0.0,0.0,0.00
1789376079840,303.144,1281,1091,1224,80.1,0.0,0.0,0.0,0.00
1789376079888,303.192,1281,1091,1224,80.1,0.0,0.0,0.0,0.00
1789376079934,303.238,1281,1091,1224,80.1,0.0,0.0,0.0,0.00
1789376079980,303.284,1281,1091,1224,80.1,0.0,0.0,0.0,0.00
1789376080023,303.327,1281,1091,1224,80.1,0.0,0.0,0.0,0.00
1789376080064,303.368,1281,1091,1224,80.1,0.0,0.0,0.0,0.00
1789376080105,303.409,1281,1091,1224,80.1,0.0,0.0,0.0,0.00
1789376080147,303.451,1281,1091,1224,80.1,0.0,0.0,0.0,0.00
1789376080190,303.494,1281,1091,1224,80.1,0.0,0.0,0.0,0.00
1789376080237,303.541,1281,1091,1224,80.1,0.0,0.0,0.0,0.00
1789376080287,303.591,1281,1091,1224,80.1,0.0,0.0,0.0,0.00
1789376080334,303.638,1281,1091,1224,80.1,0.0,0.0,0.0,0.00
1789376080381,303.685,1281,1091,1224,80.1,0.0,0.0,0.0,0.00
1789376080430,303.734,1281,1091,1224,80.1,0.0,0.0,0.0,0.00
1789376080478,303.782,1281,1091,1224,80.1,0.0,0.0,0.0,0.00
1789376080526,303.830,1281,1091,1224,80.1,0.0,0.0,0.0,0.00
1789376080569,303.873,1281,1091,1224,80.1,0.0,0.0,0.0,0.00
1789376080614,303.918,1281,1091,1224,80.1,0.0,0.0,0.0,0.00
1789376080656,303.960,1281,1091,1224,80.1,0.0,0.0,0.0,0.00
1789376080699,304.003,1281,1091,1224,80.1,0.0,0.0,0.0,0.00
1789376080746,304.050,1281,1091,1224,80.1,0.0,0.0,0.0,0.00
1789376080794,304.098,1281,1091,1224,80.1,0.0,0.0,0.0,0.00
1789376080847,304.151,1281,1091,1224,80.1,0.0,0.0,0.0,0.00
1789376080898,304.202,1281,1091,1224,80.1,0.0,0.0,0.0,0.00
1789376080948,304.252,1281,1091,1224,80.1,0.0,0.0,0.0,0.00
1789376080996,304.300,1281,1091,1224,80.1,0.0,0.0,0.0,0.00
1789376081050,304.354,1281,1091,1224,80.1,0.0,0.0,0.0,0.00
1789376081100,304.404,1281,1091,1224,80.1,0.0,0.0,0.0,0.00
1789376081151,304.455,1281,1091,1224,80.1,0.0,0.0,0.0,0.00
1789376081204,304.508,1281,1091,1224,80.1,0.0,0.0,0.0,0.00
1789376081257,304.561,1281,1091,1224,80.1,0.0,0.0,0.0,0.00
1789376081307,304.611,1281,1091,1224,80.1,0.0,0.0,0.0,0.00
1789376081358,304.662,1281,1091,1224,80.1,0.0,0.0,0.0,0.00
1789376081406,304.710,1281,1091,1224,80.1,0.0,0.0,0.0,0.00
1789376081461,304.765,1281,1091,1224,80.1,0.0,0.0,0.0,0.00
1789376081514,304.818,1281,1091,1224,80.1,0.0,0.0,0.0,0.00
1789376081564,304.868,1281,1091,1224,80.1,0.0,0.0,0.0,0.00
1789376081618,304.922,1281,1091,1224,80.1,0.0,0.0,0.0,0.00
1789376081669,304.973,1281,1091,1224,80.1,0.0,0.0,0.0,0.00
1789376081715,305.019,1281,1091,1224,80.1,0.0,0.0,0.0,0.00
1789376081757,305.061,1281,1091,1224,80.1,0.0,0.0,0.0,0.00
1789376081804,305.108,1281,1091,1224,80.1,0.0,0.0,0.0,0.00
1789376081855,305.159,1281,1091,1224,80.1,0.0,0.0,0.0,0.00
1789376081907,305.211,1281,1091,1224,80.1,0.0,0.0,0.0,0.00
1789376081957,305.261,1281,1091,1224,80.1,0.0,0.0,0.0,0.00
1789376082007,305.311,1281,1091,1224,80.1,0.0,0.0,0.0,0.00
1789376082050,305.354,1281,1091,1224,80.1,0.0,0.0,0.0,0.00
1789376082097,305.401,1281,1091,1224,80.1,0.0,0.0,0.0,0.00
1789376082149,305.453,1281,1091,1224,80.1,0.0,0.0,0.0,0.00
1789376082203,305.507,1281,1091,1224,80.1,0.0,0.0,0.0,0.00
1789376082255,305.559,1281,1091,1224,80.1,0.0,0.0,0.0,0.00
1789376082306,305.610,1281,1091,1224,80.1,0.0,0.0,0.0,0.00
1789376082363,305.667,1281,1091,1224,80.1,0.0,0.0,0.0,0.00
1789376082410,305.714,1281,1091,1224,80.1,0.0,0.0,0.0,0.00
1789376082453,305.757,1281,1091,1224,80.1,0.0,0.0,0.0,0.00
1789376082496,305.800,1281,1091,1224,80.1,0.0,0.0,0.0,0.00
1789376082542,305.846,1281,1091,1224,80.1,0.0,0.0,0.0,0.00
1789376082585,305.889,1281,1091,1224,80.1,0.0,0.0,0.0,0.00
1789376082632,305.936,1281,1091,1224,80.1,0.0,0.0,0.0,0.00
1789376082676,305.980,1281,1091,1224,80.1,0.0,0.0,0.0,0.00
1789376082718,306.022,1281,1091,1224,80.1,0.0,0.0,0.0,0.00
1789376082759,306.063,1281,1091,1224,80.1,0.0,0.0,0.0,0.00
1789376082804,306.108,1281,1091,1224,80.1,0.0,0.0,0.0,0.00
1789376082845,306.149,1281,1091,1224,80.1,0.0,0.0,0.0,0.00
1789376082887,306.191,1281,1091,1224,80.1,0.0,0.0,0.0,0.00
1789376082928,306.232,1281,1091,1224,80.1,0.0,0.0,0.0,0.00
1789376082967,306.271,1281,1091,1224,80.1,0.0,0.0,0.0,0.00
1789376083011,306.315,1281,1091,1224,80.1,0.0,0.0,0.0,0.00
1789376083051,306.355,1281,1091,1224,80.1,0.0,0.0,0.0,0.00
1789376083095,306.399,1281,1091,1224,80.1,0.0,0.0,0.0,0.00
1789376083136,306.440,1281,1091,1224,80.1,0.0,0.0,0.0,0.00
1789376083177,306.481,1281,1091,1224,80.1,0.0,0.0,0.0,0.00
1789376083216,306.520,1281,1091,1224,80.1,0.0,0.0,0.0,0.00
1789376083257,306.561,1281,1091,1224,80.1,0.0,0.0,0.0,0.00
1789376083302,306.606,1281,1091,1224,80.1,0.0,0.0,0.0,0.00
1789376083346,306.650,1281,1091,1224,80.1,0.0,0.0,0.0,0.00
1789376083389,306.693,1281,1091,1224,80.1,0.0,0.0,0.0,0.00
1789376083437,306.741,1281,1091,1224,80.1,0.0,0.0,0.0,0.00
1789376083483,306.787,1281,1091,1224,80.1,0.0,0.0,0.0,0.00
1789376083530,306.834,1281,1091,1224,80.1,0.0,0.0,0.0,0.00
1789376083573,306.877,1281,1091,1224,80.1,0.0,0.0,0.0,0.00
1789376083620,306.924,1281,1091,1224,80.1,0.0,0.0,0.0,0.00
1789376083666,306.970,1281,1091,1224,80.1,0.0,0.0,0.0,0.00
1789376083718,307.022,1281,1091,1224,80.1,0.0,0.0,0.0,0.00
1789376083771,307.075,1281,1091,1224,80.1,0.0,0.0,0.0,0.00
1789376083823,307.127,1281,1091,1224,80.1,0.0,0.0,0.0,0.00
1789376083875,307.179,1281,1091,1224,80.1,0.0,0.0,0.0,0.00
1789376083927,307.231,1281,1091,1224,80.1,0.0,0.0,0.0,0.00
1789376083980,307.284,1281,1091,1224,80.1,0.0,0.0,0.0,0.00
1789376084033,307.337,1281,1091,1224,80.1,0.0,0.0,0.0,0.00
1789376084085,307.389,1281,1091,1224,80.1,0.0,0.0,0.0,0.00
1789376084140,307.444,1281,1091,1224,80.1,0.0,0.0,0.0,0.00
1789376084194,307.498,1281,1091,1224,80.1,0.0,0.0,0.0,0.00
1789376084244,307.548,1281,1091,1224,80.1,0.0,0.0,0.0,0.00
1789376084298,307.602,1281,1091,1224,80.1,0.0,0.0,0.0,0.00
1789376084350,307.654,1281,1091,1224,80.1,0.0,0.0,0.0,0.00
1789376084401,307.705,1281,1091,1224,80.1,0.0,0.0,0.0,0.00
1789376084452,307.756,1281,1091,1224,80.1,0.0,0.0,0.0,0.00
1789376084509,307.813,1281,1091,1224,80.1,0.0,0.0,0.0,0.00
1789376084562,307.866,1281,1091,1224,80.1,0.0,0.0,0.0,0.00
1789376084617,307.921,1281,1091,1224,80.1,0.0,0.0,0.0,0.00
1789376084671,307.975,1281,1091,1224,80.1,0.0,0.0,0.0,0.00
1789376084729,308.033,1281,1091,1224,80.1,0.0,0.0,0.0,0.00
1789376084783,308.087,1281,1091,1224,80.1,0.0,0.0,0.0,0.00
1789376084841,308.145,1281,1091,1224,80.1,0.0,0.0,0.0,0.00
1789376084894,308.198,1281,1091,1224,80.1,0.0,0.0,0.0,0.00
1789376084944,308.248,1281,1091,1224,80.1,0.0,0.0,0.0,0.00
1789376084998,308.302,1281,1091,1224,80.1,0.0,0.0,0.0,0.00
1789376085053,308.357,1281,1091,1224,80.1,0.0,0.0,0.0,0.00
1789376085104,308.408,1281,1091,1224,80.1,0.0,0.0,0.0,0.00
1789376085160,308.464,1281,1091,1224,80.1,0.0,0.0,0.0,0.00
1789376085211,308.515,1281,1091,1224,80.1,0.0,0.0,0.0,0.00
1789376085265,308.569,1281,1091,1224,80.1,0.0,0.0,0.0,0.00
1789376085320,308.624,1281,1091,1224,80.1,0.0,0.0,0.0,0.00
1789376085376,308.680,1281,1091,1224,80.1,0.0,0.0,0.0,0.00
1789376085427,308.731,1281,1091,1224,80.1,0.0,0.0,0.0,0.00
1789376085479,308.783,1281,1091,1224,80.1,0.0,0.0,0.0,0.00
1789376085536,308.840,1281,1091,1224,80.1,0.0,0.0,0.0,0.00
1789376085591,308.895,1281,1091,1224,80.1,0.0,0.0,0.0,0.00
1789376085652,308.956,1281,1091,1224,80.1,0.0,0.0,0.0,0.00
1789376085706,309.010,1281,1091,1224,80.1,0.0,0.0,0.0,0.00
1789376085764,309.068,1281,1091,1224,80.1,0.0,0.0,0.0,0.00
1789376085820,309.124,1281,1091,1224,80.1,0.0,0.0,0.0,0.00
1789376085872,309.176,1281,1091,1224,80.1,0.0,0.0,0.0,0.00
1789376085925,309.229,1281,1091,1224,80.1,0.0,0.0,0.0,0.00
1789376085981,309.285,1281,1091,1224,80.1,0.0,0.0,0.0,0.00
1789376086035,309.339,1281,1091,1224,80.1,0.0,0.0,0.0,0.00
1789376086090,309.394,1281,1091,1224,80.1,0.0,0.0,0.0,0.00
1789376086145,309.449,1281,1091,1224,80.1,0.0,0.0,0.0,0.00
1789376086198,309.502,1281,1091,1224,80.1,0.0,0.0,0.0,0.00
1789376086245,309.549,1281,1091,1224,80.1,0.0,0.0,0.0,0.00
1789376086291,309.595,1281,1091,1224,80.1,0.0,0.0,0.0,0.00
1789376086336,309.640,1281,1091,1224,80.1,0.0,0.0,0.0,0.00
1789376086387,309.691,1281,1091,1224,80.1,0.0,0.0,0.0,0.00
1789376086438,309.742,1281,1091,1224,80.1,0.0,0.0,0.0,0.00
1789376086494,309.798,1281,1091,1224,80.1,0.0,0.0,0.0,0.00
1789376086548,309.852,1281,1091,1224,80.1,0.0,0.0,0.0,0.00
1789376086602,309.906,1281,1091,1224,80.1,0.0,0.0,0.0,0.00
1789376086655,309.959,1281,1091,1224,80.1,0.0,0.0,0.0,0.00
1789376086709,310.013,1281,1091,1224,80.1,0.0,0.0,0.0,0.00
1789376086768,310.072,1281,1091,1224,80.1,0.0,0.0,0.0,0.00
1789376086824,310.128,1281,1091,1224,80.1,0.0,0.0,0.0,0.00
1789376086881,310.185,1281,1091,1224,80.1,0.0,0.0,0.0,0.00
1789376086933,310.237,1281,1091,1224,80.1,0.0,0.0,0.0,0.00
1789376086989,310.293,1281,1091,1224,80.1,0.0,0.0,0.0,0.00
1789376087043,310.347,1281,1091,1224,80.1,0.0,0.0,0.0,0.00
1789376087098,310.402,1281,1091,1224,80.1,0.0,0.0,0.0,0.00
1789376087153,310.457,1281,1091,1224,80.1,0.0,0.0,0.0,0.00
1789376087206,310.510,1281,1091,1224,80.1,0.0,0.0,0.0,0.00
1789376087253,310.557,1281,1091,1224,80.1,0.0,0.0,0.0,0.00
1789376087294,310.598,1281,1091,1224,80.1,0.0,0.0,0.0,0.00
1789376087334,310.638,1281,1091,1224,80.1,0.0,0.0,0.0,0.00
1789376087376,310.680,1281,1091,1224,80.1,0.0,0.0,0.0,0.00
1789376087419,310.723,1281,1091,1224,80.1,0.0,0.0,0.0,0.00
1789376087460,310.764,1281,1091,1224,80.1,0.0,0.0,0.0,0.00
1789376087501,310.805,1281,1091,1224,80.1,0.0,0.0,0.0,0.00
1789376087541,310.845,1281,1091,1224,80.1,0.0,0.0,0.0,0.00
1789376087581,310.885,1281,1091,1224,80.1,0.0,0.0,0.0,0.00
1789376087621,310.925,1281,1091,1224,80.1,0.0,0.0,0.0,0.00
1789376087662,310.966,1281,1091,1224,80.1,0.0,0.0,0.0,0.00
1789376087702,311.006,1281,1091,1224,80.1,0.0,0.0,0.0,0.00
1789376087744,311.048,1281,1091,1224,80.1,0.0,0.0,0.0,0.00
1789376087784,311.088,1281,1091,1224,80.1,0.0,0.0,0.0,0.00
1789376087824,311.128,1281,1091,1224,80.1,0.0,0.0,0.0,0.00
1789376087865,311.169,1281,1091,1224,80.1,0.0,0.0,0.0,0.00
1789376087905,311.209,1281,1091,1224,80.1,0.0,0.0,0.0,0.00
1789376087945,311.249,1281,1091,1224,80.1,0.0,0.0,0.0,0.00
1789376087987,311.291,1281,1091,1224,80.1,0.0,0.0,0.0,0.00
1789376088029,311.333,1281,1091,1224,80.1,0.0,0.0,0.0,0.00
1789376088069,311.373,1281,1091,1224,80.1,0.0,0.0,0.0,0.00
1789376088110,311.414,1281,1091,1224,80.1,0.0,0.0,0.0,0.00
1789376088151,311.455,1281,1091,1224,80.1,0.0,0.0,0.0,0.00
1789376088202,311.506,1281,1091,1224,80.1,0.0,0.0,0.0,0.00
1789376088257,311.561,1281,1091,1224,80.1,0.0,0.0,0.0,0.00
1789376088306,311.610,1281,1091,1224,80.1,0.0,0.0,0.0,0.00
1789376088353,311.657,1281,1091,1224,80.1,0.0,0.0,0.0,0.00
1789376088398,311.702,1281,1091,1224,80.1,0.0,0.0,0.0,0.00
1789376088449,311.753,1281,1091,1224,80.1,0.0,0.0,0.0,0.00
1789376088498,311.802,1281,1091,1224,80.1,0.0,0.0,0.0,0.00
1789376088553,311.857,1281,1091,1224,80.1,0.0,0.0,0.0,0.00
1789376088603,311.907,1281,1091,1224,80.1,0.0,0.0,0.0,0.00
1789376088658,311.962,1281,1091,1224,80.1,0.0,0.0,0.0,0.00
1789376088730,312.034,1281,1091,1224,80.1,0.0,0.0,0.0,0.00
1789376088776,312.080,1281,1091,1224,80.1,0.0,0.0,0.0,0.00
1789376088824,312.128,1281,1091,1224,80.1,0.0,0.0,0.0,0.00
1789376088872,312.176,1281,1091,1224,80.1,0.0,0.0,0.0,0.00
1789376088922,312.226,1281,1091,1224,80.1,0.0,0.0,0.0,0.00
1789376088973,312.277,1281,1091,1224,80.1,0.0,0.0,0.0,0.00
1789376089016,312.320,1281,1091,1224,80.1,0.0,0.0,0.0,0.00
1789376089056,312.360,1281,1091,1224,80.1,0.0,0.0,0.0,0.00
1789376089097,312.401,1281,1091,1224,80.1,0.0,0.0,0.0,0.00
1789376089142,312.446,1281,1091,1224,80.1,0.0,0.0,0.0,0.00
1789376089189,312.493,1281,1091,1224,80.1,0.0,0.0,0.0,0.00
1789376089242,312.546,1281,1091,1224,80.1,0.0,0.0,0.0,0.00
1789376089297,312.601,1281,1091,1224,80.1,0.0,0.0,0.0,0.00
1789376089354,312.658,1281,1091,1224,80.1,0.0,0.0,0.0,0.00
1789376089408,312.712,1281,1091,1224,80.1,0.0,0.0,0.0,0.00
1789376089460,312.764,1281,1091,1224,80.1,0.0,0.0,0.0,0.00
1789376089513,312.817,1281,1091,1224,80.1,0.0,0.0,0.0,0.00
1789376089567,312.871,1281,1091,1224,80.1,0.0,0.0,0.0,0.00
1789376089616,312.920,1281,1091,1224,80.1,0.0,0.0,0.0,0.00
1789376089671,312.975,1281,1091,1224,80.1,0.0,0.0,0.0,0.00
1789376089727,313.031,1281,1091,1224,80.1,0.0,0.0,0.0,0.00
1789376089784,313.088,1281,1091,1224,80.1,0.0,0.0,0.0,0.00
1789376089837,313.141,1281,1091,1224,80.1,0.0,0.0,0.0,0.00
1789376089889,313.193,1281,1091,1224,80.1,0.0,0.0,0.0,0.00
1789376089939,313.243,1281,1091,1224,80.1,0.0,0.0,0.0,0.00
1789376089994,313.298,1281,1091,1224,80.1,0.0,0.0,0.0,0.00
1789376090046,313.350,1281,1091,1224,80.1,0.0,0.0,0.0,0.00
1789376090112,313.416,1281,1091,1224,80.1,0.0,0.0,0.0,0.00
1789376090159,313.463,1281,1091,1224,80.1,0.0,0.0,0.0,0.00
1789376090202,313.506,1281,1091,1224,80.1,0.0,0.0,0.0,0.00
1789376090247,313.551,1281,1091,1224,80.1,0.0,0.0,0.0,0.00
1789376090294,313.598,1281,1091,1224,80.1,0.0,0.0,0.0,0.00
1789376090351,313.655,1281,1091,1224,80.1,0.0,0.0,0.0,0.00
1789376090406,313.710,1281,1091,1224,80.1,0.0,0.0,0.0,0.00
1789376090456,313.760,1281,1091,1224,80.1,0.0,0.0,0.0,0.00
1789376090507,313.811,1281,1091,1224,80.1,0.0,0.0,0.0,0.00
1789376090562,313.866,1281,1091,1224,80.1,0.0,0.0,0.0,0.00
1789376090616,313.920,1281,1091,1224,80.1,0.0,0.0,0.0,0.00
1789376090671,313.975,1281,1091,1224,80.1,0.0,0.0,0.0,0.00
1789376090724,314.028,1281,1091,1224,80.1,0.0,0.0,0.0,0.00
1789376090781,314.085,1281,1091,1224,80.1,0.0,0.0,0.0,0.00
1789376090836,314.140,1281,1091,1224,80.1,0.0,0.0,0.0,0.00
1789376090896,314.200,1281,1091,1224,80.1,0.0,0.0,0.0,0.00
1789376090953,314.257,1281,1091,1224,80.1,0.0,0.0,0.0,0.00
1789376091008,314.312,1281,1091,1224,80.1,0.0,0.0,0.0,0.00
1789376091064,314.368,1281,1091,1224,80.1,0.0,0.0,0.0,0.00
1789376091120,314.424,1281,1091,1224,80.1,0.0,0.0,0.0,0.00
1789376091175,314.479,1281,1091,1224,80.1,0.0,0.0,0.0,0.00
1789376091233,314.537,1281,1091,1224,80.1,0.0,0.0,0.0,0.00
1789376091290,314.594,1281,1091,1224,80.1,0.0,0.0,0.0,0.00
1789376091348,314.652,1281,1091,1224,80.1,0.0,0.0,0.0,0.00
1789376091403,314.707,1281,1091,1224,80.1,0.0,0.0,0.0,0.00
1789376091455,314.759,1281,1091,1224,80.1,0.0,0.0,0.0,0.00
1789376091506,314.810,1281,1091,1224,80.1,0.0,0.0,0.0,0.00
1789376091559,314.863,1281,1091,1224,80.1,0.0,0.0,0.0,0.00
1789376091607,314.911,1281,1091,1224,80.1,0.0,0.0,0.0,0.00
1789376091661,314.965,1281,1091,1224,80.1,0.0,0.0,0.0,0.00
1789376091715,315.019,1281,1091,1224,80.1,0.0,0.0,0.0,0.00
1789376091762,315.066,1281,1091,1224,80.1,0.0,0.0,0.0,0.00
1789376092006,315.310,1281,1091,1224,80.1,0.0,0.0,0.0,0.00
1789376092052,315.356,1281,1091,1224,80.1,0.0,0.0,0.0,0.00
1789376092110,315.414,1281,1091,1224,80.1,0.0,0.0,0.0,0.00
1789376092168,315.472,1281,1091,1224,80.1,0.0,0.0,0.0,0.00
1789376092225,315.529,1281,1091,1224,80.1,0.0,0.0,0.0,0.00
1789376092282,315.586,1281,1091,1224,80.1,0.0,0.0,0.0,0.00
1789376092336,315.640,1281,1091,1224,80.1,0.0,0.0,0.0,0.00
1789376092394,315.698,1281,1091,1224,80.1,0.0,0.0,0.0,0.00
1789376092448,315.752,1281,1091,1224,80.1,0.0,0.0,0.0,0.00
1789376092501,315.805,1281,1091,1224,80.1,0.0,0.0,0.0,0.00
1789376092552,315.856,1281,1091,1224,80.1,0.0,0.0,0.0,0.00
1789376092606,315.910,1281,1091,1224,80.1,0.0,0.0,0.0,0.00
1789376092663,315.967,1281,1091,1224,80.1,0.0,0.0,0.0,0.00
1789376092719,316.023,1281,1091,1224,80.1,0.0,0.0,0.0,0.00
1789376092777,316.081,1281,1091,1224,80.1,0.0,0.0,0.0,0.00
1789376092831,316.135,1281,1091,1224,80.1,0.0,0.0,0.0,0.00
1789376092888,316.192,1281,1091,1224,80.1,0.0,0.0,0.0,0.00
1789376092934,316.238,1281,1091,1224,80.1,0.0,0.0,0.0,0.00
1789376092991,316.295,1281,1091,1224,80.1,0.0,0.0,0.0,0.00
1789376093044,316.348,1281,1091,1224,80.1,0.0,0.0,0.0,0.00
1789376093099,316.403,1281,1091,1224,80.1,0.0,0.0,0.0,0.00
1789376093143,316.447,1281,1091,1224,80.1,0.0,0.0,0.0,0.00
1789376093191,316.495,1281,1091,1224,80.1,0.0,0.0,0.0,0.00
1789376093245,316.549,1281,1091,1224,80.1,0.0,0.0,0.0,0.00
1789376093299,316.603,1281,1091,1224,80.1,0.0,0.0,0.0,0.00
1789376093352,316.656,1281,1091,1224,80.1,0.0,0.0,0.0,0.00
1789376093407,316.711,1281,1091,1224,80.1,0.0,0.0,0.0,0.00
1789376093460,316.764,1281,1091,1224,80.1,0.0,0.0,0.0,0.00
1789376093514,316.818,1281,1091,1224,80.1,0.0,0.0,0.0,0.00
1789376093562,316.866,1281,1091,1224,80.1,0.0,0.0,0.0,0.00
1789376093606,316.910,1281,1091,1224,80.1,0.0,0.0,0.0,0.00
1789376093649,316.953,1281,1091,1224,80.1,0.0,0.0,0.0,0.00
1789376093694,316.998,1281,1091,1224,80.1,0.0,0.0,0.0,0.00
1789376093734,317.038,1281,1091,1224,80.1,0.0,0.0,0.0,0.00
1789376093774,317.078,1281,1091,1224,80.1,0.0,0.0,0.0,0.00
1789376093814,317.118,1281,1091,1224,80.1,0.0,0.0,0.0,0.00
1789376093861,317.165,1281,1091,1224,80.1,0.0,0.0,0.0,0.00
1789376093912,317.216,1281,1091,1224,80.1,0.0,0.0,0.0,0.00
1789376093968,317.272,1281,1091,1224,80.1,0.0,0.0,0.0,0.00
1789376094014,317.318,1281,1091,1224,80.1,0.0,0.0,0.0,0.00
1789376094063,317.367,1281,1091,1224,80.1,0.0,0.0,0.0,0.00
1789376094115,317.419,1281,1091,1224,80.1,0.0,0.0,0.0,0.00
1789376094171,317.475,1281,1091,1224,80.1,0.0,0.0,0.0,0.00
1789376094229,317.533,1281,1091,1224,80.1,0.0,0.0,0.0,0.00
1789376094285,317.589,1281,1091,1224,80.1,0.0,0.0,0.0,0.00
1789376094339,317.643,1281,1091,1224,80.1,0.0,0.0,0.0,0.00
1789376094392,317.696,1281,1091,1224,80.1,0.0,0.0,0.0,0.00
1789376094446,317.750,1281,1091,1224,80.1,0.0,0.0,0.0,0.00
1789376094496,317.800,1281,1091,1224,80.1,0.0,0.0,0.0,0.00
1789376094546,317.850,1281,1091,1224,80.1,0.0,0.0,0.0,0.00
1789376094600,317.904,1281,1091,1224,80.1,0.0,0.0,0.0,0.00
1789376094655,317.959,1281,1091,1224,80.1,0.0,0.0,0.0,0.00
1789376094712,318.016,1281,1091,1224,80.1,0.0,0.0,0.0,0.00
1789376094765,318.069,1281,1091,1224,80.1,0.0,0.0,0.0,0.00
1789376094811,318.115,1281,1091,1224,80.1,0.0,0.0,0.0,0.00
1789376094860,318.164,1281,1091,1224,80.1,0.0,0.0,0.0,0.00
1789376094912,318.216,1281,1091,1224,80.1,0.0,0.0,0.0,0.00
1789376094965,318.269,1281,1091,1224,80.1,0.0,0.0,0.0,0.00
1789376095006,318.310,1281,1091,1224,80.1,0.0,0.0,0.0,0.00
1789376095051,318.355,1281,1091,1224,80.1,0.0,0.0,0.0,0.00
1789376095102,318.406,1281,1091,1224,80.1,0.0,0.0,0.0,0.00
1789376095161,318.465,1281,1091,1224,80.1,0.0,0.0,0.0,0.00
1789376095216,318.520,1281,1091,1224,80.1,0.0,0.0,0.0,0.00
1789376095274,318.578,1281,1091,1224,80.1,0.0,0.0,0.0,0.00
1789376095330,318.634,1281,1091,1224,80.1,0.0,0.0,0.0,0.00
1789376095386,318.690,1281,1091,1224,80.1,0.0,0.0,0.0,0.00
1789376095445,318.749,1281,1091,1224,80.1,0.0,0.0,0.0,0.00
1789376095500,318.804,1281,1091,1224,80.1,0.0,0.0,0.0,0.00
1789376095556,318.860,1281,1091,1224,80.1,0.0,0.0,0.0,0.00
1789376095613,318.917,1281,1091,1224,80.1,0.0,0.0,0.0,0.00
1789376095669,318.973,1281,1091,1224,80.1,0.0,0.0,0.0,0.00
1789376095724,319.028,1281,1091,1224,80.1,0.0,0.0,0.0,0.00
1789376095778,319.082,1281,1091,1224,80.1,0.0,0.0,0.0,0.00
1789376095834,319.138,1281,1091,1224,80.1,0.0,0.0,0.0,0.00
1789376095887,319.191,1281,1091,1224,80.1,0.0,0.0,0.0,0.00
1789376095949,319.253,1281,1091,1224,80.1,0.0,0.0,0.0,0.00
1789376095993,319.297,1281,1091,1224,80.1,0.0,0.0,0.0,0.00
1789376096039,319.343,1281,1091,1224,80.1,0.0,0.0,0.0,0.00
1789376096085,319.389,1281,1091,1224,80.1,0.0,0.0,0.0,0.00
1789376096129,319.433,1281,1091,1224,80.1,0.0,0.0,0.0,0.00
1789376096172,319.476,1281,1091,1224,80.1,0.0,0.0,0.0,0.00
1789376096220,319.524,1281,1091,1224,80.1,0.0,0.0,0.0,0.00
1789376096268,319.572,1281,1091,1224,80.1,0.0,0.0,0.0,0.00
1789376096319,319.623,1281,1091,1224,80.1,0.0,0.0,0.0,0.00
1789376096366,319.670,1281,1091,1224,80.1,0.0,0.0,0.0,0.00
1789376096408,319.712,1281,1091,1224,80.1,0.0,0.0,0.0,0.00
1789376096447,319.751,1281,1091,1224,80.1,0.0,0.0,0.0,0.00
1789376096488,319.792,1281,1091,1224,80.1,0.0,0.0,0.0,0.00
1789376096528,319.832,1281,1091,1224,80.1,0.0,0.0,0.0,0.00
1789376096568,319.872,1281,1091,1224,80.1,0.0,0.0,0.0,0.00
1789376096609,319.913,1281,1091,1224,80.1,0.0,0.0,0.0,0.00
1789376096649,319.953,1281,1091,1224,80.1,0.0,0.0,0.0,0.00
1789376096690,319.994,1281,1091,1224,80.1,0.0,0.0,0.0,0.00
1789376096732,320.036,1281,1091,1224,80.1,0.0,0.0,0.0,0.00
1789376096775,320.079,1281,1091,1224,80.1,0.0,0.0,0.0,0.00
1789376096816,320.120,1281,1091,1224,80.1,0.0,0.0,0.0,0.00
1789376096859,320.163,1281,1091,1224,80.1,0.0,0.0,0.0,0.00
1789376096908,320.212,1281,1091,1224,80.1,0.0,0.0,0.0,0.00
1789376097004,320.308,1281,1091,1224,80.1,0.0,0.0,0.0,0.00
1789376097050,320.354,1281,1091,1224,80.1,0.0,0.0,0.0,0.00
1789376097087,320.391,1281,1091,1224,80.1,0.0,0.0,0.0,0.00
1789376097130,320.434,1281,1091,1224,80.1,0.0,0.0,0.0,0.00
1789376097169,320.473,1281,1091,1224,80.1,0.0,0.0,0.0,0.00
1789376097208,320.512,1281,1091,1224,80.1,0.0,0.0,0.0,0.00
1789376097245,320.549,1281,1091,1224,80.1,0.0,0.0,0.0,0.00
1789376097284,320.588,1281,1091,1224,80.1,0.0,0.0,0.0,0.00
1789376097322,320.626,1281,1091,1224,80.1,0.0,0.0,0.0,0.00
1789376097361,320.665,1281,1091,1224,80.1,0.0,0.0,0.0,0.00
1789376097399,320.703,1281,1091,1224,80.1,0.0,0.0,0.0,0.00
1789376097437,320.741,1281,1091,1224,80.1,0.0,0.0,0.0,0.00
1789376097476,320.780,1281,1091,1224,80.1,0.0,0.0,0.0,0.00
1789376097513,320.817,1281,1091,1224,80.1,0.0,0.0,0.0,0.00
1789376097550,320.854,1281,1091,1224,80.1,0.0,0.0,0.0,0.00
1789376097587,320.891,1281,1091,1224,80.1,0.0,0.0,0.0,0.00
1789376097624,320.928,1281,1091,1224,80.1,0.0,0.0,0.0,0.00
1789376097661,320.965,1281,1091,1224,80.1,0.0,0.0,0.0,0.00
1789376097698,321.002,1281,1091,1224,80.1,0.0,0.0,0.0,0.00
1789376097735,321.039,1281,1091,1224,80.1,0.0,0.0,0.0,0.00
1789376097774,321.078,1281,1091,1224,80.1,0.0,0.0,0.0,0.00
1789376097811,321.115,1281,1091,1224,80.1,0.0,0.0,0.0,0.00
1789376097848,321.152,1281,1091,1224,80.1,0.0,0.0,0.0,0.00
1789376097885,321.189,1281,1091,1224,80.1,0.0,0.0,0.0,0.00
1789376097923,321.227,1281,1091,1224,80.1,0.0,0.0,0.0,0.00
1789376097960,321.264,1281,1091,1224,80.1,0.0,0.0,0.0,0.00
1789376097998,321.302,1281,1091,1224,80.1,0.0,0.0,0.0,0.00
1789376098036,321.340,1281,1091,1224,80.1,0.0,0.0,0.0,0.00
1789376098074,321.378,1281,1091,1224,80.1,0.0,0.0,0.0,0.00
1789376098113,321.417,1281,1091,1224,80.1,0.0,0.0,0.0,0.00
1789376098151,321.455,1281,1091,1224,80.1,0.0,0.0,0.0,0.00
1789376098188,321.492,1281,1091,1224,80.1,0.0,0.0,0.0,0.00
1789376098225,321.529,1281,1091,1224,80.1,0.0,0.0,0.0,0.00
1789376098263,321.567,1281,1091,1224,80.1,0.0,0.0,0.0,0.00
1789376098300,321.604,1281,1091,1224,80.1,0.0,0.0,0.0,0.00
1789376098338,321.642,1281,1091,1224,80.1,0.0,0.0,0.0,0.00
1789376098379,321.683,1281,1091,1224,80.1,0.0,0.0,0.0,0.00
1789376098419,321.723,1281,1091,1224,80.1,0.0,0.0,0.0,0.00
1789376098460,321.764,1281,1091,1224,80.1,0.0,0.0,0.0,0.00
1789376098501,321.805,1281,1091,1224,80.1,0.0,0.0,0.0,0.00
1789376098543,321.847,1281,1091,1224,80.1,0.0,0.0,0.0,0.00
1789376098584,321.888,1281,1091,1224,80.1,0.0,0.0,0.0,0.00
1789376098627,321.931,1281,1091,1224,80.1,0.0,0.0,0.0,0.00
1789376098669,321.973,1281,1091,1224,80.1,0.0,0.0,0.0,0.00
1789376098711,322.015,1281,1091,1224,80.1,0.0,0.0,0.0,0.00
1789376098753,322.057,1281,1091,1224,80.1,0.0,0.0,0.0,0.00
1789376098799,322.103,1281,1091,1224,80.1,0.0,0.0,0.0,0.00
1789376098838,322.142,1281,1091,1224,80.1,0.0,0.0,0.0,0.00
1789376098877,322.181,1281,1091,1224,80.1,0.0,0.0,0.0,0.00
1789376098917,322.221,1281,1091,1224,80.1,0.0,0.0,0.0,0.00
1789376098961,322.265,1281,1091,1224,80.1,0.0,0.0,0.0,0.00
1789376099004,322.308,1281,1091,1224,80.1,0.0,0.0,0.0,0.00
1789376099043,322.347,1281,1091,1224,80.1,0.0,0.0,0.0,0.00
1789376099087,322.391,1281,1091,1224,80.1,0.0,0.0,0.0,0.00
1789376099129,322.433,1281,1091,1224,80.1,0.0,0.0,0.0,0.00
1789376099170,322.474,1281,1091,1224,80.1,0.0,0.0,0.0,0.00
1789376099210,322.514,1281,1091,1224,80.1,0.0,0.0,0.0,0.00
1789376099247,322.551,1281,1091,1224,80.1,0.0,0.0,0.0,0.00
1789376099285,322.589,1281,1091,1224,80.1,0.0,0.0,0.0,0.00
1789376099322,322.626,1281,1091,1224,80.1,0.0,0.0,0.0,0.00
1789376099365,322.669,1281,1091,1224,80.1,0.0,0.0,0.0,0.00
1789376099407,322.711,1281,1091,1224,80.1,0.0,0.0,0.0,0.00
1789376099448,322.752,1281,1091,1224,80.1,0.0,0.0,0.0,0.00
1789376099488,322.792,1281,1091,1224,80.1,0.0,0.0,0.0,0.00
1789376099528,322.832,1281,1091,1224,80.1,0.0,0.0,0.0,0.00
1789376099568,322.872,1281,1091,1224,80.1,0.0,0.0,0.0,0.00
1789376099606,322.910,1281,1091,1224,80.1,0.0,0.0,0.0,0.00
1789376099645,322.949,1281,1091,1224,80.1,0.0,0.0,0.0,0.00
1789376099686,322.990,1281,1091,1224,80.1,0.0,0.0,0.0,0.00
1789376099728,323.032,1281,1091,1224,80.1,0.0,0.0,0.0,0.00
1789376099772,323.076,1281,1091,1224,80.1,0.0,0.0,0.0,0.00
1789376099812,323.116,1281,1091,1224,80.1,0.0,0.0,0.0,0.00
1789376099853,323.157,1281,1091,1224,80.1,0.0,0.0,0.0,0.00
1789376099895,323.199,1281,1091,1224,80.1,0.0,0.0,0.0,0.00
1789376099938,323.242,1281,1091,1224,80.1,0.0,0.0,0.0,0.00
1789376099980,323.284,1281,1091,1224,80.1,0.0,0.0,0.0,0.00
1789376100021,323.325,1281,1091,1224,80.1,0.0,0.0,0.0,0.00
1789376100068,323.372,1281,1091,1224,80.1,0.0,0.0,0.0,0.00
1789376100110,323.414,1281,1091,1224,80.1,0.0,0.0,0.0,0.00
1789376100152,323.456,1281,1091,1224,80.1,0.0,0.0,0.0,0.00
1789376100197,323.501,1281,1091,1224,80.1,0.0,0.0,0.0,0.00
1789376100237,323.541,1281,1091,1224,80.1,0.0,0.0,0.0,0.00
1789376100276,323.580,1281,1091,1224,80.1,0.0,0.0,0.0,0.00
1789376100315,323.619,1281,1091,1224,80.1,0.0,0.0,0.0,0.00
1789376100356,323.660,1281,1091,1224,80.1,0.0,0.0,0.0,0.00
1789376100402,323.706,1281,1091,1224,80.1,0.0,0.0,0.0,0.00
1789376100442,323.746,1281,1091,1224,80.1,0.0,0.0,0.0,0.00
1789376100482,323.786,1281,1091,1224,80.1,0.0,0.0,0.0,0.00
1789376100523,323.827,1281,1091,1224,80.1,0.0,0.0,0.0,0.00
1789376100564,323.868,1281,1091,1224,80.1,0.0,0.0,0.0,0.00
1789376100605,323.909,1281,1091,1224,80.1,0.0,0.0,0.0,0.00
1789376100644,323.948,1281,1091,1224,80.1,0.0,0.0,0.0,0.00
1789376100685,323.989,1281,1091,1224,80.1,0.0,0.0,0.0,0.00
1789376100726,324.030,1281,1091,1224,80.1,0.0,0.0,0.0,0.00
1789376100768,324.072,1281,1091,1224,80.1,0.0,0.0,0.0,0.00
1789376100812,324.116,1281,1091,1224,80.1,0.0,0.0,0.0,0.00
1789376100855,324.159,1281,1091,1224,80.1,0.0,0.0,0.0,0.00
1789376100899,324.203,1281,1091,1224,80.1,0.0,0.0,0.0,0.00
1789376100940,324.244,1281,1091,1224,80.1,0.0,0.0,0.0,0.00
1789376100981,324.285,1281,1091,1224,80.1,0.0,0.0,0.0,0.00
1789376101024,324.328,1281,1091,1224,80.1,0.0,0.0,0.0,0.00
1789376101070,324.374,1281,1091,1224,80.1,0.0,0.0,0.0,0.00
1789376101119,324.423,1281,1091,1224,80.1,0.0,0.0,0.0,0.00
1789376101198,324.502,1281,1091,1224,80.1,0.0,0.0,0.0,0.00
1789376101243,324.547,1281,1091,1224,80.1,0.0,0.0,0.0,0.00
1789376101290,324.594,1281,1091,1224,80.1,0.0,0.0,0.0,0.00
1789376101331,324.635,1281,1091,1224,80.1,0.0,0.0,0.0,0.00
1789376101374,324.678,1281,1091,1224,80.1,0.0,0.0,0.0,0.00
1789376101417,324.721,1281,1091,1224,80.1,0.0,0.0,0.0,0.00
1789376101457,324.761,1281,1091,1224,80.1,0.0,0.0,0.0,0.00
1789376101500,324.804,1281,1091,1224,80.1,0.0,0.0,0.0,0.00
1789376101540,324.844,1281,1091,1224,80.1,0.0,0.0,0.0,0.00
1789376101579,324.883,1281,1091,1224,80.1,0.0,0.0,0.0,0.00
1789376101620,324.924,1281,1091,1224,80.1,0.0,0.0,0.0,0.00
1789376101662,324.966,1281,1091,1224,80.1,0.0,0.0,0.0,0.00
1789376101705,325.009,1281,1091,1224,80.1,0.0,0.0,0.0,0.00
1789376101746,325.050,1281,1091,1224,80.1,0.0,0.0,0.0,0.00
1789376101788,325.092,1281,1091,1224,80.1,0.0,0.0,0.0,0.00
1789376101829,325.133,1281,1091,1224,80.1,0.0,0.0,0.0,0.00
1789376101872,325.176,1281,1091,1224,80.1,0.0,0.0,0.0,0.00
1789376101911,325.215,1281,1091,1224,80.1,0.0,0.0,0.0,0.00
1789376101951,325.255,1281,1091,1224,80.1,0.0,0.0,0.0,0.00
1789376101991,325.295,1281,1091,1224,80.1,0.0,0.0,0.0,0.00
1789376102034,325.338,1281,1091,1224,80.1,0.0,0.0,0.0,0.00
1789376102076,325.380,1281,1091,1224,80.1,0.0,0.0,0.0,0.00
1789376102118,325.422,1281,1091,1224,80.1,0.0,0.0,0.0,0.00
1789376102161,325.465,1281,1091,1224,80.1,0.0,0.0,0.0,0.00
1789376102202,325.506,1281,1091,1224,80.1,0.0,0.0,0.0,0.00
1789376102241,325.545,1281,1091,1224,80.1,0.0,0.0,0.0,0.00
1789376102281,325.585,1281,1091,1224,80.1,0.0,0.0,0.0,0.00
1789376102322,325.626,1281,1091,1224,80.1,0.0,0.0,0.0,0.00
1789376102364,325.668,1281,1091,1224,80.1,0.0,0.0,0.0,0.00
1789376102405,325.709,1281,1091,1224,80.1,0.0,0.0,0.0,0.00
1789376102445,325.749,1281,1091,1224,80.1,0.0,0.0,0.0,0.00
1789376102487,325.791,1281,1091,1224,80.1,0.0,0.0,0.0,0.00
1789376102529,325.833,1281,1091,1224,80.1,0.0,0.0,0.0,0.00
1789376102570,325.874,1281,1091,1224,80.1,0.0,0.0,0.0,0.00
1789376102611,325.915,1281,1091,1224,80.1,0.0,0.0,0.0,0.00
1789376102651,325.955,1281,1091,1224,80.1,0.0,0.0,0.0,0.00
1789376102691,325.995,1281,1091,1224,80.1,0.0,0.0,0.0,0.00
1789376102730,326.034,1281,1091,1224,80.1,0.0,0.0,0.0,0.00
1789376102770,326.074,1281,1091,1224,80.1,0.0,0.0,0.0,0.00
1789376102809,326.113,1281,1091,1224,80.1,0.0,0.0,0.0,0.00
1789376102849,326.153,1281,1091,1224,80.1,0.0,0.0,0.0,0.00
1789376102888,326.192,1281,1091,1224,80.1,0.0,0.0,0.0,0.00
1789376102928,326.232,1281,1091,1224,80.1,0.0,0.0,0.0,0.00
1789376102967,326.271,1281,1091,1224,80.1,0.0,0.0,0.0,0.00
1789376103006,326.310,1281,1091,1224,80.1,0.0,0.0,0.0,0.00
1789376103045,326.349,1281,1091,1224,80.1,0.0,0.0,0.0,0.00
1789376103085,326.389,1281,1091,1224,80.1,0.0,0.0,0.0,0.00
1789376103125,326.429,1281,1091,1224,80.1,0.0,0.0,0.0,0.00
1789376103165,326.469,1281,1091,1224,80.1,0.0,0.0,0.0,0.00
1789376103204,326.508,1281,1091,1224,80.1,0.0,0.0,0.0,0.00
1789376103244,326.548,1281,1091,1224,80.1,0.0,0.0,0.0,0.00
1789376103283,326.587,1281,1091,1224,80.1,0.0,0.0,0.0,0.00
1789376103322,326.626,1281,1091,1224,80.1,0.0,0.0,0.0,0.00
1789376103361,326.665,1281,1091,1224,80.1,0.0,0.0,0.0,0.00
1789376103401,326.705,1281,1091,1224,80.1,0.0,0.0,0.0,0.00
1789376103441,326.745,1281,1091,1224,80.1,0.0,0.0,0.0,0.00
1789376103481,326.785,1281,1091,1224,80.1,0.0,0.0,0.0,0.00
1789376103521,326.825,1281,1091,1224,80.1,0.0,0.0,0.0,0.00
1789376103559,326.863,1281,1091,1224,80.1,0.0,0.0,0.0,0.00
1789376103598,326.902,1281,1091,1224,80.1,0.0,0.0,0.0,0.00
1789376103637,326.941,1281,1091,1224,80.1,0.0,0.0,0.0,0.00
1789376103675,326.979,1281,1091,1224,80.1,0.0,0.0,0.0,0.00
1789376103715,327.019,1281,1091,1224,80.1,0.0,0.0,0.0,0.00
1789376103754,327.058,1281,1091,1224,80.1,0.0,0.0,0.0,0.00
1789376103792,327.096,1281,1091,1224,80.1,0.0,0.0,0.0,0.00
1789376103832,327.136,1281,1091,1224,80.1,0.0,0.0,0.0,0.00
1789376103872,327.176,1281,1091,1224,80.1,0.0,0.0,0.0,0.00
1789376103912,327.216,1281,1091,1224,80.1,0.0,0.0,0.0,0.00
1789376103952,327.256,1281,1091,1224,80.1,0.0,0.0,0.0,0.00
1789376103991,327.295,1281,1091,1224,80.1,0.0,0.0,0.0,0.00
1789376104031,327.335,1281,1091,1224,80.1,0.0,0.0,0.0,0.00
1789376104069,327.373,1281,1091,1224,80.1,0.0,0.0,0.0,0.00
1789376104109,327.413,1281,1091,1224,80.1,0.0,0.0,0.0,0.00
1789376104148,327.452,1281,1091,1224,80.1,0.0,0.0,0.0,0.00
1789376104191,327.495,1281,1091,1224,80.1,0.0,0.0,0.0,0.00
1789376104233,327.537,1281,1091,1224,80.1,0.0,0.0,0.0,0.00
1789376104274,327.578,1281,1091,1224,80.1,0.0,0.0,0.0,0.00
1789376104315,327.619,1281,1091,1224,80.1,0.0,0.0,0.0,0.00
1789376104353,327.657,1281,1091,1224,80.1,0.0,0.0,0.0,0.00
1789376104393,327.697,1281,1091,1224,80.1,0.0,0.0,0.0,0.00
1789376104434,327.738,1281,1091,1224,80.1,0.0,0.0,0.0,0.00
1789376104473,327.777,1281,1091,1224,80.1,0.0,0.0,0.0,0.00
1789376104515,327.819,1281,1091,1224,80.1,0.0,0.0,0.0,0.00
1789376104558,327.862,1281,1091,1224,80.1,0.0,0.0,0.0,0.00
1789376104599,327.903,1281,1091,1224,80.1,0.0,0.0,0.0,0.00
1789376104640,327.944,1281,1091,1224,80.1,0.0,0.0,0.0,0.00
1789376104682,327.986,1281,1091,1224,80.1,0.0,0.0,0.0,0.00
1789376104723,328.027,1281,1091,1224,80.1,0.0,0.0,0.0,0.00
1789376104764,328.068,1281,1091,1224,80.1,0.0,0.0,0.0,0.00
1789376104808,328.112,1281,1091,1224,80.1,0.0,0.0,0.0,0.00
1789376104851,328.155,1281,1091,1224,80.1,0.0,0.0,0.0,0.00
1789376104893,328.197,1281,1091,1224,80.1,0.0,0.0,0.0,0.00
1789376104938,328.242,1281,1091,1224,80.1,0.0,0.0,0.0,0.00
1789376104980,328.284,1281,1091,1224,80.1,0.0,0.0,0.0,0.00
1789376105021,328.325,1281,1091,1224,80.1,0.0,0.0,0.0,0.00
1789376105062,328.366,1281,1091,1224,80.1,0.0,0.0,0.0,0.00
1789376105105,328.409,1281,1091,1224,80.1,0.0,0.0,0.0,0.00
1789376105151,328.455,1281,1091,1224,80.1,0.0,0.0,0.0,0.00
1789376105199,328.503,1281,1091,1224,80.1,0.0,0.0,0.0,0.00
1789376105244,328.548,1281,1091,1224,80.1,0.0,0.0,0.0,0.00
1789376105292,328.596,1281,1091,1224,80.1,0.0,0.0,0.0,0.00
1789376105338,328.642,1281,1091,1224,80.1,0.0,0.0,0.0,0.00
1789376105383,328.687,1281,1091,1224,80.1,0.0,0.0,0.0,0.00
1789376105433,328.737,1281,1091,1224,80.1,0.0,0.0,0.0,0.00
1789376105480,328.784,1281,1091,1224,80.1,0.0,0.0,0.0,0.00
1789376105528,328.832,1281,1091,1224,80.1,0.0,0.0,0.0,0.00
1789376105569,328.873,1281,1091,1224,80.1,0.0,0.0,0.0,0.00
1789376105612,328.916,1281,1091,1224,80.1,0.0,0.0,0.0,0.00
1789376105663,328.967,1281,1091,1224,80.1,0.0,0.0,0.0,0.00
1789376105717,329.021,1281,1091,1224,80.1,0.0,0.0,0.0,0.00
1789376105769,329.073,1281,1091,1224,80.1,0.0,0.0,0.0,0.00
1789376105817,329.121,1281,1091,1224,80.1,0.0,0.0,0.0,0.00
1789376105866,329.170,1281,1091,1224,80.1,0.0,0.0,0.0,0.00
1789376105916,329.220,1281,1091,1224,80.1,0.0,0.0,0.0,0.00
1789376105964,329.268,1281,1091,1224,80.1,0.0,0.0,0.0,0.00
1789376106012,329.316,1281,1091,1224,80.1,0.0,0.0,0.0,0.00
1789376106059,329.363,1281,1091,1224,80.1,0.0,0.0,0.0,0.00
1789376106110,329.414,1281,1091,1224,80.1,0.0,0.0,0.0,0.00
1789376106157,329.461,1281,1091,1224,80.1,0.0,0.0,0.0,0.00
1789376106212,329.516,1281,1091,1224,80.1,0.0,0.0,0.0,0.00
1789376106262,329.566,1281,1091,1224,80.1,0.0,0.0,0.0,0.00
1789376106322,329.626,1281,1091,1224,80.1,0.0,0.0,0.0,0.00
1789376106375,329.679,1281,1091,1224,80.1,0.0,0.0,0.0,0.00
1789376106418,329.722,1281,1091,1224,80.1,0.0,0.0,0.0,0.00
1789376106460,329.764,1281,1091,1224,80.1,0.0,0.0,0.0,0.00
1789376106501,329.805,1281,1091,1224,80.1,0.0,0.0,0.0,0.00
1789376106542,329.846,1281,1091,1224,80.1,0.0,0.0,0.0,0.00
1789376106586,329.890,1281,1091,1224,80.1,0.0,0.0,0.0,0.00
1789376106632,329.936,1281,1091,1224,80.1,0.0,0.0,0.0,0.00
1789376106685,329.989,1281,1091,1224,80.1,0.0,0.0,0.0,0.00
1789376106734,330.038,1281,1091,1224,80.1,0.0,0.0,0.0,0.00
1789376106788,330.092,1281,1091,1224,80.1,0.0,0.0,0.0,0.00
1789376106828,330.132,1281,1091,1224,80.1,0.0,0.0,0.0,0.00
1789376106871,330.175,1281,1091,1224,80.1,0.0,0.0,0.0,0.00
1789376106913,330.217,1281,1091,1224,80.1,0.0,0.0,0.0,0.00
1789376106962,330.266,1281,1091,1224,80.1,0.0,0.0,0.0,0.00
1789376107011,330.315,1281,1091,1224,80.1,0.0,0.0,0.0,0.00
1789376107066,330.370,1281,1091,1224,80.1,0.0,0.0,0.0,0.00
1789376107114,330.418,1281,1091,1224,80.1,0.0,0.0,0.0,0.00
1789376107161,330.465,1281,1091,1224,80.1,0.0,0.0,0.0,0.00
1789376107212,330.516,1281,1091,1224,80.1,0.0,0.0,0.0,0.00
1789376107256,330.560,1281,1091,1224,80.1,0.0,0.0,0.0,0.00
1789376107307,330.611,1281,1091,1224,80.1,0.0,0.0,0.0,0.00
1789376107358,330.662,1281,1091,1224,80.1,0.0,0.0,0.0,0.00
1789376107401,330.705,1281,1091,1224,80.1,0.0,0.0,0.0,0.00
1789376107441,330.745,1281,1091,1224,80.1,0.0,0.0,0.0,0.00
1789376107482,330.786,1281,1091,1224,80.1,0.0,0.0,0.0,0.00
1789376107527,330.831,1281,1091,1224,80.1,0.0,0.0,0.0,0.00
1789376107570,330.874,1281,1091,1224,80.1,0.0,0.0,0.0,0.00
1789376107610,330.914,1281,1091,1224,80.1,0.0,0.0,0.0,0.00
1789376107651,330.955,1281,1091,1224,80.1,0.0,0.0,0.0,0.00
1789376107691,330.995,1281,1091,1224,80.1,0.0,0.0,0.0,0.00
1789376107731,331.035,1281,1091,1224,80.1,0.0,0.0,0.0,0.00
1789376107771,331.075,1281,1091,1224,80.1,0.0,0.0,0.0,0.00
1789376107812,331.116,1281,1091,1224,80.1,0.0,0.0,0.0,0.00
1789376107856,331.160,1281,1091,1224,80.1,0.0,0.0,0.0,0.00
1789376107899,331.203,1281,1091,1224,80.1,0.0,0.0,0.0,0.00
1789376107942,331.246,1281,1091,1224,80.1,0.0,0.0,0.0,0.00
1789376107988,331.292,1281,1091,1224,80.1,0.0,0.0,0.0,0.00
1789376108034,331.338,1281,1091,1224,80.1,0.0,0.0,0.0,0.00
1789376108081,331.385,1281,1091,1224,80.1,0.0,0.0,0.0,0.00
1789376108128,331.432,1281,1091,1224,80.1,0.0,0.0,0.0,0.00
1789376108176,331.480,1281,1091,1224,80.1,0.0,0.0,0.0,0.00
1789376108226,331.530,1281,1091,1224,80.1,0.0,0.0,0.0,0.00
1789376108274,331.578,1281,1091,1224,80.1,0.0,0.0,0.0,0.00
1789376108327,331.631,1281,1091,1224,80.1,0.0,0.0,0.0,0.00
1789376108372,331.676,1281,1091,1224,80.1,0.0,0.0,0.0,0.00
1789376108416,331.720,1281,1091,1224,80.1,0.0,0.0,0.0,0.00
1789376108463,331.767,1281,1091,1224,80.1,0.0,0.0,0.0,0.00
1789376108507,331.811,1281,1091,1224,80.1,0.0,0.0,0.0,0.00
1789376108556,331.860,1281,1091,1224,80.1,0.0,0.0,0.0,0.00
1789376108598,331.902,1281,1091,1224,80.1,0.0,0.0,0.0,0.00
1789376108641,331.945,1281,1091,1224,80.1,0.0,0.0,0.0,0.00
1789376108688,331.992,1281,1091,1224,80.1,0.0,0.0,0.0,0.00
1789376108734,332.038,1281,1091,1224,80.1,0.0,0.0,0.0,0.00
1789376108776,332.080,1281,1091,1224,80.1,0.0,0.0,0.0,0.00
1789376108818,332.122,1281,1091,1224,80.1,0.0,0.0,0.0,0.00
1789376108863,332.167,1281,1091,1224,80.1,0.0,0.0,0.0,0.00
1789376108908,332.212,1281,1091,1224,80.1,0.0,0.0,0.0,0.00
1789376108954,332.258,1281,1091,1224,80.1,0.0,0.0,0.0,0.00
1789376108996,332.300,1281,1091,1224,80.1,0.0,0.0,0.0,0.00
1789376109039,332.343,1281,1091,1224,80.1,0.0,0.0,0.0,0.00
1789376109082,332.386,1281,1091,1224,80.1,0.0,0.0,0.0,0.00
1789376109122,332.426,1281,1091,1224,80.1,0.0,0.0,0.0,0.00
1789376109168,332.472,1281,1091,1224,80.1,0.0,0.0,0.0,0.00
1789376109214,332.518,1281,1091,1224,80.1,0.0,0.0,0.0,0.00
1789376109255,332.559,1281,1091,1224,80.1,0.0,0.0,0.0,0.00
1789376109297,332.601,1281,1091,1224,80.1,0.0,0.0,0.0,0.00
1789376109338,332.642,1281,1091,1224,80.1,0.0,0.0,0.0,0.00
1789376109380,332.684,1281,1091,1224,80.1,0.0,0.0,0.0,0.00
1789376109422,332.726,1281,1091,1224,80.1,0.0,0.0,0.0,0.00
1789376109465,332.769,1281,1091,1224,80.1,0.0,0.0,0.0,0.00
1789376109507,332.811,1281,1091,1224,80.1,0.0,0.0,0.0,0.00
1789376109551,332.855,1281,1091,1224,80.1,0.0,0.0,0.0,0.00
1789376109594,332.898,1281,1091,1224,80.1,0.0,0.0,0.0,0.00
1789376109640,332.944,1281,1091,1224,80.1,0.0,0.0,0.0,0.00
1789376109686,332.990,1281,1091,1224,80.1,0.0,0.0,0.0,0.00
1789376109729,333.033,1281,1091,1224,80.1,0.0,0.0,0.0,0.00
1789376109775,333.079,1281,1091,1224,80.1,0.0,0.0,0.0,0.00
1789376109830,333.134,1281,1091,1224,80.1,0.0,0.0,0.0,0.00
1789376109879,333.183,1281,1091,1224,80.1,0.0,0.0,0.0,0.00
1789376109931,333.235,1281,1091,1224,80.1,0.0,0.0,0.0,0.00
1789376109976,333.280,1281,1091,1224,80.1,0.0,0.0,0.0,0.00
1789376110016,333.320,1281,1091,1224,80.1,0.0,0.0,0.0,0.00
1789376110064,333.368,1281,1091,1224,80.1,0.0,0.0,0.0,0.00
1789376110113,333.417,1281,1091,1224,80.1,0.0,0.0,0.0,0.00
1789376110164,333.468,1281,1091,1224,80.1,0.0,0.0,0.0,0.00
1789376110209,333.513,1281,1091,1224,80.1,0.0,0.0,0.0,0.00
1789376110254,333.558,1281,1091,1224,80.1,0.0,0.0,0.0,0.00
1789376110300,333.604,1281,1091,1224,80.1,0.0,0.0,0.0,0.00
1789376110345,333.649,1281,1091,1224,80.1,0.0,0.0,0.0,0.00
1789376110392,333.696,1281,1091,1224,80.1,0.0,0.0,0.0,0.00
1789376110444,333.748,1281,1091,1224,80.1,0.0,0.0,0.0,0.00
1789376110492,333.796,1281,1091,1224,80.1,0.0,0.0,0.0,0.00
1789376110536,333.840,1281,1091,1224,80.1,0.0,0.0,0.0,0.00
1789376110584,333.888,1281,1091,1224,80.1,0.0,0.0,0.0,0.00
1789376110630,333.934,1281,1091,1224,80.1,0.0,0.0,0.0,0.00
1789376110674,333.978,1281,1091,1224,80.1,0.0,0.0,0.0,0.00
1789376110716,334.020,1281,1091,1224,80.1,0.0,0.0,0.0,0.00
1789376110757,334.061,1281,1091,1224,80.1,0.0,0.0,0.0,0.00
1789376110800,334.104,1281,1091,1224,80.1,0.0,0.0,0.0,0.00
1789376110843,334.147,1281,1091,1224,80.1,0.0,0.0,0.0,0.00
1789376110887,334.191,1281,1091,1224,80.1,0.0,0.0,0.0,0.00
1789376110928,334.232,1281,1091,1224,80.1,0.0,0.0,0.0,0.00
1789376110979,334.283,1281,1091,1224,80.1,0.0,0.0,0.0,0.00
1789376111020,334.324,1281,1091,1224,80.1,0.0,0.0,0.0,0.00
1789376111060,334.364,1281,1091,1224,80.1,0.0,0.0,0.0,0.00
1789376111139,334.443,1281,1091,1224,80.1,0.0,0.0,0.0,0.00
1789376111178,334.482,1281,1091,1224,80.1,0.0,0.0,0.0,0.00
1789376111216,334.520,1281,1091,1224,80.1,0.0,0.0,0.0,0.00
1789376111254,334.558,1281,1091,1224,80.1,0.0,0.0,0.0,0.00
1789376111294,334.598,1281,1091,1224,80.1,0.0,0.0,0.0,0.00
1789376111332,334.636,1281,1091,1224,80.1,0.0,0.0,0.0,0.00
1789376111370,334.674,1281,1091,1224,80.1,0.0,0.0,0.0,0.00
1789376111407,334.711,1281,1091,1224,80.1,0.0,0.0,0.0,0.00
1789376111446,334.750,1281,1091,1224,80.1,0.0,0.0,0.0,0.00
1789376111483,334.787,1281,1091,1224,80.1,0.0,0.0,0.0,0.00
1789376111522,334.826,1281,1091,1224,80.1,0.0,0.0,0.0,0.00
1789376111560,334.864,1281,1091,1224,80.1,0.0,0.0,0.0,0.00
1789376111598,334.902,1281,1091,1224,80.1,0.0,0.0,0.0,0.00
1789376111636,334.940,1281,1091,1224,80.1,0.0,0.0,0.0,0.00
1789376111674,334.978,1281,1091,1224,80.1,0.0,0.0,0.0,0.00
1789376111712,335.016,1281,1091,1224,80.1,0.0,0.0,0.0,0.00
1789376111749,335.053,1281,1091,1224,80.1,0.0,0.0,0.0,0.00
1789376111786,335.090,1281,1091,1224,80.1,0.0,0.0,0.0,0.00
1789376111825,335.129,1281,1091,1224,80.1,0.0,0.0,0.0,0.00
1789376111864,335.168,1281,1091,1224,80.1,0.0,0.0,0.0,0.00
1789376111901,335.205,1281,1091,1224,80.1,0.0,0.0,0.0,0.00
1789376111938,335.242,1281,1091,1224,80.1,0.0,0.0,0.0,0.00
1789376111987,335.291,1281,1091,1224,80.1,0.0,0.0,0.0,0.00
1789376112024,335.328,1281,1091,1224,80.1,0.0,0.0,0.0,0.00
1789376112062,335.366,1281,1091,1224,80.1,0.0,0.0,0.0,0.00
1789376112099,335.403,1281,1091,1224,80.1,0.0,0.0,0.0,0.00
1789376112137,335.441,1281,1091,1224,80.1,0.0,0.0,0.0,0.00
1789376112175,335.479,1281,1091,1224,80.1,0.0,0.0,0.0,0.00
1789376112212,335.516,1281,1091,1224,80.1,0.0,0.0,0.0,0.00
1789376112250,335.554,1281,1091,1224,80.1,0.0,0.0,0.0,0.00
1789376112288,335.592,1281,1091,1224,80.1,0.0,0.0,0.0,0.00
1789376112325,335.629,1281,1091,1224,80.1,0.0,0.0,0.0,0.00
1789376112363,335.667,1281,1091,1224,80.1,0.0,0.0,0.0,0.00
1789376112405,335.709,1281,1091,1224,80.1,0.0,0.0,0.0,0.00
1789376112442,335.746,1281,1091,1224,80.1,0.0,0.0,0.0,0.00
1789376112479,335.783,1281,1091,1224,80.1,0.0,0.0,0.0,0.00
1789376112518,335.822,1281,1091,1224,80.1,0.0,0.0,0.0,0.00
1789376112557,335.861,1281,1091,1224,80.1,0.0,0.0,0.0,0.00
1789376112595,335.899,1281,1091,1224,80.1,0.0,0.0,0.0,0.00
1789376112632,335.936,1281,1091,1224,80.1,0.0,0.0,0.0,0.00
1789376112671,335.975,1281,1091,1224,80.1,0.0,0.0,0.0,0.00
1789376112709,336.013,1281,1091,1224,80.1,0.0,0.0,0.0,0.00
1789376112747,336.051,1281,1091,1224,80.1,0.0,0.0,0.0,0.00
1789376112785,336.089,1281,1091,1224,80.1,0.0,0.0,0.0,0.00
1789376112822,336.126,1281,1091,1224,80.1,0.0,0.0,0.0,0.00
1789376112862,336.166,1281,1091,1224,80.1,0.0,0.0,0.0,0.00
1789376112908,336.212,1281,1091,1224,80.1,0.0,0.0,0.0,0.00
1789376112949,336.253,1281,1091,1224,80.1,0.0,0.0,0.0,0.00
1789376112989,336.293,1281,1091,1224,80.1,0.0,0.0,0.0,0.00
1789376113030,336.334,1281,1091,1224,80.1,0.0,0.0,0.0,0.00
1789376113071,336.375,1281,1091,1224,80.1,0.0,0.0,0.0,0.00
1789376113111,336.415,1281,1091,1224,80.1,0.0,0.0,0.0,0.00
1789376113152,336.456,1281,1091,1224,80.1,0.0,0.0,0.0,0.00
1789376113193,336.497,1281,1091,1224,80.1,0.0,0.0,0.0,0.00
1789376113233,336.537,1281,1091,1224,80.1,0.0,0.0,0.0,0.00
1789376113274,336.578,1281,1091,1224,80.1,0.0,0.0,0.0,0.00
1789376113314,336.618,1281,1091,1224,80.1,0.0,0.0,0.0,0.00
1789376113355,336.659,1281,1091,1224,80.1,0.0,0.0,0.0,0.00
1789376113395,336.699,1281,1091,1224,80.1,0.0,0.0,0.0,0.00
1789376113437,336.741,1281,1091,1224,80.1,0.0,0.0,0.0,0.00
1789376113478,336.782,1281,1091,1224,80.1,0.0,0.0,0.0,0.00
1789376113519,336.823,1281,1091,1224,80.1,0.0,0.0,0.0,0.00
1789376113558,336.862,1281,1091,1224,80.1,0.0,0.0,0.0,0.00
1789376113598,336.902,1281,1091,1224,80.1,0.0,0.0,0.0,0.00
1789376113638,336.942,1281,1091,1224,80.1,0.0,0.0,0.0,0.00
1789376113678,336.982,1281,1091,1224,80.1,0.0,0.0,0.0,0.00
1789376113719,337.023,1281,1091,1224,80.1,0.0,0.0,0.0,0.00
1789376113760,337.064,1281,1091,1224,80.1,0.0,0.0,0.0,0.00
1789376113801,337.105,1281,1091,1224,80.1,0.0,0.0,0.0,0.00
1789376113841,337.145,1281,1091,1224,80.1,0.0,0.0,0.0,0.00
1789376113882,337.186,1281,1091,1224,80.1,0.0,0.0,0.0,0.00
1789376113922,337.226,1281,1091,1224,80.1,0.0,0.0,0.0,0.00
1789376113963,337.267,1281,1091,1224,80.1,0.0,0.0,0.0,0.00
1789376114004,337.308,1281,1091,1224,80.1,0.0,0.0,0.0,0.00
1789376114045,337.349,1281,1091,1224,80.1,0.0,0.0,0.0,0.00
1789376114086,337.390,1281,1091,1224,80.1,0.0,0.0,0.0,0.00
1789376114128,337.432,1281,1091,1224,80.1,0.0,0.0,0.0,0.00
1789376114170,337.474,1281,1091,1224,80.1,0.0,0.0,0.0,0.00
1789376114214,337.518,1281,1091,1224,80.1,0.0,0.0,0.0,0.00
1789376114259,337.563,1281,1091,1224,80.1,0.0,0.0,0.0,0.00
1789376114306,337.610,1281,1091,1224,80.1,0.0,0.0,0.0,0.00
1789376114349,337.653,1281,1091,1224,80.1,0.0,0.0,0.0,0.00
1789376114391,337.695,1281,1091,1224,80.1,0.0,0.0,0.0,0.00
1789376114431,337.735,1281,1091,1224,80.1,0.0,0.0,0.0,0.00
1789376114473,337.777,1281,1091,1224,80.1,0.0,0.0,0.0,0.00
1789376114513,337.817,1281,1091,1224,80.1,0.0,0.0,0.0,0.00
1789376114553,337.857,1281,1091,1224,80.1,0.0,0.0,0.0,0.00
1789376114594,337.898,1281,1091,1224,80.1,0.0,0.0,0.0,0.00
1789376114633,337.937,1281,1091,1224,80.1,0.0,0.0,0.0,0.00
1789376114674,337.978,1281,1091,1224,80.1,0.0,0.0,0.0,0.00
1789376114715,338.019,1281,1091,1224,80.1,0.0,0.0,0.0,0.00
1789376114755,338.059,1281,1091,1224,80.1,0.0,0.0,0.0,0.00
1789376114795,338.099,1281,1091,1224,80.1,0.0,0.0,0.0,0.00
1789376114836,338.140,1281,1091,1224,80.1,0.0,0.0,0.0,0.00
1789376114877,338.181,1281,1091,1224,80.1,0.0,0.0,0.0,0.00
1789376114918,338.222,1281,1091,1224,80.1,0.0,0.0,0.0,0.00
1789376114959,338.263,1281,1091,1224,80.1,0.0,0.0,0.0,0.00
1789376115002,338.306,1281,1091,1224,80.1,0.0,0.0,0.0,0.00
1789376115045,338.349,1281,1091,1224,80.1,0.0,0.0,0.0,0.00
1789376115088,338.392,1281,1091,1224,80.1,0.0,0.0,0.0,0.00
1789376115131,338.435,1281,1091,1224,80.1,0.0,0.0,0.0,0.00
1789376115175,338.479,1281,1091,1224,80.1,0.0,0.0,0.0,0.00
1789376115224,338.528,1281,1091,1224,80.1,0.0,0.0,0.0,0.00
1789376115274,338.578,1281,1091,1224,80.1,0.0,0.0,0.0,0.00
1789376115318,338.622,1281,1091,1224,80.1,0.0,0.0,0.0,0.00
1789376115361,338.665,1281,1091,1224,80.1,0.0,0.0,0.0,0.00
1789376115407,338.711,1281,1091,1224,80.1,0.0,0.0,0.0,0.00
1789376115456,338.760,1281,1091,1224,80.1,0.0,0.0,0.0,0.00
1789376115501,338.805,1281,1091,1224,80.1,0.0,0.0,0.0,0.00
1789376115552,338.856,1281,1091,1224,80.1,0.0,0.0,0.0,0.00
1789376115605,338.909,1281,1091,1224,80.1,0.0,0.0,0.0,0.00
1789376115658,338.962,1281,1091,1224,80.1,0.0,0.0,0.0,0.00
1789376115721,339.025,1281,1091,1224,80.1,0.0,0.0,0.0,0.00
1789376115777,339.081,1281,1091,1224,80.1,0.0,0.0,0.0,0.00
1789376115832,339.136,1281,1091,1224,80.1,0.0,0.0,0.0,0.00
1789376115884,339.188,1281,1091,1224,80.1,0.0,0.0,0.0,0.00
1789376115938,339.242,1281,1091,1224,80.1,0.0,0.0,0.0,0.00
1789376115995,339.299,1281,1091,1224,80.1,0.0,0.0,0.0,0.00
1789376116042,339.346,1281,1091,1224,80.1,0.0,0.0,0.0,0.00
1789376116087,339.391,1281,1091,1224,80.1,0.0,0.0,0.0,0.00
1789376116130,339.434,1281,1091,1224,80.1,0.0,0.0,0.0,0.00
1789376116171,339.475,1281,1091,1224,80.1,0.0,0.0,0.0,0.00
1789376116212,339.516,1281,1091,1224,80.1,0.0,0.0,0.0,0.00
1789376116254,339.558,1281,1091,1224,80.1,0.0,0.0,0.0,0.00
1789376116297,339.601,1281,1091,1224,80.1,0.0,0.0,0.0,0.00
1789376116340,339.644,1281,1091,1224,80.1,0.0,0.0,0.0,0.00
1789376116387,339.691,1281,1091,1224,80.1,0.0,0.0,0.0,0.00
1789376116434,339.738,1281,1091,1224,80.1,0.0,0.0,0.0,0.00
1789376116482,339.786,1281,1091,1224,80.1,0.0,0.0,0.0,0.00
1789376116535,339.839,1281,1091,1224,80.1,0.0,0.0,0.0,0.00
1789376116588,339.892,1281,1091,1224,80.1,0.0,0.0,0.0,0.00
1789376116641,339.945,1281,1091,1224,80.1,0.0,0.0,0.0,0.00
1789376116694,339.998,1281,1091,1224,80.1,0.0,0.0,0.0,0.00
1789376116747,340.051,1281,1091,1224,80.1,0.0,0.0,0.0,0.00
1789376116804,340.108,1281,1091,1224,80.1,0.0,0.0,0.0,0.00
1789376116850,340.154,1281,1091,1224,80.1,0.0,0.0,0.0,0.00
1789376116894,340.198,1281,1091,1224,80.1,0.0,0.0,0.0,0.00
1789376116947,340.251,1281,1091,1224,80.1,0.0,0.0,0.0,0.00
1789376116996,340.300,1281,1091,1224,80.1,0.0,0.0,0.0,0.00
1789376117047,340.351,1281,1091,1224,80.1,0.0,0.0,0.0,0.00
1789376117101,340.405,1281,1091,1224,80.1,0.0,0.0,0.0,0.00
1789376117148,340.452,1281,1091,1224,80.1,0.0,0.0,0.0,0.00
1789376117194,340.498,1281,1091,1224,80.1,0.0,0.0,0.0,0.00
1789376117235,340.539,1281,1091,1224,80.1,0.0,0.0,0.0,0.00
1789376117279,340.583,1281,1091,1224,80.1,0.0,0.0,0.0,0.00
1789376117327,340.631,1281,1091,1224,80.1,0.0,0.0,0.0,0.00
1789376117373,340.677,1281,1091,1224,80.1,0.0,0.0,0.0,0.00
1789376117416,340.720,1281,1091,1224,80.1,0.0,0.0,0.0,0.00
1789376117459,340.763,1281,1091,1224,80.1,0.0,0.0,0.0,0.00
1789376117500,340.804,1281,1091,1224,80.1,0.0,0.0,0.0,0.00
1789376117544,340.848,1281,1091,1224,80.1,0.0,0.0,0.0,0.00
1789376117587,340.891,1281,1091,1224,80.1,0.0,0.0,0.0,0.00
1789376117634,340.938,1281,1091,1224,80.1,0.0,0.0,0.0,0.00
1789376117689,340.993,1281,1091,1224,80.1,0.0,0.0,0.0,0.00
1789376117732,341.036,1281,1091,1224,80.1,0.0,0.0,0.0,0.00
1789376117775,341.079,1281,1091,1224,80.1,0.0,0.0,0.0,0.00
1789376117819,341.123,1281,1091,1224,80.1,0.0,0.0,0.0,0.00
1789376117864,341.168,1281,1091,1224,80.1,0.0,0.0,0.0,0.00
1789376117914,341.218,1281,1091,1224,80.1,0.0,0.0,0.0,0.00
1789376117958,341.262,1281,1091,1224,80.1,0.0,0.0,0.0,0.00
1789376118003,341.307,1281,1091,1224,80.1,0.0,0.0,0.0,0.00
1789376118047,341.351,1281,1091,1224,80.1,0.0,0.0,0.0,0.00
1789376118090,341.394,1281,1091,1224,80.1,0.0,0.0,0.0,0.00
1789376118132,341.436,1281,1091,1224,80.1,0.0,0.0,0.0,0.00
1789376118174,341.478,1281,1091,1224,80.1,0.0,0.0,0.0,0.00
1789376118216,341.520,1281,1091,1224,80.1,0.0,0.0,0.0,0.00
1789376118260,341.564,1281,1091,1224,80.1,0.0,0.0,0.0,0.00
1789376118300,341.604,1281,1091,1224,80.1,0.0,0.0,0.0,0.00
1789376118343,341.647,1281,1091,1224,80.1,0.0,0.0,0.0,0.00
1789376118385,341.689,1281,1091,1224,80.1,0.0,0.0,0.0,0.00
1789376118426,341.730,1281,1091,1224,80.1,0.0,0.0,0.0,0.00
1789376118473,341.777,1281,1091,1224,80.1,0.0,0.0,0.0,0.00
1789376118514,341.818,1281,1091,1224,80.1,0.0,0.0,0.0,0.00
1789376118553,341.857,1281,1091,1224,80.1,0.0,0.0,0.0,0.00
1789376118594,341.898,1281,1091,1224,80.1,0.0,0.0,0.0,0.00
1789376118633,341.937,1281,1091,1224,80.1,0.0,0.0,0.0,0.00
1789376118673,341.977,1281,1091,1224,80.1,0.0,0.0,0.0,0.00
1789376118714,342.018,1281,1091,1224,80.1,0.0,0.0,0.0,0.00
1789376118756,342.060,1281,1091,1224,80.1,0.0,0.0,0.0,0.00
1789376118797,342.101,1281,1091,1224,80.1,0.0,0.0,0.0,0.00
1789376118837,342.141,1281,1091,1224,80.1,0.0,0.0,0.0,0.00
1789376118878,342.182,1281,1091,1224,80.1,0.0,0.0,0.0,0.00
1789376118918,342.222,1281,1091,1224,80.1,0.0,0.0,0.0,0.00
1789376118957,342.261,1281,1091,1224,80.1,0.0,0.0,0.0,0.00
1789376118998,342.302,1281,1091,1224,80.1,0.0,0.0,0.0,0.00
1789376119041,342.345,1281,1091,1224,80.1,0.0,0.0,0.0,0.00
1789376119084,342.388,1281,1091,1224,80.1,0.0,0.0,0.0,0.00
1789376119125,342.429,1281,1091,1224,80.1,0.0,0.0,0.0,0.00
1789376119165,342.469,1281,1091,1224,80.1,0.0,0.0,0.0,0.00
1789376119207,342.511,1281,1091,1224,80.1,0.0,0.0,0.0,0.00
1789376119251,342.555,1281,1091,1224,80.1,0.0,0.0,0.0,0.00
1789376119298,342.602,1281,1091,1224,80.1,0.0,0.0,0.0,0.00
1789376119342,342.646,1281,1091,1224,80.1,0.0,0.0,0.0,0.00
1789376119383,342.687,1281,1091,1224,80.1,0.0,0.0,0.0,0.00
1789376119426,342.730,1281,1091,1224,80.1,0.0,0.0,0.0,0.00
1789376119468,342.772,1281,1091,1224,80.1,0.0,0.0,0.0,0.00
1789376119510,342.814,1281,1091,1224,80.1,0.0,0.0,0.0,0.00
1789376119553,342.857,1281,1091,1224,80.1,0.0,0.0,0.0,0.00
1789376119599,342.903,1281,1091,1224,80.1,0.0,0.0,0.0,0.00
1789376119645,342.949,1281,1091,1224,80.1,0.0,0.0,0.0,0.00
1789376119690,342.994,1281,1091,1224,80.1,0.0,0.0,0.0,0.00
1789376119737,343.041,1281,1091,1224,80.1,0.0,0.0,0.0,0.00
1789376119782,343.086,1281,1091,1224,80.1,0.0,0.0,0.0,0.00
1789376119824,343.128,1281,1091,1224,80.1,0.0,0.0,0.0,0.00
1789376119870,343.174,1281,1091,1224,80.1,0.0,0.0,0.0,0.00
1789376119914,343.218,1281,1091,1224,80.1,0.0,0.0,0.0,0.00
1789376119960,343.264,1281,1091,1224,80.1,0.0,0.0,0.0,0.00
1789376120003,343.307,1281,1091,1224,80.1,0.0,0.0,0.0,0.00
1789376120047,343.351,1281,1091,1224,80.1,0.0,0.0,0.0,0.00
1789376120091,343.395,1281,1091,1224,80.1,0.0,0.0,0.0,0.00
1789376120138,343.442,1281,1091,1224,80.1,0.0,0.0,0.0,0.00
1789376120192,343.496,1281,1091,1224,80.1,0.0,0.0,0.0,0.00
1789376120238,343.542,1281,1091,1224,80.1,0.0,0.0,0.0,0.00
1789376120287,343.591,1281,1091,1224,80.1,0.0,0.0,0.0,0.00
1789376120334,343.638,1281,1091,1224,80.1,0.0,0.0,0.0,0.00
1789376120381,343.685,1281,1091,1224,80.1,0.0,0.0,0.0,0.00
1789376120427,343.731,1281,1091,1224,80.1,0.0,0.0,0.0,0.00
1789376120471,343.775,1281,1091,1224,80.1,0.0,0.0,0.0,0.00
1789376120513,343.817,1281,1091,1224,80.1,0.0,0.0,0.0,0.00
1789376120555,343.859,1281,1091,1224,80.1,0.0,0.0,0.0,0.00
1789376120598,343.902,1281,1091,1224,80.1,0.0,0.0,0.0,0.00
1789376120641,343.945,1281,1091,1224,80.1,0.0,0.0,0.0,0.00
1789376120687,343.991,1281,1091,1224,80.1,0.0,0.0,0.0,0.00
1789376120732,344.036,1281,1091,1224,80.1,0.0,0.0,0.0,0.00
1789376120779,344.083,1281,1091,1224,80.1,0.0,0.0,0.0,0.00
1789376120826,344.130,1281,1091,1224,80.1,0.0,0.0,0.0,0.00
1789376120871,344.175,1281,1091,1224,80.1,0.0,0.0,0.0,0.00
1789376120919,344.223,1281,1091,1224,80.1,0.0,0.0,0.0,0.00
1789376120969,344.273,1281,1091,1224,80.1,0.0,0.0,0.0,0.00
1789376121014,344.318,1281,1091,1224,80.1,0.0,0.0,0.0,0.00
1789376121058,344.362,1281,1091,1224,80.1,0.0,0.0,0.0,0.00
1789376121105,344.409,1281,1091,1224,80.1,0.0,0.0,0.0,0.00
1789376121150,344.454,1281,1091,1224,80.1,0.0,0.0,0.0,0.00
1789376121197,344.501,1281,1091,1224,80.1,0.0,0.0,0.0,0.00
1789376121245,344.549,1281,1091,1224,80.1,0.0,0.0,0.0,0.00
1789376121291,344.595,1281,1091,1224,80.1,0.0,0.0,0.0,0.00
1789376121336,344.640,1281,1091,1224,80.1,0.0,0.0,0.0,0.00
1789376121382,344.686,1281,1091,1224,80.1,0.0,0.0,0.0,0.00
1789376121430,344.734,1281,1091,1224,80.1,0.0,0.0,0.0,0.00
1789376121478,344.782,1281,1091,1224,80.1,0.0,0.0,0.0,0.00
1789376121524,344.828,1281,1091,1224,80.1,0.0,0.0,0.0,0.00
1789376121566,344.870,1281,1091,1224,80.1,0.0,0.0,0.0,0.00
1789376121610,344.914,1281,1091,1224,80.1,0.0,0.0,0.0,0.00
1789376121655,344.959,1281,1091,1224,80.1,0.0,0.0,0.0,0.00
1789376121701,345.005,1281,1091,1224,80.1,0.0,0.0,0.0,0.00
1789376121746,345.050,1281,1091,1224,80.1,0.0,0.0,0.0,0.00
1789376121793,345.097,1281,1091,1224,80.1,0.0,0.0,0.0,0.00
1789376121840,345.144,1281,1091,1224,80.1,0.0,0.0,0.0,0.00
1789376121886,345.190,1281,1091,1224,80.1,0.0,0.0,0.0,0.00
1789376121931,345.235,1281,1091,1224,80.1,0.0,0.0,0.0,0.00
1789376121976,345.280,1281,1091,1224,80.1,0.0,0.0,0.0,0.00
1789376122024,345.328,1281,1091,1224,80.1,0.0,0.0,0.0,0.00
1789376122073,345.377,1281,1091,1224,80.1,0.0,0.0,0.0,0.00
1789376122119,345.423,1281,1091,1224,80.1,0.0,0.0,0.0,0.00
1789376122161,345.465,1281,1091,1224,80.1,0.0,0.0,0.0,0.00
1789376122215,345.519,1281,1091,1224,80.1,0.0,0.0,0.0,0.00
1789376122258,345.562,1281,1091,1224,80.1,0.0,0.0,0.0,0.00
1789376122301,345.605,1281,1091,1224,80.1,0.0,0.0,0.0,0.00
1789376122349,345.653,1281,1091,1224,80.1,0.0,0.0,0.0,0.00
1789376122394,345.698,1281,1091,1224,80.1,0.0,0.0,0.0,0.00
1789376122441,345.745,1281,1091,1224,80.1,0.0,0.0,0.0,0.00
1789376122489,345.793,1281,1091,1224,80.1,0.0,0.0,0.0,0.00
1789376122534,345.838,1281,1091,1224,80.1,0.0,0.0,0.0,0.00
1789376122580,345.884,1281,1091,1224,80.1,0.0,0.0,0.0,0.00
1789376122623,345.927,1281,1091,1224,80.1,0.0,0.0,0.0,0.00
1789376122666,345.970,1281,1091,1224,80.1,0.0,0.0,0.0,0.00
1789376122710,346.014,1281,1091,1224,80.1,0.0,0.0,0.0,0.00
1789376122754,346.058,1281,1091,1224,80.1,0.0,0.0,0.0,0.00
1789376122796,346.100,1281,1091,1224,80.1,0.0,0.0,0.0,0.00
1789376122839,346.143,1281,1091,1224,80.1,0.0,0.0,0.0,0.00
